{
  message: 'User logged in: user-1774293027757-yho510@example.com',
  level: 'info',
  service: 'sync-not-net-api',
  timestamp: '2026-03-24 00:40:27'
}
{
  message: '::ffff:127.0.0.1 - - [23/Mar/2026:19:10:27 +0000] "POST /api/users/login HTTP/1.1" 200 445 "-" "-"',
  level: 'info',
  service: 'sync-not-net-api',
  timestamp: '2026-03-24 00:40:27'
}
{
  message: 'User logged in: user-1774293028004-muzc81@example.com',
  level: 'info',
  service: 'sync-not-net-api',
  timestamp: '2026-03-24 00:40:28'
}
{
  message: '::ffff:127.0.0.1 - - [23/Mar/2026:19:10:28 +0000] "POST /api/users/login HTTP/1.1" 200 445 "-" "-"',
  level: 'info',
  service: 'sync-not-net-api',
  timestamp: '2026-03-24 00:40:28'
}
{
  message: 'User logged in: user-1774293028248-1gc76f@example.com',
  level: 'info',
  service: 'sync-not-net-api',
  timestamp: '2026-03-24 00:40:28'
}
{
  message: '::ffff:127.0.0.1 - - [23/Mar/2026:19:10:28 +0000] "POST /api/users/login HTTP/1.1" 200 445 "-" "-"',
  level: 'info',
  service: 'sync-not-net-api',
  timestamp: '2026-03-24 00:40:28'
}
{
  message: '::ffff:127.0.0.1 - - [23/Mar/2026:19:10:28 +0000] "DELETE /api/notebooks/69c1902419a9b233e0b294f4/collaborators/69c1902419a9b233e0b294f1 HTTP/1.1" 403 80 "-" "-"',
  level: 'info',
  service: 'sync-not-net-api',
  timestamp: '2026-03-24 00:40:28'
}
{
  message: 'User logged in: user-1774293028554-7d5a7y@example.com',
  level: 'info',
  service: 'sync-not-net-api',
  timestamp: '2026-03-24 00:40:28'
}
{
  message: '::ffff:127.0.0.1 - - [23/Mar/2026:19:10:28 +0000] "POST /api/users/login HTTP/1.1" 200 445 "-" "-"',
  level: 'info',
  service: 'sync-not-net-api',
  timestamp: '2026-03-24 00:40:28'
}
{
  message: 'User logged in: user-1774293028796-gz1hs7@example.com',
  level: 'info',
  service: 'sync-not-net-api',
  timestamp: '2026-03-24 00:40:29'
}
{
  message: '::ffff:127.0.0.1 - - [23/Mar/2026:19:10:29 +0000] "POST /api/users/login HTTP/1.1" 200 445 "-" "-"',
  level: 'info',
  service: 'sync-not-net-api',
  timestamp: '2026-03-24 00:40:29'
}
{
  message: '::ffff:127.0.0.1 - - [23/Mar/2026:19:10:29 +0000] "DELETE /api/notebooks/69c1902519a9b233e0b29504/collaborators/69c1902419a9b233e0b29501 HTTP/1.1" 200 47 "-" "-"',
  level: 'info',
  service: 'sync-not-net-api',
  timestamp: '2026-03-24 00:40:29'
}
{
  message: 'User logged in: user-1774293029106-wdxonv@example.com',
  level: 'info',
  service: 'sync-not-net-api',
  timestamp: '2026-03-24 00:40:29'
}
{
  message: '::ffff:127.0.0.1 - - [23/Mar/2026:19:10:29 +0000] "POST /api/users/login HTTP/1.1" 200 445 "-" "-"',
  level: 'info',
  service: 'sync-not-net-api',
  timestamp: '2026-03-24 00:40:29'
}
{
  message: 'User logged in: user-1774293029352-rxv563@example.com',
  level: 'info',
  service: 'sync-not-net-api',
  timestamp: '2026-03-24 00:40:29'
}
{
  message: '::ffff:127.0.0.1 - - [23/Mar/2026:19:10:29 +0000] "POST /api/users/login HTTP/1.1" 200 445 "-" "-"',
  level: 'info',
  service: 'sync-not-net-api',
  timestamp: '2026-03-24 00:40:29'
}
{
  message: '::ffff:127.0.0.1 - - [23/Mar/2026:19:10:29 +0000] "DELETE /api/notebooks/69c1902519a9b233e0b29513/collaborators/69c1902519a9b233e0b29510 HTTP/1.1" 200 47 "-" "-"',
  level: 'info',
  service: 'sync-not-net-api',
  timestamp: '2026-03-24 00:40:29'
}
{
  message: 'User logged in: user-1774293029666-0c87w7@example.com',
  level: 'info',
  service: 'sync-not-net-api',
  timestamp: '2026-03-24 00:40:29'
}
{
  message: '::ffff:127.0.0.1 - - [23/Mar/2026:19:10:29 +0000] "POST /api/users/login HTTP/1.1" 200 445 "-" "-"',
  level: 'info',
  service: 'sync-not-net-api',
  timestamp: '2026-03-24 00:40:29'
}
{
  service: 'sync-not-net-api',
  stringValue: '"invalid-id"',
  messageFormat: undefined,
  kind: 'ObjectId',
  value: 'invalid-id',
  path: '_id',
  reason: BSONError: input must be a 24 character hex string, 12 byte Uint8Array, or an integer
      at new ObjectId (D:\Github_Repos\Sync-Not-Net\api\node_modules\bson\src\objectid.ts:120:15)
      at castObjectId (D:\Github_Repos\Sync-Not-Net\api\node_modules\mongoose\lib\cast\objectid.js:25:12)
      at SchemaObjectId.cast (D:\Github_Repos\Sync-Not-Net\api\node_modules\mongoose\lib\schema\objectId.js:249:12)
      at SchemaObjectId.SchemaType.applySetters (D:\Github_Repos\Sync-Not-Net\api\node_modules\mongoose\lib\schemaType.js:1255:12)
      at SchemaObjectId.SchemaType.castForQuery (D:\Github_Repos\Sync-Not-Net\api\node_modules\mongoose\lib\schemaType.js:1673:17)
      at cast (D:\Github_Repos\Sync-Not-Net\api\node_modules\mongoose\lib\cast.js:390:32)
      at model.Query.Query.cast (D:\Github_Repos\Sync-Not-Net\api\node_modules\mongoose\lib\query.js:5055:12)
      at model.Query.Query._castConditions (D:\Github_Repos\Sync-Not-Net\api\node_modules\mongoose\lib\query.js:2351:10)
      at model.Query._findOne (D:\Github_Repos\Sync-Not-Net\api\node_modules\mongoose\lib\query.js:2674:8)
      at model.Query.exec (D:\Github_Repos\Sync-Not-Net\api\node_modules\mongoose\lib\query.js:4604:80)
      at processTicksAndRejections (node:internal/process/task_queues:105:5)
      at D:\Github_Repos\Sync-Not-Net\api\routes\notebookRoutes.js:2113:22,
  valueType: 'string',
  level: 'error',
  message: 'Error fetching notebook collaborators: Cast to ObjectId failed for value "invalid-id" (type string) at path "_id" for model "Notebook"',
  stack: 'CastError: Cast to ObjectId failed for value "invalid-id" (type string) at path "_id" for model "Notebook"\n' +
    '    at SchemaObjectId.cast (D:\\Github_Repos\\Sync-Not-Net\\api\\node_modules\\mongoose\\lib\\schema\\objectId.js:251:11)\n' +
    '    at SchemaObjectId.SchemaType.applySetters (D:\\Github_Repos\\Sync-Not-Net\\api\\node_modules\\mongoose\\lib\\schemaType.js:1255:12)\n' +
    '    at SchemaObjectId.SchemaType.castForQuery (D:\\Github_Repos\\Sync-Not-Net\\api\\node_modules\\mongoose\\lib\\schemaType.js:1673:17)\n' +
    '    at cast (D:\\Github_Repos\\Sync-Not-Net\\api\\node_modules\\mongoose\\lib\\cast.js:390:32)\n' +
    '    at model.Query.Query.cast (D:\\Github_Repos\\Sync-Not-Net\\api\\node_modules\\mongoose\\lib\\query.js:5055:12)\n' +
    '    at model.Query.Query._castConditions (D:\\Github_Repos\\Sync-Not-Net\\api\\node_modules\\mongoose\\lib\\query.js:2351:10)\n' +
    '    at model.Query._findOne (D:\\Github_Repos\\Sync-Not-Net\\api\\node_modules\\mongoose\\lib\\query.js:2674:8)\n' +
    '    at model.Query.exec (D:\\Github_Repos\\Sync-Not-Net\\api\\node_modules\\mongoose\\lib\\query.js:4604:80)\n' +
    '    at processTicksAndRejections (node:internal/process/task_queues:105:5)\n' +
    '    at D:\\Github_Repos\\Sync-Not-Net\\api\\routes\\notebookRoutes.js:2113:22',
  timestamp: '2026-03-24 00:40:29'
}
{
  message: '::ffff:127.0.0.1 - - [23/Mar/2026:19:10:30 +0000] "GET /api/notebooks/invalid-id/collaborators HTTP/1.1" 500 85 "-" "-"',
  level: 'info',
  service: 'sync-not-net-api',
  timestamp: '2026-03-24 00:40:30'
}
{
  message: 'User logged in: user-1774293030035-dcuumo@example.com',
  level: 'info',
  service: 'sync-not-net-api',
  timestamp: '2026-03-24 00:40:30'
}
{
  message: '::ffff:127.0.0.1 - - [23/Mar/2026:19:10:30 +0000] "POST /api/users/login HTTP/1.1" 200 445 "-" "-"',
  level: 'info',
  service: 'sync-not-net-api',
  timestamp: '2026-03-24 00:40:30'
}
{
  message: 'User logged in: user-1774293030278-zaujjf@example.com',
  level: 'info',
  service: 'sync-not-net-api',
  timestamp: '2026-03-24 00:40:30'
}
{
  message: '::ffff:127.0.0.1 - - [23/Mar/2026:19:10:30 +0000] "POST /api/users/login HTTP/1.1" 200 445 "-" "-"',
  level: 'info',
  service: 'sync-not-net-api',
  timestamp: '2026-03-24 00:40:30'
}
{
  message: '::ffff:127.0.0.1 - - [23/Mar/2026:19:10:30 +0000] "PUT /api/notebooks/69c1902619a9b233e0b29526/collaborators/69c1902619a9b233e0b29523 HTTP/1.1" 200 191 "-" "-"',
  level: 'info',
  service: 'sync-not-net-api',
  timestamp: '2026-03-24 00:40:30'
}
{
  message: '::ffff:127.0.0.1 - - [23/Mar/2026:19:10:30 +0000] "PUT /api/notebooks/69c1902619a9b233e0b29526/collaborators/69c1902619a9b233e0b29523 HTTP/1.1" 200 191 "-" "-"',
  level: 'info',
  service: 'sync-not-net-api',
  timestamp: '2026-03-24 00:40:30'
}
{
  message: '::ffff:127.0.0.1 - - [23/Mar/2026:19:10:30 +0000] "PUT /api/notebooks/69c1902619a9b233e0b29526/collaborators/69c1902619a9b233e0b29523 HTTP/1.1" 200 190 "-" "-"',
  level: 'info',
  service: 'sync-not-net-api',
  timestamp: '2026-03-24 00:40:30'
}
{
  message: 'User logged in: user-1774293030702-ti51j2@example.com',
  level: 'info',
  service: 'sync-not-net-api',
  timestamp: '2026-03-24 00:40:30'
}
{
  message: '::ffff:127.0.0.1 - - [23/Mar/2026:19:10:30 +0000] "POST /api/users/login HTTP/1.1" 200 445 "-" "-"',
  level: 'info',
  service: 'sync-not-net-api',
  timestamp: '2026-03-24 00:40:30'
}
{
  message: 'User logged in: user-1774293030950-2ijc6h@example.com',
  level: 'info',
  service: 'sync-not-net-api',
  timestamp: '2026-03-24 00:40:31'
}
{
  message: '::ffff:127.0.0.1 - - [23/Mar/2026:19:10:31 +0000] "POST /api/users/login HTTP/1.1" 200 445 "-" "-"',
  level: 'info',
  service: 'sync-not-net-api',
  timestamp: '2026-03-24 00:40:31'
}
{
  message: 'Collaborators updated for notebook 69c1902719a9b233e0b29542, count: 1',
  level: 'info',
  service: 'sync-not-net-api',
  timestamp: '2026-03-24 00:40:31'
}
{
  message: '::ffff:127.0.0.1 - - [23/Mar/2026:19:10:31 +0000] "PUT /api/notebooks/69c1902719a9b233e0b29542/collaborators HTTP/1.1" 200 229 "-" "-"',
  level: 'info',
  service: 'sync-not-net-api',
  timestamp: '2026-03-24 00:40:31'
}
{
  message: '::ffff:127.0.0.1 - - [23/Mar/2026:19:10:31 +0000] "DELETE /api/notebooks/69c1902719a9b233e0b29542/collaborators/69c1902619a9b233e0b2953f HTTP/1.1" 200 47 "-" "-"',
  level: 'info',
  service: 'sync-not-net-api',
  timestamp: '2026-03-24 00:40:31'
}
{
  message: '::ffff:127.0.0.1 - - [23/Mar/2026:19:10:31 +0000] "GET /api/notebooks/69c1902719a9b233e0b29542/collaborators HTTP/1.1" 200 20 "-" "-"',
  level: 'info',
  service: 'sync-not-net-api',
  timestamp: '2026-03-24 00:40:31'
}
{
  message: 'User logged in: user-1774293031366-qughx9@example.com',
  level: 'info',
  service: 'sync-not-net-api',
  timestamp: '2026-03-24 00:40:31'
}
{
  message: '::ffff:127.0.0.1 - - [23/Mar/2026:19:10:31 +0000] "POST /api/users/login HTTP/1.1" 200 445 "-" "-"',
  level: 'info',
  service: 'sync-not-net-api',
  timestamp: '2026-03-24 00:40:31'
}
{
  message: 'Collaborators updated for notebook 69c1902719a9b233e0b29556, count: 0',
  level: 'info',
  service: 'sync-not-net-api',
  timestamp: '2026-03-24 00:40:31'
}
{
  message: '::ffff:127.0.0.1 - - [23/Mar/2026:19:10:31 +0000] "PUT /api/notebooks/69c1902719a9b233e0b29556/collaborators HTTP/1.1" 200 67 "-" "-"',
  level: 'info',
  service: 'sync-not-net-api',
  timestamp: '2026-03-24 00:40:31'
}
{
  message: '::ffff:127.0.0.1 - - [23/Mar/2026:19:10:31 +0000] "GET /api/notebooks/69c1902719a9b233e0b29556/collaborators HTTP/1.1" 200 20 "-" "-"',
  level: 'info',
  service: 'sync-not-net-api',
  timestamp: '2026-03-24 00:40:31'
}
{
  message: 'Running without Redis in development mode',
  level: 'info',
  service: 'sync-not-net-api',
  timestamp: '2026-03-24 00:40:32'
}
{
  message: 'MongoDB Connected successfully',
  level: 'info',
  service: 'sync-not-net-api',
  timestamp: '2026-03-24 00:40:32'
}
{
  message: 'User logged in: user-1774293032496-66tqeh@example.com',
  level: 'info',
  service: 'sync-not-net-api',
  timestamp: '2026-03-24 00:40:32'
}
{
  message: '::ffff:127.0.0.1 - - [23/Mar/2026:19:10:32 +0000] "POST /api/users/login HTTP/1.1" 200 445 "-" "-"',
  level: 'info',
  service: 'sync-not-net-api',
  timestamp: '2026-03-24 00:40:32'
}
{
  message: '::ffff:127.0.0.1 - - [23/Mar/2026:19:10:32 +0000] "POST /api/notebooks/69c19028ae7a67a59aeb8c17/comments HTTP/1.1" 201 554 "-" "-"',
  level: 'info',
  service: 'sync-not-net-api',
  timestamp: '2026-03-24 00:40:32'
}
{
  message: 'User logged in: user-1774293032913-ddajj3@example.com',
  level: 'info',
  service: 'sync-not-net-api',
  timestamp: '2026-03-24 00:40:33'
}
{
  message: '::ffff:127.0.0.1 - - [23/Mar/2026:19:10:33 +0000] "POST /api/users/login HTTP/1.1" 200 445 "-" "-"',
  level: 'info',
  service: 'sync-not-net-api',
  timestamp: '2026-03-24 00:40:33'
}
{
  message: '::ffff:127.0.0.1 - - [23/Mar/2026:19:10:33 +0000] "POST /api/notebooks/69c19029ae7a67a59aeb8c24/comments HTTP/1.1" 201 542 "-" "-"',
  level: 'info',
  service: 'sync-not-net-api',
  timestamp: '2026-03-24 00:40:33'
}
{
  message: '::ffff:127.0.0.1 - - [23/Mar/2026:19:10:33 +0000] "POST /api/notebooks/69c19029ae7a67a59aeb8c24/comments HTTP/1.1" 201 563 "-" "-"',
  level: 'info',
  service: 'sync-not-net-api',
  timestamp: '2026-03-24 00:40:33'
}
{
  message: 'User logged in: user-1774293033285-vlqfqk@example.com',
  level: 'info',
  service: 'sync-not-net-api',
  timestamp: '2026-03-24 00:40:33'
}
{
  message: '::ffff:127.0.0.1 - - [23/Mar/2026:19:10:33 +0000] "POST /api/users/login HTTP/1.1" 200 445 "-" "-"',
  level: 'info',
  service: 'sync-not-net-api',
  timestamp: '2026-03-24 00:40:33'
}
{
  message: '::ffff:127.0.0.1 - - [23/Mar/2026:19:10:33 +0000] "POST /api/notebooks/69c19029ae7a67a59aeb8c36/comments HTTP/1.1" 201 386 "-" "-"',
  level: 'info',
  service: 'sync-not-net-api',
  timestamp: '2026-03-24 00:40:33'
}
{
  message: 'User logged in: user-1774293033572-euhnpt@example.com',
  level: 'info',
  service: 'sync-not-net-api',
  timestamp: '2026-03-24 00:40:33'
}
{
  message: '::ffff:127.0.0.1 - - [23/Mar/2026:19:10:33 +0000] "POST /api/users/login HTTP/1.1" 200 445 "-" "-"',
  level: 'info',
  service: 'sync-not-net-api',
  timestamp: '2026-03-24 00:40:33'
}
{
  message: '::ffff:127.0.0.1 - - [23/Mar/2026:19:10:33 +0000] "POST /api/notebooks/69c19029ae7a67a59aeb8c40/comments HTTP/1.1" 201 544 "-" "-"',
  level: 'info',
  service: 'sync-not-net-api',
  timestamp: '2026-03-24 00:40:33'
}
{
  message: '::ffff:127.0.0.1 - - [23/Mar/2026:19:10:33 +0000] "PUT /api/notebooks/69c19029ae7a67a59aeb8c40/comments/69c19029ae7a67a59aeb8c44 HTTP/1.1" 200 544 "-" "-"',
  level: 'info',
  service: 'sync-not-net-api',
  timestamp: '2026-03-24 00:40:33'
}
{
  message: 'User logged in: user-1774293033937-3fjrnj@example.com',
  level: 'info',
  service: 'sync-not-net-api',
  timestamp: '2026-03-24 00:40:34'
}
{
  message: '::ffff:127.0.0.1 - - [23/Mar/2026:19:10:34 +0000] "POST /api/users/login HTTP/1.1" 200 445 "-" "-"',
  level: 'info',
  service: 'sync-not-net-api',
  timestamp: '2026-03-24 00:40:34'
}
{
  message: 'User logged in: user-1774293034169-ds4d1p@example.com',
  level: 'info',
  service: 'sync-not-net-api',
  timestamp: '2026-03-24 00:40:34'
}
{
  message: '::ffff:127.0.0.1 - - [23/Mar/2026:19:10:34 +0000] "POST /api/users/login HTTP/1.1" 200 445 "-" "-"',
  level: 'info',
  service: 'sync-not-net-api',
  timestamp: '2026-03-24 00:40:34'
}
{
  message: '::ffff:127.0.0.1 - - [23/Mar/2026:19:10:34 +0000] "POST /api/notebooks/69c1902aae7a67a59aeb8c54/comments HTTP/1.1" 201 551 "-" "-"',
  level: 'info',
  service: 'sync-not-net-api',
  timestamp: '2026-03-24 00:40:34'
}
{
  message: '::ffff:127.0.0.1 - - [23/Mar/2026:19:10:34 +0000] "PUT /api/notebooks/69c1902aae7a67a59aeb8c54/comments/69c1902aae7a67a59aeb8c58 HTTP/1.1" 403 49 "-" "-"',
  level: 'info',
  service: 'sync-not-net-api',
  timestamp: '2026-03-24 00:40:34'
}
{
  message: 'User logged in: user-1774293034501-tym06q@example.com',
  level: 'info',
  service: 'sync-not-net-api',
  timestamp: '2026-03-24 00:40:34'
}
{
  message: '::ffff:127.0.0.1 - - [23/Mar/2026:19:10:34 +0000] "POST /api/users/login HTTP/1.1" 200 445 "-" "-"',
  level: 'info',
  service: 'sync-not-net-api',
  timestamp: '2026-03-24 00:40:34'
}
{
  message: '::ffff:127.0.0.1 - - [23/Mar/2026:19:10:34 +0000] "PUT /api/notebooks/69c1902aae7a67a59aeb8c62/comments/69c1902aae7a67a59aeb8c64 HTTP/1.1" 404 31 "-" "-"',
  level: 'info',
  service: 'sync-not-net-api',
  timestamp: '2026-03-24 00:40:34'
}
{
  message: 'User logged in: user-1774293034778-8oxltm@example.com',
  level: 'info',
  service: 'sync-not-net-api',
  timestamp: '2026-03-24 00:40:34'
}
{
  message: '::ffff:127.0.0.1 - - [23/Mar/2026:19:10:35 +0000] "POST /api/users/login HTTP/1.1" 200 445 "-" "-"',
  level: 'info',
  service: 'sync-not-net-api',
  timestamp: '2026-03-24 00:40:35'
}
{
  message: '::ffff:127.0.0.1 - - [23/Mar/2026:19:10:35 +0000] "POST /api/notebooks/69c1902bae7a67a59aeb8c6c/comments HTTP/1.1" 201 536 "-" "-"',
  level: 'info',
  service: 'sync-not-net-api',
  timestamp: '2026-03-24 00:40:35'
}
{
  message: '::ffff:127.0.0.1 - - [23/Mar/2026:19:10:35 +0000] "PUT /api/notebooks/69c1902bae7a67a59aeb8c6c/comments/69c1902bae7a67a59aeb8c70 HTTP/1.1" 400 138 "-" "-"',
  level: 'info',
  service: 'sync-not-net-api',
  timestamp: '2026-03-24 00:40:35'
}
{
  message: 'User logged in: user-1774293035122-0gpwt0@example.com',
  level: 'info',
  service: 'sync-not-net-api',
  timestamp: '2026-03-24 00:40:35'
}
{
  message: '::ffff:127.0.0.1 - - [23/Mar/2026:19:10:35 +0000] "POST /api/users/login HTTP/1.1" 200 445 "-" "-"',
  level: 'info',
  service: 'sync-not-net-api',
  timestamp: '2026-03-24 00:40:35'
}
{
  message: '::ffff:127.0.0.1 - - [23/Mar/2026:19:10:35 +0000] "POST /api/notebooks/69c1902bae7a67a59aeb8c79/comments HTTP/1.1" 201 541 "-" "-"',
  level: 'info',
  service: 'sync-not-net-api',
  timestamp: '2026-03-24 00:40:35'
}
{
  message: '::ffff:127.0.0.1 - - [23/Mar/2026:19:10:35 +0000] "DELETE /api/notebooks/69c1902bae7a67a59aeb8c79/comments/69c1902bae7a67a59aeb8c7d HTTP/1.1" 200 97 "-" "-"',
  level: 'info',
  service: 'sync-not-net-api',
  timestamp: '2026-03-24 00:40:35'
}
{
  message: 'User logged in: user-1774293035475-sgaic1@example.com',
  level: 'info',
  service: 'sync-not-net-api',
  timestamp: '2026-03-24 00:40:35'
}
{
  message: '::ffff:127.0.0.1 - - [23/Mar/2026:19:10:35 +0000] "POST /api/users/login HTTP/1.1" 200 445 "-" "-"',
  level: 'info',
  service: 'sync-not-net-api',
  timestamp: '2026-03-24 00:40:35'
}
{
  message: '::ffff:127.0.0.1 - - [23/Mar/2026:19:10:35 +0000] "POST /api/notebooks/69c1902bae7a67a59aeb8c8b/comments HTTP/1.1" 201 534 "-" "-"',
  level: 'info',
  service: 'sync-not-net-api',
  timestamp: '2026-03-24 00:40:35'
}
{
  message: '::ffff:127.0.0.1 - - [23/Mar/2026:19:10:35 +0000] "POST /api/notebooks/69c1902bae7a67a59aeb8c8b/comments HTTP/1.1" 201 557 "-" "-"',
  level: 'info',
  service: 'sync-not-net-api',
  timestamp: '2026-03-24 00:40:35'
}
{
  message: '::ffff:127.0.0.1 - - [23/Mar/2026:19:10:35 +0000] "POST /api/notebooks/69c1902bae7a67a59aeb8c8b/comments HTTP/1.1" 201 557 "-" "-"',
  level: 'info',
  service: 'sync-not-net-api',
  timestamp: '2026-03-24 00:40:35'
}
{
  message: '::ffff:127.0.0.1 - - [23/Mar/2026:19:10:35 +0000] "DELETE /api/notebooks/69c1902bae7a67a59aeb8c8b/comments/69c1902bae7a67a59aeb8c8f HTTP/1.1" 200 97 "-" "-"',
  level: 'info',
  service: 'sync-not-net-api',
  timestamp: '2026-03-24 00:40:35'
}
{
  message: 'User logged in: user-1774293035915-q6b3xc@example.com',
  level: 'info',
  service: 'sync-not-net-api',
  timestamp: '2026-03-24 00:40:36'
}
{
  message: '::ffff:127.0.0.1 - - [23/Mar/2026:19:10:36 +0000] "POST /api/users/login HTTP/1.1" 200 445 "-" "-"',
  level: 'info',
  service: 'sync-not-net-api',
  timestamp: '2026-03-24 00:40:36'
}
{
  message: 'User logged in: user-1774293036151-hffy5z@example.com',
  level: 'info',
  service: 'sync-not-net-api',
  timestamp: '2026-03-24 00:40:36'
}
{
  message: '::ffff:127.0.0.1 - - [23/Mar/2026:19:10:36 +0000] "POST /api/users/login HTTP/1.1" 200 445 "-" "-"',
  level: 'info',
  service: 'sync-not-net-api',
  timestamp: '2026-03-24 00:40:36'
}
{
  message: '::ffff:127.0.0.1 - - [23/Mar/2026:19:10:36 +0000] "POST /api/notebooks/69c1902cae7a67a59aeb8cac/comments HTTP/1.1" 201 542 "-" "-"',
  level: 'info',
  service: 'sync-not-net-api',
  timestamp: '2026-03-24 00:40:36'
}
{
  message: '::ffff:127.0.0.1 - - [23/Mar/2026:19:10:36 +0000] "DELETE /api/notebooks/69c1902cae7a67a59aeb8cac/comments/69c1902cae7a67a59aeb8cb0 HTTP/1.1" 403 80 "-" "-"',
  level: 'info',
  service: 'sync-not-net-api',
  timestamp: '2026-03-24 00:40:36'
}
{
  message: 'User logged in: user-1774293036482-6sxjtq@example.com',
  level: 'info',
  service: 'sync-not-net-api',
  timestamp: '2026-03-24 00:40:36'
}
{
  message: '::ffff:127.0.0.1 - - [23/Mar/2026:19:10:36 +0000] "POST /api/users/login HTTP/1.1" 200 445 "-" "-"',
  level: 'info',
  service: 'sync-not-net-api',
  timestamp: '2026-03-24 00:40:36'
}
{
  message: '::ffff:127.0.0.1 - - [23/Mar/2026:19:10:36 +0000] "DELETE /api/notebooks/69c1902cae7a67a59aeb8cbb/comments/69c1902cae7a67a59aeb8cbd HTTP/1.1" 404 31 "-" "-"',
  level: 'info',
  service: 'sync-not-net-api',
  timestamp: '2026-03-24 00:40:36'
}
{
  message: 'User logged in: user-1774293036758-xodgt9@example.com',
  level: 'info',
  service: 'sync-not-net-api',
  timestamp: '2026-03-24 00:40:36'
}
{
  message: '::ffff:127.0.0.1 - - [23/Mar/2026:19:10:36 +0000] "POST /api/users/login HTTP/1.1" 200 445 "-" "-"',
  level: 'info',
  service: 'sync-not-net-api',
  timestamp: '2026-03-24 00:40:36'
}
{
  message: '::ffff:127.0.0.1 - - [23/Mar/2026:19:10:37 +0000] "POST /api/notebooks/69c1902cae7a67a59aeb8cc5/comments HTTP/1.1" 201 2428 "-" "-"',
  level: 'info',
  service: 'sync-not-net-api',
  timestamp: '2026-03-24 00:40:37'
}
{
  message: 'User logged in: user-1774293037077-r27pho@example.com',
  level: 'info',
  service: 'sync-not-net-api',
  timestamp: '2026-03-24 00:40:37'
}
{
  message: '::ffff:127.0.0.1 - - [23/Mar/2026:19:10:37 +0000] "POST /api/users/login HTTP/1.1" 200 445 "-" "-"',
  level: 'info',
  service: 'sync-not-net-api',
  timestamp: '2026-03-24 00:40:37'
}
{
  message: '::ffff:127.0.0.1 - - [23/Mar/2026:19:10:37 +0000] "POST /api/notebooks/69c1902dae7a67a59aeb8cd1/comments HTTP/1.1" 400 2638 "-" "-"',
  level: 'info',
  service: 'sync-not-net-api',
  timestamp: '2026-03-24 00:40:37'
}
{
  message: 'User logged in: user-1774293037372-p2u70v@example.com',
  level: 'info',
  service: 'sync-not-net-api',
  timestamp: '2026-03-24 00:40:37'
}
{
  message: '::ffff:127.0.0.1 - - [23/Mar/2026:19:10:37 +0000] "POST /api/users/login HTTP/1.1" 200 445 "-" "-"',
  level: 'info',
  service: 'sync-not-net-api',
  timestamp: '2026-03-24 00:40:37'
}
{
  message: '::ffff:127.0.0.1 - - [23/Mar/2026:19:10:37 +0000] "POST /api/notebooks/69c1902dae7a67a59aeb8cd9/comments HTTP/1.1" 201 574 "-" "-"',
  level: 'info',
  service: 'sync-not-net-api',
  timestamp: '2026-03-24 00:40:37'
}
{
  message: 'User logged in: user-1774293037682-mxmv9u@example.com',
  level: 'info',
  service: 'sync-not-net-api',
  timestamp: '2026-03-24 00:40:37'
}
{
  message: '::ffff:127.0.0.1 - - [23/Mar/2026:19:10:37 +0000] "POST /api/users/login HTTP/1.1" 200 445 "-" "-"',
  level: 'info',
  service: 'sync-not-net-api',
  timestamp: '2026-03-24 00:40:37'
}
{
  message: '::ffff:127.0.0.1 - - [23/Mar/2026:19:10:38 +0000] "POST /api/notebooks/69c1902dae7a67a59aeb8ce5/comments HTTP/1.1" 201 537 "-" "-"',
  level: 'info',
  service: 'sync-not-net-api',
  timestamp: '2026-03-24 00:40:38'
}
{
  message: '::ffff:127.0.0.1 - - [23/Mar/2026:19:10:38 +0000] "POST /api/notebooks/69c1902dae7a67a59aeb8ce5/comments HTTP/1.1" 201 537 "-" "-"',
  level: 'info',
  service: 'sync-not-net-api',
  timestamp: '2026-03-24 00:40:38'
}
{
  message: '::ffff:127.0.0.1 - - [23/Mar/2026:19:10:38 +0000] "POST /api/notebooks/69c1902dae7a67a59aeb8ce5/comments HTTP/1.1" 201 537 "-" "-"',
  level: 'info',
  service: 'sync-not-net-api',
  timestamp: '2026-03-24 00:40:38'
}
{
  message: '::ffff:127.0.0.1 - - [23/Mar/2026:19:10:38 +0000] "POST /api/notebooks/69c1902dae7a67a59aeb8ce5/comments HTTP/1.1" 201 537 "-" "-"',
  level: 'info',
  service: 'sync-not-net-api',
  timestamp: '2026-03-24 00:40:38'
}
{
  message: '::ffff:127.0.0.1 - - [23/Mar/2026:19:10:38 +0000] "POST /api/notebooks/69c1902dae7a67a59aeb8ce5/comments HTTP/1.1" 201 537 "-" "-"',
  level: 'info',
  service: 'sync-not-net-api',
  timestamp: '2026-03-24 00:40:38'
}
{
  message: 'User logged in: user-1774293038199-foevkl@example.com',
  level: 'info',
  service: 'sync-not-net-api',
  timestamp: '2026-03-24 00:40:38'
}
{
  message: '::ffff:127.0.0.1 - - [23/Mar/2026:19:10:38 +0000] "POST /api/users/login HTTP/1.1" 200 445 "-" "-"',
  level: 'info',
  service: 'sync-not-net-api',
  timestamp: '2026-03-24 00:40:38'
}
{
  message: '::ffff:127.0.0.1 - - [23/Mar/2026:19:10:38 +0000] "POST /api/notebooks/69c1902eae7a67a59aeb8d06/comments HTTP/1.1" 404 32 "-" "-"',
  level: 'info',
  service: 'sync-not-net-api',
  timestamp: '2026-03-24 00:40:38'
}
{
  message: 'User logged in: user-1774293038474-7uqy5x@example.com',
  level: 'info',
  service: 'sync-not-net-api',
  timestamp: '2026-03-24 00:40:38'
}
{
  message: '::ffff:127.0.0.1 - - [23/Mar/2026:19:10:38 +0000] "POST /api/users/login HTTP/1.1" 200 445 "-" "-"',
  level: 'info',
  service: 'sync-not-net-api',
  timestamp: '2026-03-24 00:40:38'
}
{
  message: '::ffff:127.0.0.1 - - [23/Mar/2026:19:10:38 +0000] "POST /api/notebooks/69c1902eae7a67a59aeb8d0e/comments HTTP/1.1" 404 38 "-" "-"',
  level: 'info',
  service: 'sync-not-net-api',
  timestamp: '2026-03-24 00:40:38'
}
{
  message: 'User logged in: user-1774293038786-twawe6@example.com',
  level: 'info',
  service: 'sync-not-net-api',
  timestamp: '2026-03-24 00:40:39'
}
{
  message: '::ffff:127.0.0.1 - - [23/Mar/2026:19:10:39 +0000] "POST /api/users/login HTTP/1.1" 200 445 "-" "-"',
  level: 'info',
  service: 'sync-not-net-api',
  timestamp: '2026-03-24 00:40:39'
}
{
  message: '::ffff:127.0.0.1 - - [23/Mar/2026:19:10:39 +0000] "POST /api/notebooks/69c1902fae7a67a59aeb8d19/comments HTTP/1.1" 201 541 "-" "-"',
  level: 'info',
  service: 'sync-not-net-api',
  timestamp: '2026-03-24 00:40:39'
}
{
  message: '::ffff:127.0.0.1 - - [23/Mar/2026:19:10:39 +0000] "PUT /api/notebooks/69c1902fae7a67a59aeb8d1b/comments/69c1902fae7a67a59aeb8d1f HTTP/1.1" 400 54 "-" "-"',
  level: 'info',
  service: 'sync-not-net-api',
  timestamp: '2026-03-24 00:40:39'
}
{
  message: 'Running without Redis in development mode',
  level: 'info',
  service: 'sync-not-net-api',
  timestamp: '2026-03-24 00:40:39'
}
{
  message: 'MongoDB Connected successfully',
  level: 'info',
  service: 'sync-not-net-api',
  timestamp: '2026-03-24 00:40:39'
}
{
  message: 'User logged in: user-1774293039861-vn1gf6@example.com',
  level: 'info',
  service: 'sync-not-net-api',
  timestamp: '2026-03-24 00:40:40'
}
{
  message: '::ffff:127.0.0.1 - - [23/Mar/2026:19:10:40 +0000] "POST /api/users/login HTTP/1.1" 200 445 "-" "-"',
  level: 'info',
  service: 'sync-not-net-api',
  timestamp: '2026-03-24 00:40:40'
}
{
  message: '::ffff:127.0.0.1 - - [23/Mar/2026:19:10:40 +0000] "GET /api/notebooks/notebook-1774293040110-znaffg HTTP/1.1" 200 501 "-" "-"',
  level: 'info',
  service: 'sync-not-net-api',
  timestamp: '2026-03-24 00:40:40'
}
{
  message: 'User logged in: user-1774293040235-sok9pc@example.com',
  level: 'info',
  service: 'sync-not-net-api',
  timestamp: '2026-03-24 00:40:40'
}
{
  message: '::ffff:127.0.0.1 - - [23/Mar/2026:19:10:40 +0000] "POST /api/users/login HTTP/1.1" 200 445 "-" "-"',
  level: 'info',
  service: 'sync-not-net-api',
  timestamp: '2026-03-24 00:40:40'
}
{
  message: '::ffff:127.0.0.1 - - [23/Mar/2026:19:10:40 +0000] "GET /api/notebooks/notebook-1774293040465-y3d965 HTTP/1.1" 200 273 "-" "-"',
  level: 'info',
  service: 'sync-not-net-api',
  timestamp: '2026-03-24 00:40:40'
}
{
  message: 'User logged in: user-1774293040506-iujgla@example.com',
  level: 'info',
  service: 'sync-not-net-api',
  timestamp: '2026-03-24 00:40:40'
}
{
  message: '::ffff:127.0.0.1 - - [23/Mar/2026:19:10:40 +0000] "POST /api/users/login HTTP/1.1" 200 445 "-" "-"',
  level: 'info',
  service: 'sync-not-net-api',
  timestamp: '2026-03-24 00:40:40'
}
{
  message: 'User logged in: user-1774293040729-jyphr1@example.com',
  level: 'info',
  service: 'sync-not-net-api',
  timestamp: '2026-03-24 00:40:40'
}
{
  message: '::ffff:127.0.0.1 - - [23/Mar/2026:19:10:40 +0000] "POST /api/users/login HTTP/1.1" 200 445 "-" "-"',
  level: 'info',
  service: 'sync-not-net-api',
  timestamp: '2026-03-24 00:40:40'
}
{
  message: '::ffff:127.0.0.1 - - [23/Mar/2026:19:10:40 +0000] "GET /api/notebooks/notebook-1774293040954-5bl2oj HTTP/1.1" 403 87 "-" "-"',
  level: 'info',
  service: 'sync-not-net-api',
  timestamp: '2026-03-24 00:40:40'
}
{
  message: 'User logged in: user-1774293041019-u5bwk2@example.com',
  level: 'info',
  service: 'sync-not-net-api',
  timestamp: '2026-03-24 00:40:41'
}
{
  message: '::ffff:127.0.0.1 - - [23/Mar/2026:19:10:41 +0000] "POST /api/users/login HTTP/1.1" 200 445 "-" "-"',
  level: 'info',
  service: 'sync-not-net-api',
  timestamp: '2026-03-24 00:40:41'
}
{
  message: 'User logged in: user-1774293041246-85aio6@example.com',
  level: 'info',
  service: 'sync-not-net-api',
  timestamp: '2026-03-24 00:40:41'
}
{
  message: '::ffff:127.0.0.1 - - [23/Mar/2026:19:10:41 +0000] "POST /api/users/login HTTP/1.1" 200 445 "-" "-"',
  level: 'info',
  service: 'sync-not-net-api',
  timestamp: '2026-03-24 00:40:41'
}
{
  message: '::ffff:127.0.0.1 - - [23/Mar/2026:19:10:41 +0000] "GET /api/notebooks/notebook-1774293041473-v0xfhi HTTP/1.1" 403 87 "-" "-"',
  level: 'info',
  service: 'sync-not-net-api',
  timestamp: '2026-03-24 00:40:41'
}
{
  message: 'User logged in: user-1774293041547-upw7yt@example.com',
  level: 'info',
  service: 'sync-not-net-api',
  timestamp: '2026-03-24 00:40:41'
}
{
  message: '::ffff:127.0.0.1 - - [23/Mar/2026:19:10:41 +0000] "POST /api/users/login HTTP/1.1" 200 445 "-" "-"',
  level: 'info',
  service: 'sync-not-net-api',
  timestamp: '2026-03-24 00:40:41'
}
{
  message: '::ffff:127.0.0.1 - - [23/Mar/2026:19:10:41 +0000] "GET /api/notebooks/non-existent-notebook HTTP/1.1" 404 100 "-" "-"',
  level: 'info',
  service: 'sync-not-net-api',
  timestamp: '2026-03-24 00:40:41'
}
{
  message: 'User logged in: user-1774293041809-4f5wh2@example.com',
  level: 'info',
  service: 'sync-not-net-api',
  timestamp: '2026-03-24 00:40:42'
}
{
  message: '::ffff:127.0.0.1 - - [23/Mar/2026:19:10:42 +0000] "POST /api/users/login HTTP/1.1" 200 445 "-" "-"',
  level: 'info',
  service: 'sync-not-net-api',
  timestamp: '2026-03-24 00:40:42'
}
{
  message: '::ffff:127.0.0.1 - - [23/Mar/2026:19:10:42 +0000] "GET /api/notebooks/notebook-1774293042040-j50k7p HTTP/1.1" 200 273 "-" "-"',
  level: 'info',
  service: 'sync-not-net-api',
  timestamp: '2026-03-24 00:40:42'
}
{
  message: 'Running without Redis in development mode',
  level: 'info',
  service: 'sync-not-net-api',
  timestamp: '2026-03-24 00:40:42'
}
{
  message: 'MongoDB Connected successfully',
  level: 'info',
  service: 'sync-not-net-api',
  timestamp: '2026-03-24 00:40:42'
}
{
  message: 'User logged in: owner-1774293042840-ff5wya@example.com',
  level: 'info',
  service: 'sync-not-net-api',
  timestamp: '2026-03-24 00:40:43'
}
{
  message: '::ffff:127.0.0.1 - - [23/Mar/2026:19:10:43 +0000] "POST /api/users/login HTTP/1.1" 200 448 "-" "-"',
  level: 'info',
  service: 'sync-not-net-api',
  timestamp: '2026-03-24 00:40:43'
}
{
  message: '::ffff:127.0.0.1 - - [23/Mar/2026:19:10:43 +0000] "GET /api/notebooks/69c190321cb5a96d519edcc4/versions/69c190321cb5a96d519edcc6 HTTP/1.1" 200 187 "-" "-"',
  level: 'info',
  service: 'sync-not-net-api',
  timestamp: '2026-03-24 00:40:43'
}
{
  message: 'User logged in: collab-1774293043142-ddldjf@example.com',
  level: 'info',
  service: 'sync-not-net-api',
  timestamp: '2026-03-24 00:40:43'
}
{
  message: '::ffff:127.0.0.1 - - [23/Mar/2026:19:10:43 +0000] "POST /api/users/login HTTP/1.1" 200 458 "-" "-"',
  level: 'info',
  service: 'sync-not-net-api',
  timestamp: '2026-03-24 00:40:43'
}
{
  message: '::ffff:127.0.0.1 - - [23/Mar/2026:19:10:43 +0000] "GET /api/notebooks/69c190331cb5a96d519edcd4/versions/69c190331cb5a96d519edcd7 HTTP/1.1" 200 197 "-" "-"',
  level: 'info',
  service: 'sync-not-net-api',
  timestamp: '2026-03-24 00:40:43'
}
{
  message: 'User logged in: collab-1774293043531-8hiyrs@example.com',
  level: 'info',
  service: 'sync-not-net-api',
  timestamp: '2026-03-24 00:40:43'
}
{
  message: '::ffff:127.0.0.1 - - [23/Mar/2026:19:10:43 +0000] "POST /api/users/login HTTP/1.1" 200 458 "-" "-"',
  level: 'info',
  service: 'sync-not-net-api',
  timestamp: '2026-03-24 00:40:43'
}
{
  message: 'User logged in: owner-1774293043531-ra97c6@example.com',
  level: 'info',
  service: 'sync-not-net-api',
  timestamp: '2026-03-24 00:40:44'
}
{
  message: '::ffff:127.0.0.1 - - [23/Mar/2026:19:10:44 +0000] "POST /api/users/login HTTP/1.1" 200 448 "-" "-"',
  level: 'info',
  service: 'sync-not-net-api',
  timestamp: '2026-03-24 00:40:44'
}
{
  message: '::ffff:127.0.0.1 - - [23/Mar/2026:19:10:44 +0000] "POST /api/notebooks/69c190331cb5a96d519edce6/versions/69c190331cb5a96d519edce9/restore HTTP/1.1" 403 78 "-" "-"',
  level: 'info',
  service: 'sync-not-net-api',
  timestamp: '2026-03-24 00:40:44'
}
{
  message: '::ffff:127.0.0.1 - - [23/Mar/2026:19:10:44 +0000] "POST /api/notebooks/69c190331cb5a96d519edce6/versions/69c190331cb5a96d519edce9/restore HTTP/1.1" 200 75 "-" "-"',
  level: 'info',
  service: 'sync-not-net-api',
  timestamp: '2026-03-24 00:40:44'
}
{
  message: 'Running without Redis in development mode',
  level: 'info',
  service: 'sync-not-net-api',
  timestamp: '2026-03-24 00:40:44'
}
{
  message: 'MongoDB Connected successfully',
  level: 'info',
  service: 'sync-not-net-api',
  timestamp: '2026-03-24 00:40:44'
}
{
  message: 'New user registered: test-1774293044844-ngf616@example.com',
  level: 'info',
  service: 'sync-not-net-api',
  timestamp: '2026-03-24 00:40:44'
}
{
  message: '::ffff:127.0.0.1 - - [23/Mar/2026:19:10:44 +0000] "POST /api/users/register HTTP/1.1" 201 433 "-" "-"',
  level: 'info',
  service: 'sync-not-net-api',
  timestamp: '2026-03-24 00:40:44'
}
{
  message: 'New user registered: test-1774293044992-eovkkm@example.com',
  level: 'info',
  service: 'sync-not-net-api',
  timestamp: '2026-03-24 00:40:45'
}
{
  message: '::ffff:127.0.0.1 - - [23/Mar/2026:19:10:45 +0000] "POST /api/users/register HTTP/1.1" 201 433 "-" "-"',
  level: 'info',
  service: 'sync-not-net-api',
  timestamp: '2026-03-24 00:40:45'
}
{
  message: '::ffff:127.0.0.1 - - [23/Mar/2026:19:10:45 +0000] "POST /api/users/register HTTP/1.1" 409 85 "-" "-"',
  level: 'info',
  service: 'sync-not-net-api',
  timestamp: '2026-03-24 00:40:45'
}
{
  message: 'User logged in: test-1774293045148-edawvz@example.com',
  level: 'info',
  service: 'sync-not-net-api',
  timestamp: '2026-03-24 00:40:45'
}
{
  message: '::ffff:127.0.0.1 - - [23/Mar/2026:19:10:45 +0000] "POST /api/users/login HTTP/1.1" 200 445 "-" "-"',
  level: 'info',
  service: 'sync-not-net-api',
  timestamp: '2026-03-24 00:40:45'
}
{
  message: 'Failed login attempt for email: test-1774293045379-armpv3@example.com',
  level: 'warn',
  service: 'sync-not-net-api',
  timestamp: '2026-03-24 00:40:45'
}
{
  message: '::ffff:127.0.0.1 - - [23/Mar/2026:19:10:45 +0000] "POST /api/users/login HTTP/1.1" 401 71 "-" "-"',
  level: 'info',
  service: 'sync-not-net-api',
  timestamp: '2026-03-24 00:40:45'
}
{
  message: '::ffff:127.0.0.1 - - [23/Mar/2026:19:10:45 +0000] "GET /api/users/profile HTTP/1.1" 401 55 "-" "-"',
  level: 'info',
  service: 'sync-not-net-api',
  timestamp: '2026-03-24 00:40:45'
}
{
  message: 'User logged in: test-1774293045633-it2xn9@example.com',
  level: 'info',
  service: 'sync-not-net-api',
  timestamp: '2026-03-24 00:40:45'
}
{
  message: '::ffff:127.0.0.1 - - [23/Mar/2026:19:10:45 +0000] "POST /api/users/login HTTP/1.1" 200 445 "-" "-"',
  level: 'info',
  service: 'sync-not-net-api',
  timestamp: '2026-03-24 00:40:45'
}
{
  message: '::ffff:127.0.0.1 - - [23/Mar/2026:19:10:45 +0000] "GET /api/users/profile HTTP/1.1" 200 192 "-" "-"',
  level: 'info',
  service: 'sync-not-net-api',
  timestamp: '2026-03-24 00:40:45'
}
{
  message: 'Running without Redis in development mode',
  level: 'info',
  service: 'sync-not-net-api',
  timestamp: '2026-03-24 00:40:46'
}
{
  message: 'MongoDB Connected successfully',
  level: 'info',
  service: 'sync-not-net-api',
  timestamp: '2026-03-24 00:40:46'
}
{
  message: '::ffff:127.0.0.1 - - [23/Mar/2026:19:10:46 +0000] "GET /api/users/profile HTTP/1.1" 401 55 "-" "-"',
  level: 'info',
  service: 'sync-not-net-api',
  timestamp: '2026-03-24 00:40:46'
}
{
  message: 'User logged in: user-1774293046605-yj6ja4@example.com',
  level: 'info',
  service: 'sync-not-net-api',
  timestamp: '2026-03-24 00:40:46'
}
{
  message: '::ffff:127.0.0.1 - - [23/Mar/2026:19:10:46 +0000] "POST /api/users/login HTTP/1.1" 200 448 "-" "-"',
  level: 'info',
  service: 'sync-not-net-api',
  timestamp: '2026-03-24 00:40:46'
}
{
  message: '::ffff:127.0.0.1 - - [23/Mar/2026:19:10:46 +0000] "GET /api/users/profile HTTP/1.1" 200 195 "-" "-"',
  level: 'info',
  service: 'sync-not-net-api',
  timestamp: '2026-03-24 00:40:46'
}
{
  message: 'User logged in: user-1774293046873-uwizpw@example.com',
  level: 'info',
  service: 'sync-not-net-api',
  timestamp: '2026-03-24 00:40:47'
}
{
  message: '::ffff:127.0.0.1 - - [23/Mar/2026:19:10:47 +0000] "POST /api/users/login HTTP/1.1" 200 447 "-" "-"',
  level: 'info',
  service: 'sync-not-net-api',
  timestamp: '2026-03-24 00:40:47'
}
{
  message: '::ffff:127.0.0.1 - - [23/Mar/2026:19:10:47 +0000] "GET /api/users/search?q=a HTTP/1.1" 400 92 "-" "-"',
  level: 'info',
  service: 'sync-not-net-api',
  timestamp: '2026-03-24 00:40:47'
}
{
  message: 'User logged in: user-1774293047133-pleb5g@example.com',
  level: 'info',
  service: 'sync-not-net-api',
  timestamp: '2026-03-24 00:40:47'
}
{
  message: '::ffff:127.0.0.1 - - [23/Mar/2026:19:10:47 +0000] "POST /api/users/login HTTP/1.1" 200 446 "-" "-"',
  level: 'info',
  service: 'sync-not-net-api',
  timestamp: '2026-03-24 00:40:47'
}
{
  message: '::ffff:127.0.0.1 - - [23/Mar/2026:19:10:47 +0000] "GET /api/users/stats HTTP/1.1" 200 134 "-" "-"',
  level: 'info',
  service: 'sync-not-net-api',
  timestamp: '2026-03-24 00:40:47'
}
{
  message: 'Running without Redis in development mode',
  level: 'info',
  service: 'sync-not-net-api',
  timestamp: '2026-03-24 00:40:48'
}
{
  message: 'MongoDB Connected successfully',
  level: 'info',
  service: 'sync-not-net-api',
  timestamp: '2026-03-24 00:40:48'
}
{
  message: 'Running without Redis in development mode',
  level: 'info',
  service: 'sync-not-net-api',
  timestamp: '2026-03-24 00:40:48'
}
{
  message: 'MongoDB Connected successfully',
  level: 'info',
  service: 'sync-not-net-api',
  timestamp: '2026-03-24 00:40:48'
}
{
  message: '::ffff:127.0.0.1 - - [23/Mar/2026:19:10:48 +0000] "GET /health HTTP/1.1" 200 95 "-" "-"',
  level: 'info',
  service: 'sync-not-net-api',
  timestamp: '2026-03-24 00:40:48'
}
{
  message: '::ffff:127.0.0.1 - - [23/Mar/2026:19:10:48 +0000] "GET /non-existent-route HTTP/1.1" 404 76 "-" "-"',
  level: 'info',
  service: 'sync-not-net-api',
  timestamp: '2026-03-24 00:40:48'
}
{
  message: 'Running without Redis in development mode',
  level: 'info',
  service: 'sync-not-net-api',
  timestamp: '2026-03-24 00:54:45'
}
{
  message: 'Server is running on http://localhost:5000',
  level: 'info',
  service: 'sync-not-net-api',
  timestamp: '2026-03-24 00:54:45'
}
{
  message: 'Environment: development',
  level: 'info',
  service: 'sync-not-net-api',
  timestamp: '2026-03-24 00:54:45'
}
{
  message: 'User Anonymous connected with socket BczQ8HODj_kgN4NAAAAB',
  level: 'info',
  service: 'sync-not-net-api',
  timestamp: '2026-03-24 00:54:45'
}
{
  message: 'MongoDB Connected successfully',
  level: 'info',
  service: 'sync-not-net-api',
  timestamp: '2026-03-24 00:54:49'
}
{
  message: 'Running without Redis in development mode',
  level: 'info',
  service: 'sync-not-net-api',
  timestamp: '2026-03-24 00:55:26'
}
{
  message: 'Server is running on http://localhost:5000',
  level: 'info',
  service: 'sync-not-net-api',
  timestamp: '2026-03-24 00:55:26'
}
{
  message: 'Environment: development',
  level: 'info',
  service: 'sync-not-net-api',
  timestamp: '2026-03-24 00:55:26'
}
{
  message: 'User Anonymous connected with socket 9MQHeeb4yRthPAsJAAAB',
  level: 'info',
  service: 'sync-not-net-api',
  timestamp: '2026-03-24 00:55:26'
}
{
  message: 'MongoDB Connected successfully',
  level: 'info',
  service: 'sync-not-net-api',
  timestamp: '2026-03-24 00:55:29'
}
{
  message: 'Running without Redis in development mode',
  level: 'info',
  service: 'sync-not-net-api',
  timestamp: '2026-03-24 00:56:08'
}
{
  message: 'Server is running on http://localhost:5000',
  level: 'info',
  service: 'sync-not-net-api',
  timestamp: '2026-03-24 00:56:08'
}
{
  message: 'Environment: development',
  level: 'info',
  service: 'sync-not-net-api',
  timestamp: '2026-03-24 00:56:08'
}
{
  message: 'User Anonymous connected with socket 0sKXU-kuuY-ujsrUAAAB',
  level: 'info',
  service: 'sync-not-net-api',
  timestamp: '2026-03-24 00:56:09'
}
{
  message: 'MongoDB Connected successfully',
  level: 'info',
  service: 'sync-not-net-api',
  timestamp: '2026-03-24 00:56:09'
}
{
  message: 'Running without Redis in development mode',
  level: 'info',
  service: 'sync-not-net-api',
  timestamp: '2026-03-24 00:56:38'
}
{
  message: 'MongoDB Connected successfully',
  level: 'info',
  service: 'sync-not-net-api',
  timestamp: '2026-03-24 00:56:39'
}
{
  message: 'User logged in: user-1774293999279-o97pst@example.com',
  level: 'info',
  service: 'sync-not-net-api',
  timestamp: '2026-03-24 00:56:39'
}
{
  message: '::ffff:127.0.0.1 - - [23/Mar/2026:19:26:39 +0000] "POST /api/users/login HTTP/1.1" 200 445 "-" "-"',
  level: 'info',
  service: 'sync-not-net-api',
  timestamp: '2026-03-24 00:56:39'
}
{
  message: '::ffff:127.0.0.1 - - [23/Mar/2026:19:26:39 +0000] "GET /api/notebooks/69c193ef3e258bcf03626bd6/versions HTTP/1.1" 200 546 "-" "-"',
  level: 'info',
  service: 'sync-not-net-api',
  timestamp: '2026-03-24 00:56:39'
}
{
  message: 'User logged in: user-1774293999901-oaevsq@example.com',
  level: 'info',
  service: 'sync-not-net-api',
  timestamp: '2026-03-24 00:56:40'
}
{
  message: '::ffff:127.0.0.1 - - [23/Mar/2026:19:26:40 +0000] "POST /api/users/login HTTP/1.1" 200 445 "-" "-"',
  level: 'info',
  service: 'sync-not-net-api',
  timestamp: '2026-03-24 00:56:40'
}
{
  message: '::ffff:127.0.0.1 - - [23/Mar/2026:19:26:40 +0000] "GET /api/notebooks/69c193f03e258bcf03626be6/versions HTTP/1.1" 401 55 "-" "-"',
  level: 'info',
  service: 'sync-not-net-api',
  timestamp: '2026-03-24 00:56:40'
}
{
  message: 'User logged in: user-1774294000182-q9on42@example.com',
  level: 'info',
  service: 'sync-not-net-api',
  timestamp: '2026-03-24 00:56:40'
}
{
  message: '::ffff:127.0.0.1 - - [23/Mar/2026:19:26:40 +0000] "POST /api/users/login HTTP/1.1" 200 445 "-" "-"',
  level: 'info',
  service: 'sync-not-net-api',
  timestamp: '2026-03-24 00:56:40'
}
{
  message: '::ffff:127.0.0.1 - - [23/Mar/2026:19:26:40 +0000] "GET /api/notebooks/69c193f03e258bcf03626bed/versions HTTP/1.1" 404 95 "-" "-"',
  level: 'info',
  service: 'sync-not-net-api',
  timestamp: '2026-03-24 00:56:40'
}
{
  message: 'User logged in: user-1774294000486-h3rdpn@example.com',
  level: 'info',
  service: 'sync-not-net-api',
  timestamp: '2026-03-24 00:56:40'
}
{
  message: '::ffff:127.0.0.1 - - [23/Mar/2026:19:26:40 +0000] "POST /api/users/login HTTP/1.1" 200 445 "-" "-"',
  level: 'info',
  service: 'sync-not-net-api',
  timestamp: '2026-03-24 00:56:40'
}
{
  message: 'User logged in: user-1774294000728-kzadw6@example.com',
  level: 'info',
  service: 'sync-not-net-api',
  timestamp: '2026-03-24 00:56:40'
}
{
  message: '::ffff:127.0.0.1 - - [23/Mar/2026:19:26:40 +0000] "POST /api/users/login HTTP/1.1" 200 445 "-" "-"',
  level: 'info',
  service: 'sync-not-net-api',
  timestamp: '2026-03-24 00:56:40'
}
{
  message: '::ffff:127.0.0.1 - - [23/Mar/2026:19:26:41 +0000] "GET /api/notebooks/69c193f03e258bcf03626bf9/versions HTTP/1.1" 403 88 "-" "-"',
  level: 'info',
  service: 'sync-not-net-api',
  timestamp: '2026-03-24 00:56:41'
}
{
  message: 'User logged in: user-1774294001037-78oi7w@example.com',
  level: 'info',
  service: 'sync-not-net-api',
  timestamp: '2026-03-24 00:56:41'
}
{
  message: '::ffff:127.0.0.1 - - [23/Mar/2026:19:26:41 +0000] "POST /api/users/login HTTP/1.1" 200 445 "-" "-"',
  level: 'info',
  service: 'sync-not-net-api',
  timestamp: '2026-03-24 00:56:41'
}
{
  message: 'User logged in: user-1774294001268-de0ysc@example.com',
  level: 'info',
  service: 'sync-not-net-api',
  timestamp: '2026-03-24 00:56:41'
}
{
  message: '::ffff:127.0.0.1 - - [23/Mar/2026:19:26:41 +0000] "POST /api/users/login HTTP/1.1" 200 445 "-" "-"',
  level: 'info',
  service: 'sync-not-net-api',
  timestamp: '2026-03-24 00:56:41'
}
{
  message: '::ffff:127.0.0.1 - - [23/Mar/2026:19:26:41 +0000] "GET /api/notebooks/69c193f13e258bcf03626c06/versions HTTP/1.1" 200 280 "-" "-"',
  level: 'info',
  service: 'sync-not-net-api',
  timestamp: '2026-03-24 00:56:41'
}
{
  message: 'User logged in: user-1774294001627-v12rwa@example.com',
  level: 'info',
  service: 'sync-not-net-api',
  timestamp: '2026-03-24 00:56:41'
}
{
  message: '::ffff:127.0.0.1 - - [23/Mar/2026:19:26:41 +0000] "POST /api/users/login HTTP/1.1" 200 445 "-" "-"',
  level: 'info',
  service: 'sync-not-net-api',
  timestamp: '2026-03-24 00:56:41'
}
{
  message: 'User logged in: user-1774294001875-2kpqek@example.com',
  level: 'info',
  service: 'sync-not-net-api',
  timestamp: '2026-03-24 00:56:42'
}
{
  message: '::ffff:127.0.0.1 - - [23/Mar/2026:19:26:42 +0000] "POST /api/users/login HTTP/1.1" 200 445 "-" "-"',
  level: 'info',
  service: 'sync-not-net-api',
  timestamp: '2026-03-24 00:56:42'
}
{
  message: '::ffff:127.0.0.1 - - [23/Mar/2026:19:26:42 +0000] "GET /api/notebooks/69c193f23e258bcf03626c19/versions HTTP/1.1" 200 280 "-" "-"',
  level: 'info',
  service: 'sync-not-net-api',
  timestamp: '2026-03-24 00:56:42'
}
{
  message: 'User logged in: user-1774294002218-cp8nd4@example.com',
  level: 'info',
  service: 'sync-not-net-api',
  timestamp: '2026-03-24 00:56:42'
}
{
  message: '::ffff:127.0.0.1 - - [23/Mar/2026:19:26:42 +0000] "POST /api/users/login HTTP/1.1" 200 445 "-" "-"',
  level: 'info',
  service: 'sync-not-net-api',
  timestamp: '2026-03-24 00:56:42'
}
{
  message: '::ffff:127.0.0.1 - - [23/Mar/2026:19:26:42 +0000] "GET /api/notebooks/69c193f23e258bcf03626c27/versions HTTP/1.1" 200 546 "-" "-"',
  level: 'info',
  service: 'sync-not-net-api',
  timestamp: '2026-03-24 00:56:42'
}
{
  message: 'User logged in: user-1774294002658-qn3x72@example.com',
  level: 'info',
  service: 'sync-not-net-api',
  timestamp: '2026-03-24 00:56:42'
}
{
  message: '::ffff:127.0.0.1 - - [23/Mar/2026:19:26:42 +0000] "POST /api/users/login HTTP/1.1" 200 445 "-" "-"',
  level: 'info',
  service: 'sync-not-net-api',
  timestamp: '2026-03-24 00:56:42'
}
{
  message: '::ffff:127.0.0.1 - - [23/Mar/2026:19:26:42 +0000] "GET /api/notebooks/69c193f23e258bcf03626c37/versions HTTP/1.1" 200 15 "-" "-"',
  level: 'info',
  service: 'sync-not-net-api',
  timestamp: '2026-03-24 00:56:42'
}
{
  message: 'User logged in: user-1774294002970-anoq9u@example.com',
  level: 'info',
  service: 'sync-not-net-api',
  timestamp: '2026-03-24 00:56:43'
}
{
  message: '::ffff:127.0.0.1 - - [23/Mar/2026:19:26:43 +0000] "POST /api/users/login HTTP/1.1" 200 445 "-" "-"',
  level: 'info',
  service: 'sync-not-net-api',
  timestamp: '2026-03-24 00:56:43'
}
{
  message: '::ffff:127.0.0.1 - - [23/Mar/2026:19:26:43 +0000] "GET /api/notebooks/69c193f33e258bcf03626c42/versions/69c193f33e258bcf03626c44 HTTP/1.1" 200 202 "-" "-"',
  level: 'info',
  service: 'sync-not-net-api',
  timestamp: '2026-03-24 00:56:43'
}
{
  message: 'User logged in: user-1774294003288-05z2eh@example.com',
  level: 'info',
  service: 'sync-not-net-api',
  timestamp: '2026-03-24 00:56:43'
}
{
  message: '::ffff:127.0.0.1 - - [23/Mar/2026:19:26:43 +0000] "POST /api/users/login HTTP/1.1" 200 445 "-" "-"',
  level: 'info',
  service: 'sync-not-net-api',
  timestamp: '2026-03-24 00:56:43'
}
{
  message: '::ffff:127.0.0.1 - - [23/Mar/2026:19:26:43 +0000] "GET /api/notebooks/69c193f33e258bcf03626c4f/versions/69c193f33e258bcf03626c51 HTTP/1.1" 401 55 "-" "-"',
  level: 'info',
  service: 'sync-not-net-api',
  timestamp: '2026-03-24 00:56:43'
}
{
  message: 'User logged in: user-1774294003582-0u6yy1@example.com',
  level: 'info',
  service: 'sync-not-net-api',
  timestamp: '2026-03-24 00:56:43'
}
{
  message: '::ffff:127.0.0.1 - - [23/Mar/2026:19:26:43 +0000] "POST /api/users/login HTTP/1.1" 200 445 "-" "-"',
  level: 'info',
  service: 'sync-not-net-api',
  timestamp: '2026-03-24 00:56:43'
}
{
  message: '::ffff:127.0.0.1 - - [23/Mar/2026:19:26:43 +0000] "GET /api/notebooks/69c193f33e258bcf03626c5c/versions/69c193f33e258bcf03626c5a HTTP/1.1" 404 52 "-" "-"',
  level: 'info',
  service: 'sync-not-net-api',
  timestamp: '2026-03-24 00:56:43'
}
{
  message: 'User logged in: user-1774294003878-066fse@example.com',
  level: 'info',
  service: 'sync-not-net-api',
  timestamp: '2026-03-24 00:56:44'
}
{
  message: '::ffff:127.0.0.1 - - [23/Mar/2026:19:26:44 +0000] "POST /api/users/login HTTP/1.1" 200 445 "-" "-"',
  level: 'info',
  service: 'sync-not-net-api',
  timestamp: '2026-03-24 00:56:44'
}
{
  message: '::ffff:127.0.0.1 - - [23/Mar/2026:19:26:44 +0000] "GET /api/notebooks/69c193f43e258bcf03626c65/versions/69c193f43e258bcf03626c67 HTTP/1.1" 404 51 "-" "-"',
  level: 'info',
  service: 'sync-not-net-api',
  timestamp: '2026-03-24 00:56:44'
}
{
  message: 'User logged in: user-1774294004178-u2op9a@example.com',
  level: 'info',
  service: 'sync-not-net-api',
  timestamp: '2026-03-24 00:56:44'
}
{
  message: '::ffff:127.0.0.1 - - [23/Mar/2026:19:26:44 +0000] "POST /api/users/login HTTP/1.1" 200 445 "-" "-"',
  level: 'info',
  service: 'sync-not-net-api',
  timestamp: '2026-03-24 00:56:44'
}
{
  message: '::ffff:127.0.0.1 - - [23/Mar/2026:19:26:44 +0000] "GET /api/notebooks/69c193f43e258bcf03626c71/versions/69c193f43e258bcf03626c75 HTTP/1.1" 404 51 "-" "-"',
  level: 'info',
  service: 'sync-not-net-api',
  timestamp: '2026-03-24 00:56:44'
}
{
  message: 'User logged in: user-1774294004487-ufkyrt@example.com',
  level: 'info',
  service: 'sync-not-net-api',
  timestamp: '2026-03-24 00:56:44'
}
{
  message: '::ffff:127.0.0.1 - - [23/Mar/2026:19:26:44 +0000] "POST /api/users/login HTTP/1.1" 200 445 "-" "-"',
  level: 'info',
  service: 'sync-not-net-api',
  timestamp: '2026-03-24 00:56:44'
}
{
  message: 'User logged in: user-1774294004729-b9yl4h@example.com',
  level: 'info',
  service: 'sync-not-net-api',
  timestamp: '2026-03-24 00:56:44'
}
{
  message: '::ffff:127.0.0.1 - - [23/Mar/2026:19:26:44 +0000] "POST /api/users/login HTTP/1.1" 200 445 "-" "-"',
  level: 'info',
  service: 'sync-not-net-api',
  timestamp: '2026-03-24 00:56:44'
}
{
  message: '::ffff:127.0.0.1 - - [23/Mar/2026:19:26:45 +0000] "GET /api/notebooks/69c193f43e258bcf03626c83/versions/69c193f43e258bcf03626c85 HTTP/1.1" 403 81 "-" "-"',
  level: 'info',
  service: 'sync-not-net-api',
  timestamp: '2026-03-24 00:56:45'
}
{
  message: 'User logged in: user-1774294005053-a6ts5g@example.com',
  level: 'info',
  service: 'sync-not-net-api',
  timestamp: '2026-03-24 00:56:45'
}
{
  message: '::ffff:127.0.0.1 - - [23/Mar/2026:19:26:45 +0000] "POST /api/users/login HTTP/1.1" 200 445 "-" "-"',
  level: 'info',
  service: 'sync-not-net-api',
  timestamp: '2026-03-24 00:56:45'
}
{
  message: 'User logged in: user-1774294005295-uxga48@example.com',
  level: 'info',
  service: 'sync-not-net-api',
  timestamp: '2026-03-24 00:56:45'
}
{
  message: '::ffff:127.0.0.1 - - [23/Mar/2026:19:26:45 +0000] "POST /api/users/login HTTP/1.1" 200 445 "-" "-"',
  level: 'info',
  service: 'sync-not-net-api',
  timestamp: '2026-03-24 00:56:45'
}
{
  message: '::ffff:127.0.0.1 - - [23/Mar/2026:19:26:45 +0000] "GET /api/notebooks/69c193f53e258bcf03626c92/versions/69c193f53e258bcf03626c95 HTTP/1.1" 200 202 "-" "-"',
  level: 'info',
  service: 'sync-not-net-api',
  timestamp: '2026-03-24 00:56:45'
}
{
  message: 'User logged in: user-1774294005618-32jy56@example.com',
  level: 'info',
  service: 'sync-not-net-api',
  timestamp: '2026-03-24 00:56:45'
}
{
  message: '::ffff:127.0.0.1 - - [23/Mar/2026:19:26:45 +0000] "POST /api/users/login HTTP/1.1" 200 445 "-" "-"',
  level: 'info',
  service: 'sync-not-net-api',
  timestamp: '2026-03-24 00:56:45'
}
{
  message: '::ffff:127.0.0.1 - - [23/Mar/2026:19:26:45 +0000] "POST /api/notebooks/69c193f53e258bcf03626ca1/versions/69c193f53e258bcf03626ca3/restore HTTP/1.1" 200 75 "-" "-"',
  level: 'info',
  service: 'sync-not-net-api',
  timestamp: '2026-03-24 00:56:45'
}
{
  message: 'User logged in: user-1774294005951-e2r3ya@example.com',
  level: 'info',
  service: 'sync-not-net-api',
  timestamp: '2026-03-24 00:56:46'
}
{
  message: '::ffff:127.0.0.1 - - [23/Mar/2026:19:26:46 +0000] "POST /api/users/login HTTP/1.1" 200 445 "-" "-"',
  level: 'info',
  service: 'sync-not-net-api',
  timestamp: '2026-03-24 00:56:46'
}
{
  message: '::ffff:127.0.0.1 - - [23/Mar/2026:19:26:46 +0000] "POST /api/notebooks/69c193f63e258bcf03626cb1/versions/69c193f63e258bcf03626cb3/restore HTTP/1.1" 401 55 "-" "-"',
  level: 'info',
  service: 'sync-not-net-api',
  timestamp: '2026-03-24 00:56:46'
}
{
  message: 'User logged in: user-1774294006256-v9fo5v@example.com',
  level: 'info',
  service: 'sync-not-net-api',
  timestamp: '2026-03-24 00:56:46'
}
{
  message: '::ffff:127.0.0.1 - - [23/Mar/2026:19:26:46 +0000] "POST /api/users/login HTTP/1.1" 200 445 "-" "-"',
  level: 'info',
  service: 'sync-not-net-api',
  timestamp: '2026-03-24 00:56:46'
}
{
  message: 'User logged in: user-1774294006498-nzzygn@example.com',
  level: 'info',
  service: 'sync-not-net-api',
  timestamp: '2026-03-24 00:56:46'
}
{
  message: '::ffff:127.0.0.1 - - [23/Mar/2026:19:26:46 +0000] "POST /api/users/login HTTP/1.1" 200 445 "-" "-"',
  level: 'info',
  service: 'sync-not-net-api',
  timestamp: '2026-03-24 00:56:46'
}
{
  message: '::ffff:127.0.0.1 - - [23/Mar/2026:19:26:46 +0000] "POST /api/notebooks/69c193f63e258bcf03626cbd/versions/69c193f63e258bcf03626cc0/restore HTTP/1.1" 403 78 "-" "-"',
  level: 'info',
  service: 'sync-not-net-api',
  timestamp: '2026-03-24 00:56:46'
}
{
  message: 'User logged in: user-1774294006809-1n2z6j@example.com',
  level: 'info',
  service: 'sync-not-net-api',
  timestamp: '2026-03-24 00:56:47'
}
{
  message: '::ffff:127.0.0.1 - - [23/Mar/2026:19:26:47 +0000] "POST /api/users/login HTTP/1.1" 200 445 "-" "-"',
  level: 'info',
  service: 'sync-not-net-api',
  timestamp: '2026-03-24 00:56:47'
}
{
  message: '::ffff:127.0.0.1 - - [23/Mar/2026:19:26:47 +0000] "POST /api/notebooks/69c193f73e258bcf03626ccf/versions/69c193f73e258bcf03626ccd/restore HTTP/1.1" 404 52 "-" "-"',
  level: 'info',
  service: 'sync-not-net-api',
  timestamp: '2026-03-24 00:56:47'
}
{
  message: 'User logged in: user-1774294007106-lqdbvc@example.com',
  level: 'info',
  service: 'sync-not-net-api',
  timestamp: '2026-03-24 00:56:47'
}
{
  message: '::ffff:127.0.0.1 - - [23/Mar/2026:19:26:47 +0000] "POST /api/users/login HTTP/1.1" 200 445 "-" "-"',
  level: 'info',
  service: 'sync-not-net-api',
  timestamp: '2026-03-24 00:56:47'
}
{
  message: '::ffff:127.0.0.1 - - [23/Mar/2026:19:26:47 +0000] "POST /api/notebooks/69c193f73e258bcf03626cd8/versions/69c193f73e258bcf03626cda/restore HTTP/1.1" 404 51 "-" "-"',
  level: 'info',
  service: 'sync-not-net-api',
  timestamp: '2026-03-24 00:56:47'
}
{
  message: 'User logged in: user-1774294007412-lzvnej@example.com',
  level: 'info',
  service: 'sync-not-net-api',
  timestamp: '2026-03-24 00:56:47'
}
{
  message: '::ffff:127.0.0.1 - - [23/Mar/2026:19:26:47 +0000] "POST /api/users/login HTTP/1.1" 200 445 "-" "-"',
  level: 'info',
  service: 'sync-not-net-api',
  timestamp: '2026-03-24 00:56:47'
}
{
  message: '::ffff:127.0.0.1 - - [23/Mar/2026:19:26:47 +0000] "POST /api/notebooks/69c193f73e258bcf03626ce4/versions/69c193f73e258bcf03626ce8/restore HTTP/1.1" 404 51 "-" "-"',
  level: 'info',
  service: 'sync-not-net-api',
  timestamp: '2026-03-24 00:56:47'
}
{
  message: 'User logged in: user-1774294007733-swk9q9@example.com',
  level: 'info',
  service: 'sync-not-net-api',
  timestamp: '2026-03-24 00:56:47'
}
{
  message: '::ffff:127.0.0.1 - - [23/Mar/2026:19:26:47 +0000] "POST /api/users/login HTTP/1.1" 200 445 "-" "-"',
  level: 'info',
  service: 'sync-not-net-api',
  timestamp: '2026-03-24 00:56:47'
}
{
  message: '::ffff:127.0.0.1 - - [23/Mar/2026:19:26:48 +0000] "POST /api/notebooks/69c193f73e258bcf03626cf3/versions/69c193f73e258bcf03626cf5/restore HTTP/1.1" 200 75 "-" "-"',
  level: 'info',
  service: 'sync-not-net-api',
  timestamp: '2026-03-24 00:56:48'
}
{
  message: 'User logged in: user-1774294008072-hs31oz@example.com',
  level: 'info',
  service: 'sync-not-net-api',
  timestamp: '2026-03-24 00:56:48'
}
{
  message: '::ffff:127.0.0.1 - - [23/Mar/2026:19:26:48 +0000] "POST /api/users/login HTTP/1.1" 200 445 "-" "-"',
  level: 'info',
  service: 'sync-not-net-api',
  timestamp: '2026-03-24 00:56:48'
}
{
  message: '::ffff:127.0.0.1 - - [23/Mar/2026:19:26:48 +0000] "POST /api/notebooks/69c193f83e258bcf03626d04/versions/69c193f83e258bcf03626d06/restore HTTP/1.1" 200 75 "-" "-"',
  level: 'info',
  service: 'sync-not-net-api',
  timestamp: '2026-03-24 00:56:48'
}
{
  message: 'User logged in: user-1774294008395-8sim3p@example.com',
  level: 'info',
  service: 'sync-not-net-api',
  timestamp: '2026-03-24 00:56:48'
}
{
  message: '::ffff:127.0.0.1 - - [23/Mar/2026:19:26:48 +0000] "POST /api/users/login HTTP/1.1" 200 445 "-" "-"',
  level: 'info',
  service: 'sync-not-net-api',
  timestamp: '2026-03-24 00:56:48'
}
{
  message: '::ffff:127.0.0.1 - - [23/Mar/2026:19:26:48 +0000] "POST /api/notebooks/69c193f83e258bcf03626d14/versions/69c193f83e258bcf03626d16/restore HTTP/1.1" 200 75 "-" "-"',
  level: 'info',
  service: 'sync-not-net-api',
  timestamp: '2026-03-24 00:56:48'
}
{
  message: 'User logged in: user-1774294008730-99kyso@example.com',
  level: 'info',
  service: 'sync-not-net-api',
  timestamp: '2026-03-24 00:56:48'
}
{
  message: '::ffff:127.0.0.1 - - [23/Mar/2026:19:26:48 +0000] "POST /api/users/login HTTP/1.1" 200 445 "-" "-"',
  level: 'info',
  service: 'sync-not-net-api',
  timestamp: '2026-03-24 00:56:48'
}
{
  service: 'sync-not-net-api',
  stringValue: '"invalid-id"',
  messageFormat: undefined,
  kind: 'ObjectId',
  value: 'invalid-id',
  path: '_id',
  reason: BSONError: input must be a 24 character hex string, 12 byte Uint8Array, or an integer
      at new ObjectId (D:\Github_Repos\Sync-Not-Net\api\node_modules\bson\src\objectid.ts:120:15)
      at castObjectId (D:\Github_Repos\Sync-Not-Net\api\node_modules\mongoose\lib\cast\objectid.js:25:12)
      at SchemaObjectId.cast (D:\Github_Repos\Sync-Not-Net\api\node_modules\mongoose\lib\schema\objectId.js:249:12)
      at SchemaObjectId.SchemaType.applySetters (D:\Github_Repos\Sync-Not-Net\api\node_modules\mongoose\lib\schemaType.js:1255:12)
      at SchemaObjectId.SchemaType.castForQuery (D:\Github_Repos\Sync-Not-Net\api\node_modules\mongoose\lib\schemaType.js:1673:17)
      at cast (D:\Github_Repos\Sync-Not-Net\api\node_modules\mongoose\lib\cast.js:390:32)
      at model.Query.Query.cast (D:\Github_Repos\Sync-Not-Net\api\node_modules\mongoose\lib\query.js:5055:12)
      at model.Query.Query._castConditions (D:\Github_Repos\Sync-Not-Net\api\node_modules\mongoose\lib\query.js:2351:10)
      at model.Query._findOne (D:\Github_Repos\Sync-Not-Net\api\node_modules\mongoose\lib\query.js:2674:8)
      at model.Query.exec (D:\Github_Repos\Sync-Not-Net\api\node_modules\mongoose\lib\query.js:4604:80)
      at processTicksAndRejections (node:internal/process/task_queues:105:5)
      at D:\Github_Repos\Sync-Not-Net\api\routes\notebookRoutes.js:1742:22,
  valueType: 'string',
  level: 'error',
  message: 'Error fetching version history: Cast to ObjectId failed for value "invalid-id" (type string) at path "_id" for model "Notebook"',
  stack: 'CastError: Cast to ObjectId failed for value "invalid-id" (type string) at path "_id" for model "Notebook"\n' +
    '    at SchemaObjectId.cast (D:\\Github_Repos\\Sync-Not-Net\\api\\node_modules\\mongoose\\lib\\schema\\objectId.js:251:11)\n' +
    '    at SchemaObjectId.SchemaType.applySetters (D:\\Github_Repos\\Sync-Not-Net\\api\\node_modules\\mongoose\\lib\\schemaType.js:1255:12)\n' +
    '    at SchemaObjectId.SchemaType.castForQuery (D:\\Github_Repos\\Sync-Not-Net\\api\\node_modules\\mongoose\\lib\\schemaType.js:1673:17)\n' +
    '    at cast (D:\\Github_Repos\\Sync-Not-Net\\api\\node_modules\\mongoose\\lib\\cast.js:390:32)\n' +
    '    at model.Query.Query.cast (D:\\Github_Repos\\Sync-Not-Net\\api\\node_modules\\mongoose\\lib\\query.js:5055:12)\n' +
    '    at model.Query.Query._castConditions (D:\\Github_Repos\\Sync-Not-Net\\api\\node_modules\\mongoose\\lib\\query.js:2351:10)\n' +
    '    at model.Query._findOne (D:\\Github_Repos\\Sync-Not-Net\\api\\node_modules\\mongoose\\lib\\query.js:2674:8)\n' +
    '    at model.Query.exec (D:\\Github_Repos\\Sync-Not-Net\\api\\node_modules\\mongoose\\lib\\query.js:4604:80)\n' +
    '    at processTicksAndRejections (node:internal/process/task_queues:105:5)\n' +
    '    at D:\\Github_Repos\\Sync-Not-Net\\api\\routes\\notebookRoutes.js:1742:22',
  timestamp: '2026-03-24 00:56:48'
}
{
  message: '::ffff:127.0.0.1 - - [23/Mar/2026:19:26:49 +0000] "GET /api/notebooks/invalid-id/versions HTTP/1.1" 500 68 "-" "-"',
  level: 'info',
  service: 'sync-not-net-api',
  timestamp: '2026-03-24 00:56:49'
}
{
  message: 'User logged in: user-1774294009101-vheor2@example.com',
  level: 'info',
  service: 'sync-not-net-api',
  timestamp: '2026-03-24 00:56:49'
}
{
  message: '::ffff:127.0.0.1 - - [23/Mar/2026:19:26:49 +0000] "POST /api/users/login HTTP/1.1" 200 445 "-" "-"',
  level: 'info',
  service: 'sync-not-net-api',
  timestamp: '2026-03-24 00:56:49'
}
{
  service: 'sync-not-net-api',
  stringValue: '"invalid-id"',
  messageFormat: undefined,
  kind: 'ObjectId',
  value: 'invalid-id',
  path: '_id',
  reason: BSONError: input must be a 24 character hex string, 12 byte Uint8Array, or an integer
      at new ObjectId (D:\Github_Repos\Sync-Not-Net\api\node_modules\bson\src\objectid.ts:120:15)
      at castObjectId (D:\Github_Repos\Sync-Not-Net\api\node_modules\mongoose\lib\cast\objectid.js:25:12)
      at SchemaObjectId.cast (D:\Github_Repos\Sync-Not-Net\api\node_modules\mongoose\lib\schema\objectId.js:249:12)
      at SchemaObjectId.SchemaType.applySetters (D:\Github_Repos\Sync-Not-Net\api\node_modules\mongoose\lib\schemaType.js:1255:12)
      at SchemaObjectId.SchemaType.castForQuery (D:\Github_Repos\Sync-Not-Net\api\node_modules\mongoose\lib\schemaType.js:1673:17)
      at cast (D:\Github_Repos\Sync-Not-Net\api\node_modules\mongoose\lib\cast.js:390:32)
      at model.Query.Query.cast (D:\Github_Repos\Sync-Not-Net\api\node_modules\mongoose\lib\query.js:5055:12)
      at model.Query.Query._castConditions (D:\Github_Repos\Sync-Not-Net\api\node_modules\mongoose\lib\query.js:2351:10)
      at model.Query._findOne (D:\Github_Repos\Sync-Not-Net\api\node_modules\mongoose\lib\query.js:2674:8)
      at model.Query.exec (D:\Github_Repos\Sync-Not-Net\api\node_modules\mongoose\lib\query.js:4604:80)
      at processTicksAndRejections (node:internal/process/task_queues:105:5)
      at D:\Github_Repos\Sync-Not-Net\api\routes\notebookRoutes.js:1810:21,
  valueType: 'string',
  level: 'error',
  message: 'Error fetching version: Cast to ObjectId failed for value "invalid-id" (type string) at path "_id" for model "NotebookVersion"',
  stack: 'CastError: Cast to ObjectId failed for value "invalid-id" (type string) at path "_id" for model "NotebookVersion"\n' +
    '    at SchemaObjectId.cast (D:\\Github_Repos\\Sync-Not-Net\\api\\node_modules\\mongoose\\lib\\schema\\objectId.js:251:11)\n' +
    '    at SchemaObjectId.SchemaType.applySetters (D:\\Github_Repos\\Sync-Not-Net\\api\\node_modules\\mongoose\\lib\\schemaType.js:1255:12)\n' +
    '    at SchemaObjectId.SchemaType.castForQuery (D:\\Github_Repos\\Sync-Not-Net\\api\\node_modules\\mongoose\\lib\\schemaType.js:1673:17)\n' +
    '    at cast (D:\\Github_Repos\\Sync-Not-Net\\api\\node_modules\\mongoose\\lib\\cast.js:390:32)\n' +
    '    at model.Query.Query.cast (D:\\Github_Repos\\Sync-Not-Net\\api\\node_modules\\mongoose\\lib\\query.js:5055:12)\n' +
    '    at model.Query.Query._castConditions (D:\\Github_Repos\\Sync-Not-Net\\api\\node_modules\\mongoose\\lib\\query.js:2351:10)\n' +
    '    at model.Query._findOne (D:\\Github_Repos\\Sync-Not-Net\\api\\node_modules\\mongoose\\lib\\query.js:2674:8)\n' +
    '    at model.Query.exec (D:\\Github_Repos\\Sync-Not-Net\\api\\node_modules\\mongoose\\lib\\query.js:4604:80)\n' +
    '    at processTicksAndRejections (node:internal/process/task_queues:105:5)\n' +
    '    at D:\\Github_Repos\\Sync-Not-Net\\api\\routes\\notebookRoutes.js:1810:21',
  timestamp: '2026-03-24 00:56:49'
}
{
  message: '::ffff:127.0.0.1 - - [23/Mar/2026:19:26:49 +0000] "GET /api/notebooks/69c193f93e258bcf03626d2c/versions/invalid-id HTTP/1.1" 500 60 "-" "-"',
  level: 'info',
  service: 'sync-not-net-api',
  timestamp: '2026-03-24 00:56:49'
}
{
  message: 'User logged in: user-1774294009415-9xco11@example.com',
  level: 'info',
  service: 'sync-not-net-api',
  timestamp: '2026-03-24 00:56:49'
}
{
  message: '::ffff:127.0.0.1 - - [23/Mar/2026:19:26:49 +0000] "POST /api/users/login HTTP/1.1" 200 445 "-" "-"',
  level: 'info',
  service: 'sync-not-net-api',
  timestamp: '2026-03-24 00:56:49'
}
{
  message: '::ffff:127.0.0.1 - - [23/Mar/2026:19:26:49 +0000] "GET /api/notebooks/69c193f93e258bcf03626d36/versions HTTP/1.1" 200 1000260 "-" "-"',
  level: 'info',
  service: 'sync-not-net-api',
  timestamp: '2026-03-24 00:56:49'
}
{
  message: 'User logged in: user-1774294009773-iclgsj@example.com',
  level: 'info',
  service: 'sync-not-net-api',
  timestamp: '2026-03-24 00:56:49'
}
{
  message: '::ffff:127.0.0.1 - - [23/Mar/2026:19:26:50 +0000] "POST /api/users/login HTTP/1.1" 200 445 "-" "-"',
  level: 'info',
  service: 'sync-not-net-api',
  timestamp: '2026-03-24 00:56:50'
}
{
  message: '::ffff:127.0.0.1 - - [23/Mar/2026:19:26:50 +0000] "POST /api/notebooks/69c193fa3e258bcf03626d44/versions/69c193fa3e258bcf03626d46/restore HTTP/1.1" 200 75 "-" "-"',
  level: 'info',
  service: 'sync-not-net-api',
  timestamp: '2026-03-24 00:56:50'
}
{
  message: '::ffff:127.0.0.1 - - [23/Mar/2026:19:26:50 +0000] "POST /api/notebooks/69c193fa3e258bcf03626d44/versions/69c193fa3e258bcf03626d46/restore HTTP/1.1" 200 75 "-" "-"',
  level: 'info',
  service: 'sync-not-net-api',
  timestamp: '2026-03-24 00:56:50'
}
{
  message: '::ffff:127.0.0.1 - - [23/Mar/2026:19:26:50 +0000] "POST /api/notebooks/69c193fa3e258bcf03626d44/versions/69c193fa3e258bcf03626d46/restore HTTP/1.1" 200 75 "-" "-"',
  level: 'info',
  service: 'sync-not-net-api',
  timestamp: '2026-03-24 00:56:50'
}
{
  message: '::ffff:127.0.0.1 - - [23/Mar/2026:19:26:50 +0000] "POST /api/notebooks/69c193fa3e258bcf03626d44/versions/69c193fa3e258bcf03626d46/restore HTTP/1.1" 200 75 "-" "-"',
  level: 'info',
  service: 'sync-not-net-api',
  timestamp: '2026-03-24 00:56:50'
}
{
  message: '::ffff:127.0.0.1 - - [23/Mar/2026:19:26:50 +0000] "POST /api/notebooks/69c193fa3e258bcf03626d44/versions/69c193fa3e258bcf03626d46/restore HTTP/1.1" 200 75 "-" "-"',
  level: 'info',
  service: 'sync-not-net-api',
  timestamp: '2026-03-24 00:56:50'
}
{
  message: 'User logged in: user-1774294010313-ve7v87@example.com',
  level: 'info',
  service: 'sync-not-net-api',
  timestamp: '2026-03-24 00:56:50'
}
{
  message: '::ffff:127.0.0.1 - - [23/Mar/2026:19:26:50 +0000] "POST /api/users/login HTTP/1.1" 200 445 "-" "-"',
  level: 'info',
  service: 'sync-not-net-api',
  timestamp: '2026-03-24 00:56:50'
}
{
  message: '::ffff:127.0.0.1 - - [23/Mar/2026:19:26:50 +0000] "GET /api/notebooks/69c193fa3e258bcf03626d70/versions/69c193fa3e258bcf03626d72 HTTP/1.1" 200 174 "-" "-"',
  level: 'info',
  service: 'sync-not-net-api',
  timestamp: '2026-03-24 00:56:50'
}
{
  message: 'User logged in: user-1774294010624-2sbsnk@example.com',
  level: 'info',
  service: 'sync-not-net-api',
  timestamp: '2026-03-24 00:56:50'
}
{
  message: '::ffff:127.0.0.1 - - [23/Mar/2026:19:26:50 +0000] "POST /api/users/login HTTP/1.1" 200 445 "-" "-"',
  level: 'info',
  service: 'sync-not-net-api',
  timestamp: '2026-03-24 00:56:50'
}
{
  message: '::ffff:127.0.0.1 - - [23/Mar/2026:19:26:50 +0000] "GET /api/notebooks/69c193fa3e258bcf03626d7d/versions HTTP/1.1" 200 298 "-" "-"',
  level: 'info',
  service: 'sync-not-net-api',
  timestamp: '2026-03-24 00:56:50'
}
{
  message: 'Running without Redis in development mode',
  level: 'info',
  service: 'sync-not-net-api',
  timestamp: '2026-03-24 00:56:51'
}
{
  message: 'MongoDB Connected successfully',
  level: 'info',
  service: 'sync-not-net-api',
  timestamp: '2026-03-24 00:56:51'
}
{
  message: 'User logged in: user-1774294011746-tdbyf2@example.com',
  level: 'info',
  service: 'sync-not-net-api',
  timestamp: '2026-03-24 00:56:51'
}
{
  message: '::ffff:127.0.0.1 - - [23/Mar/2026:19:26:51 +0000] "POST /api/users/login HTTP/1.1" 200 445 "-" "-"',
  level: 'info',
  service: 'sync-not-net-api',
  timestamp: '2026-03-24 00:56:51'
}
{
  message: 'User logged in: user-1774294012000-r28rux@example.com',
  level: 'info',
  service: 'sync-not-net-api',
  timestamp: '2026-03-24 00:56:52'
}
{
  message: '::ffff:127.0.0.1 - - [23/Mar/2026:19:26:52 +0000] "POST /api/users/login HTTP/1.1" 200 445 "-" "-"',
  level: 'info',
  service: 'sync-not-net-api',
  timestamp: '2026-03-24 00:56:52'
}
{
  message: '::ffff:127.0.0.1 - - [23/Mar/2026:19:26:52 +0000] "GET /api/notebooks/69c193fce21edb54c52a100f/collaborators HTTP/1.1" 200 150 "-" "-"',
  level: 'info',
  service: 'sync-not-net-api',
  timestamp: '2026-03-24 00:56:52'
}
{
  message: 'User logged in: user-1774294012344-kj1j06@example.com',
  level: 'info',
  service: 'sync-not-net-api',
  timestamp: '2026-03-24 00:56:52'
}
{
  message: '::ffff:127.0.0.1 - - [23/Mar/2026:19:26:52 +0000] "POST /api/users/login HTTP/1.1" 200 445 "-" "-"',
  level: 'info',
  service: 'sync-not-net-api',
  timestamp: '2026-03-24 00:56:52'
}
{
  message: '::ffff:127.0.0.1 - - [23/Mar/2026:19:26:52 +0000] "GET /api/notebooks/69c193fce21edb54c52a101b/collaborators HTTP/1.1" 401 55 "-" "-"',
  level: 'info',
  service: 'sync-not-net-api',
  timestamp: '2026-03-24 00:56:52'
}
{
  message: 'User logged in: user-1774294012612-xeukso@example.com',
  level: 'info',
  service: 'sync-not-net-api',
  timestamp: '2026-03-24 00:56:52'
}
{
  message: '::ffff:127.0.0.1 - - [23/Mar/2026:19:26:52 +0000] "POST /api/users/login HTTP/1.1" 200 445 "-" "-"',
  level: 'info',
  service: 'sync-not-net-api',
  timestamp: '2026-03-24 00:56:52'
}
{
  message: '::ffff:127.0.0.1 - - [23/Mar/2026:19:26:52 +0000] "GET /api/notebooks/69c193fce21edb54c52a1021/collaborators HTTP/1.1" 404 96 "-" "-"',
  level: 'info',
  service: 'sync-not-net-api',
  timestamp: '2026-03-24 00:56:52'
}
{
  message: 'User logged in: user-1774294012911-cpzdnc@example.com',
  level: 'info',
  service: 'sync-not-net-api',
  timestamp: '2026-03-24 00:56:53'
}
{
  message: '::ffff:127.0.0.1 - - [23/Mar/2026:19:26:53 +0000] "POST /api/users/login HTTP/1.1" 200 445 "-" "-"',
  level: 'info',
  service: 'sync-not-net-api',
  timestamp: '2026-03-24 00:56:53'
}
{
  message: '::ffff:127.0.0.1 - - [23/Mar/2026:19:26:53 +0000] "GET /api/notebooks/69c193fde21edb54c52a1029/collaborators HTTP/1.1" 200 20 "-" "-"',
  level: 'info',
  service: 'sync-not-net-api',
  timestamp: '2026-03-24 00:56:53'
}
{
  message: 'User logged in: user-1774294013208-6mecbe@example.com',
  level: 'info',
  service: 'sync-not-net-api',
  timestamp: '2026-03-24 00:56:53'
}
{
  message: '::ffff:127.0.0.1 - - [23/Mar/2026:19:26:53 +0000] "POST /api/users/login HTTP/1.1" 200 445 "-" "-"',
  level: 'info',
  service: 'sync-not-net-api',
  timestamp: '2026-03-24 00:56:53'
}
{
  message: 'User logged in: user-1774294013442-2swq00@example.com',
  level: 'info',
  service: 'sync-not-net-api',
  timestamp: '2026-03-24 00:56:53'
}
{
  message: '::ffff:127.0.0.1 - - [23/Mar/2026:19:26:53 +0000] "POST /api/users/login HTTP/1.1" 200 445 "-" "-"',
  level: 'info',
  service: 'sync-not-net-api',
  timestamp: '2026-03-24 00:56:53'
}
{
  message: 'User logged in: user-1774294013675-27g2rp@example.com',
  level: 'info',
  service: 'sync-not-net-api',
  timestamp: '2026-03-24 00:56:53'
}
{
  message: '::ffff:127.0.0.1 - - [23/Mar/2026:19:26:53 +0000] "POST /api/users/login HTTP/1.1" 200 445 "-" "-"',
  level: 'info',
  service: 'sync-not-net-api',
  timestamp: '2026-03-24 00:56:53'
}
{
  message: '::ffff:127.0.0.1 - - [23/Mar/2026:19:26:53 +0000] "GET /api/notebooks/69c193fde21edb54c52a1038/collaborators HTTP/1.1" 200 282 "-" "-"',
  level: 'info',
  service: 'sync-not-net-api',
  timestamp: '2026-03-24 00:56:53'
}
{
  message: 'User logged in: user-1774294014003-mgi5qm@example.com',
  level: 'info',
  service: 'sync-not-net-api',
  timestamp: '2026-03-24 00:56:54'
}
{
  message: '::ffff:127.0.0.1 - - [23/Mar/2026:19:26:54 +0000] "POST /api/users/login HTTP/1.1" 200 445 "-" "-"',
  level: 'info',
  service: 'sync-not-net-api',
  timestamp: '2026-03-24 00:56:54'
}
{
  message: 'User logged in: user-1774294014250-3vexxf@example.com',
  level: 'info',
  service: 'sync-not-net-api',
  timestamp: '2026-03-24 00:56:54'
}
{
  message: '::ffff:127.0.0.1 - - [23/Mar/2026:19:26:54 +0000] "POST /api/users/login HTTP/1.1" 200 445 "-" "-"',
  level: 'info',
  service: 'sync-not-net-api',
  timestamp: '2026-03-24 00:56:54'
}
{
  message: 'User logged in: user-1774294014489-tz3977@example.com',
  level: 'info',
  service: 'sync-not-net-api',
  timestamp: '2026-03-24 00:56:54'
}
{
  message: '::ffff:127.0.0.1 - - [23/Mar/2026:19:26:54 +0000] "POST /api/users/login HTTP/1.1" 200 445 "-" "-"',
  level: 'info',
  service: 'sync-not-net-api',
  timestamp: '2026-03-24 00:56:54'
}
{
  message: 'User logged in: user-1774294014725-g1v4mm@example.com',
  level: 'info',
  service: 'sync-not-net-api',
  timestamp: '2026-03-24 00:56:54'
}
{
  message: '::ffff:127.0.0.1 - - [23/Mar/2026:19:26:54 +0000] "POST /api/users/login HTTP/1.1" 200 445 "-" "-"',
  level: 'info',
  service: 'sync-not-net-api',
  timestamp: '2026-03-24 00:56:54'
}
{
  message: '::ffff:127.0.0.1 - - [23/Mar/2026:19:26:55 +0000] "GET /api/notebooks/69c193fee21edb54c52a104f/collaborators HTTP/1.1" 200 414 "-" "-"',
  level: 'info',
  service: 'sync-not-net-api',
  timestamp: '2026-03-24 00:56:55'
}
{
  message: 'User logged in: user-1774294015041-c4470f@example.com',
  level: 'info',
  service: 'sync-not-net-api',
  timestamp: '2026-03-24 00:56:55'
}
{
  message: '::ffff:127.0.0.1 - - [23/Mar/2026:19:26:55 +0000] "POST /api/users/login HTTP/1.1" 200 445 "-" "-"',
  level: 'info',
  service: 'sync-not-net-api',
  timestamp: '2026-03-24 00:56:55'
}
{
  message: 'User logged in: user-1774294015274-hhweoc@example.com',
  level: 'info',
  service: 'sync-not-net-api',
  timestamp: '2026-03-24 00:56:55'
}
{
  message: '::ffff:127.0.0.1 - - [23/Mar/2026:19:26:55 +0000] "POST /api/users/login HTTP/1.1" 200 445 "-" "-"',
  level: 'info',
  service: 'sync-not-net-api',
  timestamp: '2026-03-24 00:56:55'
}
{
  message: '::ffff:127.0.0.1 - - [23/Mar/2026:19:26:55 +0000] "PUT /api/notebooks/69c193ffe21edb54c52a1062/collaborators/69c193ffe21edb54c52a105f HTTP/1.1" 200 191 "-" "-"',
  level: 'info',
  service: 'sync-not-net-api',
  timestamp: '2026-03-24 00:56:55'
}
{
  message: 'User logged in: user-1774294015591-eivehn@example.com',
  level: 'info',
  service: 'sync-not-net-api',
  timestamp: '2026-03-24 00:56:55'
}
{
  message: '::ffff:127.0.0.1 - - [23/Mar/2026:19:26:55 +0000] "POST /api/users/login HTTP/1.1" 200 445 "-" "-"',
  level: 'info',
  service: 'sync-not-net-api',
  timestamp: '2026-03-24 00:56:55'
}
{
  message: '::ffff:127.0.0.1 - - [23/Mar/2026:19:26:55 +0000] "PUT /api/notebooks/69c193ffe21edb54c52a1071/collaborators/69c193ffe21edb54c52a106e HTTP/1.1" 401 55 "-" "-"',
  level: 'info',
  service: 'sync-not-net-api',
  timestamp: '2026-03-24 00:56:55'
}
{
  message: 'User logged in: user-1774294015855-zegf2n@example.com',
  level: 'info',
  service: 'sync-not-net-api',
  timestamp: '2026-03-24 00:56:56'
}
{
  message: '::ffff:127.0.0.1 - - [23/Mar/2026:19:26:56 +0000] "POST /api/users/login HTTP/1.1" 200 445 "-" "-"',
  level: 'info',
  service: 'sync-not-net-api',
  timestamp: '2026-03-24 00:56:56'
}
{
  message: 'User logged in: user-1774294016099-mb0pfh@example.com',
  level: 'info',
  service: 'sync-not-net-api',
  timestamp: '2026-03-24 00:56:56'
}
{
  message: '::ffff:127.0.0.1 - - [23/Mar/2026:19:26:56 +0000] "POST /api/users/login HTTP/1.1" 200 445 "-" "-"',
  level: 'info',
  service: 'sync-not-net-api',
  timestamp: '2026-03-24 00:56:56'
}
{
  message: 'User logged in: user-1774294016339-xm8tyh@example.com',
  level: 'info',
  service: 'sync-not-net-api',
  timestamp: '2026-03-24 00:56:56'
}
{
  message: '::ffff:127.0.0.1 - - [23/Mar/2026:19:26:56 +0000] "POST /api/users/login HTTP/1.1" 200 445 "-" "-"',
  level: 'info',
  service: 'sync-not-net-api',
  timestamp: '2026-03-24 00:56:56'
}
{
  message: '::ffff:127.0.0.1 - - [23/Mar/2026:19:26:56 +0000] "PUT /api/notebooks/69c19400e21edb54c52a107d/collaborators/69c19400e21edb54c52a1077 HTTP/1.1" 403 91 "-" "-"',
  level: 'info',
  service: 'sync-not-net-api',
  timestamp: '2026-03-24 00:56:56'
}
{
  message: 'User logged in: user-1774294016645-uz4slg@example.com',
  level: 'info',
  service: 'sync-not-net-api',
  timestamp: '2026-03-24 00:56:56'
}
{
  message: '::ffff:127.0.0.1 - - [23/Mar/2026:19:26:56 +0000] "POST /api/users/login HTTP/1.1" 200 445 "-" "-"',
  level: 'info',
  service: 'sync-not-net-api',
  timestamp: '2026-03-24 00:56:56'
}
{
  message: 'User logged in: user-1774294016884-wyf6zy@example.com',
  level: 'info',
  service: 'sync-not-net-api',
  timestamp: '2026-03-24 00:56:57'
}
{
  message: '::ffff:127.0.0.1 - - [23/Mar/2026:19:26:57 +0000] "POST /api/users/login HTTP/1.1" 200 445 "-" "-"',
  level: 'info',
  service: 'sync-not-net-api',
  timestamp: '2026-03-24 00:56:57'
}
{
  message: '::ffff:127.0.0.1 - - [23/Mar/2026:19:26:57 +0000] "PUT /api/notebooks/69c19401e21edb54c52a108b/collaborators/69c19400e21edb54c52a1088 HTTP/1.1" 400 87 "-" "-"',
  level: 'info',
  service: 'sync-not-net-api',
  timestamp: '2026-03-24 00:56:57'
}
{
  message: 'User logged in: user-1774294017188-0xoh6y@example.com',
  level: 'info',
  service: 'sync-not-net-api',
  timestamp: '2026-03-24 00:56:57'
}
{
  message: '::ffff:127.0.0.1 - - [23/Mar/2026:19:26:57 +0000] "POST /api/users/login HTTP/1.1" 200 445 "-" "-"',
  level: 'info',
  service: 'sync-not-net-api',
  timestamp: '2026-03-24 00:56:57'
}
{
  message: 'User logged in: user-1774294017433-2bynrs@example.com',
  level: 'info',
  service: 'sync-not-net-api',
  timestamp: '2026-03-24 00:56:57'
}
{
  message: '::ffff:127.0.0.1 - - [23/Mar/2026:19:26:57 +0000] "POST /api/users/login HTTP/1.1" 200 445 "-" "-"',
  level: 'info',
  service: 'sync-not-net-api',
  timestamp: '2026-03-24 00:56:57'
}
{
  message: '::ffff:127.0.0.1 - - [23/Mar/2026:19:26:57 +0000] "PUT /api/notebooks/69c19401e21edb54c52a1097/collaborators/69c19401e21edb54c52a1094 HTTP/1.1" 404 96 "-" "-"',
  level: 'info',
  service: 'sync-not-net-api',
  timestamp: '2026-03-24 00:56:57'
}
{
  message: 'User logged in: user-1774294017720-u9gvd8@example.com',
  level: 'info',
  service: 'sync-not-net-api',
  timestamp: '2026-03-24 00:56:57'
}
{
  message: '::ffff:127.0.0.1 - - [23/Mar/2026:19:26:57 +0000] "POST /api/users/login HTTP/1.1" 200 445 "-" "-"',
  level: 'info',
  service: 'sync-not-net-api',
  timestamp: '2026-03-24 00:56:57'
}
{
  message: 'User logged in: user-1774294017963-2u9vye@example.com',
  level: 'info',
  service: 'sync-not-net-api',
  timestamp: '2026-03-24 00:56:58'
}
{
  message: '::ffff:127.0.0.1 - - [23/Mar/2026:19:26:58 +0000] "POST /api/users/login HTTP/1.1" 200 445 "-" "-"',
  level: 'info',
  service: 'sync-not-net-api',
  timestamp: '2026-03-24 00:56:58'
}
{
  message: '::ffff:127.0.0.1 - - [23/Mar/2026:19:26:58 +0000] "PUT /api/notebooks/69c19402e21edb54c52a10a3/collaborators/69c19401e21edb54c52a10a0 HTTP/1.1" 200 191 "-" "-"',
  level: 'info',
  service: 'sync-not-net-api',
  timestamp: '2026-03-24 00:56:58'
}
{
  message: 'User logged in: user-1774294018278-3as9i9@example.com',
  level: 'info',
  service: 'sync-not-net-api',
  timestamp: '2026-03-24 00:56:58'
}
{
  message: '::ffff:127.0.0.1 - - [23/Mar/2026:19:26:58 +0000] "POST /api/users/login HTTP/1.1" 200 445 "-" "-"',
  level: 'info',
  service: 'sync-not-net-api',
  timestamp: '2026-03-24 00:56:58'
}
{
  message: 'User logged in: user-1774294018516-hiwqtp@example.com',
  level: 'info',
  service: 'sync-not-net-api',
  timestamp: '2026-03-24 00:56:58'
}
{
  message: '::ffff:127.0.0.1 - - [23/Mar/2026:19:26:58 +0000] "POST /api/users/login HTTP/1.1" 200 445 "-" "-"',
  level: 'info',
  service: 'sync-not-net-api',
  timestamp: '2026-03-24 00:56:58'
}
{
  message: '::ffff:127.0.0.1 - - [23/Mar/2026:19:26:58 +0000] "DELETE /api/notebooks/69c19402e21edb54c52a10b3/collaborators/69c19402e21edb54c52a10b0 HTTP/1.1" 200 47 "-" "-"',
  level: 'info',
  service: 'sync-not-net-api',
  timestamp: '2026-03-24 00:56:58'
}
{
  message: 'User logged in: user-1774294018833-xq3rub@example.com',
  level: 'info',
  service: 'sync-not-net-api',
  timestamp: '2026-03-24 00:56:59'
}
{
  message: '::ffff:127.0.0.1 - - [23/Mar/2026:19:26:59 +0000] "POST /api/users/login HTTP/1.1" 200 445 "-" "-"',
  level: 'info',
  service: 'sync-not-net-api',
  timestamp: '2026-03-24 00:56:59'
}
{
  message: '::ffff:127.0.0.1 - - [23/Mar/2026:19:26:59 +0000] "DELETE /api/notebooks/69c19403e21edb54c52a10c0/collaborators/69c19402e21edb54c52a10bd HTTP/1.1" 401 55 "-" "-"',
  level: 'info',
  service: 'sync-not-net-api',
  timestamp: '2026-03-24 00:56:59'
}
{
  message: 'User logged in: user-1774294019092-zzvu2z@example.com',
  level: 'info',
  service: 'sync-not-net-api',
  timestamp: '2026-03-24 00:56:59'
}
{
  message: '::ffff:127.0.0.1 - - [23/Mar/2026:19:26:59 +0000] "POST /api/users/login HTTP/1.1" 200 445 "-" "-"',
  level: 'info',
  service: 'sync-not-net-api',
  timestamp: '2026-03-24 00:56:59'
}
{
  message: 'User logged in: user-1774294019324-tx0csg@example.com',
  level: 'info',
  service: 'sync-not-net-api',
  timestamp: '2026-03-24 00:56:59'
}
{
  message: '::ffff:127.0.0.1 - - [23/Mar/2026:19:26:59 +0000] "POST /api/users/login HTTP/1.1" 200 445 "-" "-"',
  level: 'info',
  service: 'sync-not-net-api',
  timestamp: '2026-03-24 00:56:59'
}
{
  message: 'User logged in: user-1774294019562-atbfyh@example.com',
  level: 'info',
  service: 'sync-not-net-api',
  timestamp: '2026-03-24 00:56:59'
}
{
  message: '::ffff:127.0.0.1 - - [23/Mar/2026:19:26:59 +0000] "POST /api/users/login HTTP/1.1" 200 445 "-" "-"',
  level: 'info',
  service: 'sync-not-net-api',
  timestamp: '2026-03-24 00:56:59'
}
{
  message: '::ffff:127.0.0.1 - - [23/Mar/2026:19:26:59 +0000] "DELETE /api/notebooks/69c19403e21edb54c52a10cc/collaborators/69c19403e21edb54c52a10c9 HTTP/1.1" 403 80 "-" "-"',
  level: 'info',
  service: 'sync-not-net-api',
  timestamp: '2026-03-24 00:56:59'
}
{
  message: 'User logged in: user-1774294019881-eomcwj@example.com',
  level: 'info',
  service: 'sync-not-net-api',
  timestamp: '2026-03-24 00:57:00'
}
{
  message: '::ffff:127.0.0.1 - - [23/Mar/2026:19:27:00 +0000] "POST /api/users/login HTTP/1.1" 200 445 "-" "-"',
  level: 'info',
  service: 'sync-not-net-api',
  timestamp: '2026-03-24 00:57:00'
}
{
  message: 'User logged in: user-1774294020127-peofep@example.com',
  level: 'info',
  service: 'sync-not-net-api',
  timestamp: '2026-03-24 00:57:00'
}
{
  message: '::ffff:127.0.0.1 - - [23/Mar/2026:19:27:00 +0000] "POST /api/users/login HTTP/1.1" 200 445 "-" "-"',
  level: 'info',
  service: 'sync-not-net-api',
  timestamp: '2026-03-24 00:57:00'
}
{
  message: '::ffff:127.0.0.1 - - [23/Mar/2026:19:27:00 +0000] "DELETE /api/notebooks/69c19404e21edb54c52a10dc/collaborators/69c19404e21edb54c52a10d9 HTTP/1.1" 200 47 "-" "-"',
  level: 'info',
  service: 'sync-not-net-api',
  timestamp: '2026-03-24 00:57:00'
}
{
  message: 'User logged in: user-1774294020431-8olk22@example.com',
  level: 'info',
  service: 'sync-not-net-api',
  timestamp: '2026-03-24 00:57:00'
}
{
  message: '::ffff:127.0.0.1 - - [23/Mar/2026:19:27:00 +0000] "POST /api/users/login HTTP/1.1" 200 445 "-" "-"',
  level: 'info',
  service: 'sync-not-net-api',
  timestamp: '2026-03-24 00:57:00'
}
{
  message: 'User logged in: user-1774294020668-zez1h9@example.com',
  level: 'info',
  service: 'sync-not-net-api',
  timestamp: '2026-03-24 00:57:00'
}
{
  message: '::ffff:127.0.0.1 - - [23/Mar/2026:19:27:00 +0000] "POST /api/users/login HTTP/1.1" 200 445 "-" "-"',
  level: 'info',
  service: 'sync-not-net-api',
  timestamp: '2026-03-24 00:57:00'
}
{
  message: '::ffff:127.0.0.1 - - [23/Mar/2026:19:27:00 +0000] "DELETE /api/notebooks/69c19404e21edb54c52a10eb/collaborators/69c19404e21edb54c52a10e8 HTTP/1.1" 200 47 "-" "-"',
  level: 'info',
  service: 'sync-not-net-api',
  timestamp: '2026-03-24 00:57:00'
}
{
  message: 'User logged in: user-1774294020947-7cmxhe@example.com',
  level: 'info',
  service: 'sync-not-net-api',
  timestamp: '2026-03-24 00:57:01'
}
{
  message: '::ffff:127.0.0.1 - - [23/Mar/2026:19:27:01 +0000] "POST /api/users/login HTTP/1.1" 200 445 "-" "-"',
  level: 'info',
  service: 'sync-not-net-api',
  timestamp: '2026-03-24 00:57:01'
}
{
  service: 'sync-not-net-api',
  stringValue: '"invalid-id"',
  messageFormat: undefined,
  kind: 'ObjectId',
  value: 'invalid-id',
  path: '_id',
  reason: BSONError: input must be a 24 character hex string, 12 byte Uint8Array, or an integer
      at new ObjectId (D:\Github_Repos\Sync-Not-Net\api\node_modules\bson\src\objectid.ts:120:15)
      at castObjectId (D:\Github_Repos\Sync-Not-Net\api\node_modules\mongoose\lib\cast\objectid.js:25:12)
      at SchemaObjectId.cast (D:\Github_Repos\Sync-Not-Net\api\node_modules\mongoose\lib\schema\objectId.js:249:12)
      at SchemaObjectId.SchemaType.applySetters (D:\Github_Repos\Sync-Not-Net\api\node_modules\mongoose\lib\schemaType.js:1255:12)
      at SchemaObjectId.SchemaType.castForQuery (D:\Github_Repos\Sync-Not-Net\api\node_modules\mongoose\lib\schemaType.js:1673:17)
      at cast (D:\Github_Repos\Sync-Not-Net\api\node_modules\mongoose\lib\cast.js:390:32)
      at model.Query.Query.cast (D:\Github_Repos\Sync-Not-Net\api\node_modules\mongoose\lib\query.js:5055:12)
      at model.Query.Query._castConditions (D:\Github_Repos\Sync-Not-Net\api\node_modules\mongoose\lib\query.js:2351:10)
      at model.Query._findOne (D:\Github_Repos\Sync-Not-Net\api\node_modules\mongoose\lib\query.js:2674:8)
      at model.Query.exec (D:\Github_Repos\Sync-Not-Net\api\node_modules\mongoose\lib\query.js:4604:80)
      at processTicksAndRejections (node:internal/process/task_queues:105:5)
      at D:\Github_Repos\Sync-Not-Net\api\routes\notebookRoutes.js:2145:22,
  valueType: 'string',
  level: 'error',
  message: 'Error fetching notebook collaborators: Cast to ObjectId failed for value "invalid-id" (type string) at path "_id" for model "Notebook"',
  stack: 'CastError: Cast to ObjectId failed for value "invalid-id" (type string) at path "_id" for model "Notebook"\n' +
    '    at SchemaObjectId.cast (D:\\Github_Repos\\Sync-Not-Net\\api\\node_modules\\mongoose\\lib\\schema\\objectId.js:251:11)\n' +
    '    at SchemaObjectId.SchemaType.applySetters (D:\\Github_Repos\\Sync-Not-Net\\api\\node_modules\\mongoose\\lib\\schemaType.js:1255:12)\n' +
    '    at SchemaObjectId.SchemaType.castForQuery (D:\\Github_Repos\\Sync-Not-Net\\api\\node_modules\\mongoose\\lib\\schemaType.js:1673:17)\n' +
    '    at cast (D:\\Github_Repos\\Sync-Not-Net\\api\\node_modules\\mongoose\\lib\\cast.js:390:32)\n' +
    '    at model.Query.Query.cast (D:\\Github_Repos\\Sync-Not-Net\\api\\node_modules\\mongoose\\lib\\query.js:5055:12)\n' +
    '    at model.Query.Query._castConditions (D:\\Github_Repos\\Sync-Not-Net\\api\\node_modules\\mongoose\\lib\\query.js:2351:10)\n' +
    '    at model.Query._findOne (D:\\Github_Repos\\Sync-Not-Net\\api\\node_modules\\mongoose\\lib\\query.js:2674:8)\n' +
    '    at model.Query.exec (D:\\Github_Repos\\Sync-Not-Net\\api\\node_modules\\mongoose\\lib\\query.js:4604:80)\n' +
    '    at processTicksAndRejections (node:internal/process/task_queues:105:5)\n' +
    '    at D:\\Github_Repos\\Sync-Not-Net\\api\\routes\\notebookRoutes.js:2145:22',
  timestamp: '2026-03-24 00:57:01'
}
{
  message: '::ffff:127.0.0.1 - - [23/Mar/2026:19:27:01 +0000] "GET /api/notebooks/invalid-id/collaborators HTTP/1.1" 500 85 "-" "-"',
  level: 'info',
  service: 'sync-not-net-api',
  timestamp: '2026-03-24 00:57:01'
}
{
  message: 'User logged in: user-1774294021303-g9urmu@example.com',
  level: 'info',
  service: 'sync-not-net-api',
  timestamp: '2026-03-24 00:57:01'
}
{
  message: '::ffff:127.0.0.1 - - [23/Mar/2026:19:27:01 +0000] "POST /api/users/login HTTP/1.1" 200 445 "-" "-"',
  level: 'info',
  service: 'sync-not-net-api',
  timestamp: '2026-03-24 00:57:01'
}
{
  message: 'User logged in: user-1774294021537-gv73ei@example.com',
  level: 'info',
  service: 'sync-not-net-api',
  timestamp: '2026-03-24 00:57:01'
}
{
  message: '::ffff:127.0.0.1 - - [23/Mar/2026:19:27:01 +0000] "POST /api/users/login HTTP/1.1" 200 445 "-" "-"',
  level: 'info',
  service: 'sync-not-net-api',
  timestamp: '2026-03-24 00:57:01'
}
{
  message: '::ffff:127.0.0.1 - - [23/Mar/2026:19:27:01 +0000] "PUT /api/notebooks/69c19405e21edb54c52a10fe/collaborators/69c19405e21edb54c52a10fb HTTP/1.1" 200 191 "-" "-"',
  level: 'info',
  service: 'sync-not-net-api',
  timestamp: '2026-03-24 00:57:01'
}
{
  message: '::ffff:127.0.0.1 - - [23/Mar/2026:19:27:01 +0000] "PUT /api/notebooks/69c19405e21edb54c52a10fe/collaborators/69c19405e21edb54c52a10fb HTTP/1.1" 200 191 "-" "-"',
  level: 'info',
  service: 'sync-not-net-api',
  timestamp: '2026-03-24 00:57:01'
}
{
  message: '::ffff:127.0.0.1 - - [23/Mar/2026:19:27:01 +0000] "PUT /api/notebooks/69c19405e21edb54c52a10fe/collaborators/69c19405e21edb54c52a10fb HTTP/1.1" 200 190 "-" "-"',
  level: 'info',
  service: 'sync-not-net-api',
  timestamp: '2026-03-24 00:57:01'
}
{
  message: 'User logged in: user-1774294021958-218b5t@example.com',
  level: 'info',
  service: 'sync-not-net-api',
  timestamp: '2026-03-24 00:57:02'
}
{
  message: '::ffff:127.0.0.1 - - [23/Mar/2026:19:27:02 +0000] "POST /api/users/login HTTP/1.1" 200 445 "-" "-"',
  level: 'info',
  service: 'sync-not-net-api',
  timestamp: '2026-03-24 00:57:02'
}
{
  message: 'User logged in: user-1774294022197-bin5u1@example.com',
  level: 'info',
  service: 'sync-not-net-api',
  timestamp: '2026-03-24 00:57:02'
}
{
  message: '::ffff:127.0.0.1 - - [23/Mar/2026:19:27:02 +0000] "POST /api/users/login HTTP/1.1" 200 445 "-" "-"',
  level: 'info',
  service: 'sync-not-net-api',
  timestamp: '2026-03-24 00:57:02'
}
{
  message: 'Collaborators updated for notebook 69c19406e21edb54c52a111a, count: 1',
  level: 'info',
  service: 'sync-not-net-api',
  timestamp: '2026-03-24 00:57:02'
}
{
  message: '::ffff:127.0.0.1 - - [23/Mar/2026:19:27:02 +0000] "PUT /api/notebooks/69c19406e21edb54c52a111a/collaborators HTTP/1.1" 200 229 "-" "-"',
  level: 'info',
  service: 'sync-not-net-api',
  timestamp: '2026-03-24 00:57:02'
}
{
  message: '::ffff:127.0.0.1 - - [23/Mar/2026:19:27:02 +0000] "DELETE /api/notebooks/69c19406e21edb54c52a111a/collaborators/69c19406e21edb54c52a1117 HTTP/1.1" 200 47 "-" "-"',
  level: 'info',
  service: 'sync-not-net-api',
  timestamp: '2026-03-24 00:57:02'
}
{
  message: '::ffff:127.0.0.1 - - [23/Mar/2026:19:27:02 +0000] "GET /api/notebooks/69c19406e21edb54c52a111a/collaborators HTTP/1.1" 200 20 "-" "-"',
  level: 'info',
  service: 'sync-not-net-api',
  timestamp: '2026-03-24 00:57:02'
}
{
  message: 'User logged in: user-1774294022610-z6nvn1@example.com',
  level: 'info',
  service: 'sync-not-net-api',
  timestamp: '2026-03-24 00:57:02'
}
{
  message: '::ffff:127.0.0.1 - - [23/Mar/2026:19:27:02 +0000] "POST /api/users/login HTTP/1.1" 200 445 "-" "-"',
  level: 'info',
  service: 'sync-not-net-api',
  timestamp: '2026-03-24 00:57:02'
}
{
  message: 'Collaborators updated for notebook 69c19406e21edb54c52a112e, count: 0',
  level: 'info',
  service: 'sync-not-net-api',
  timestamp: '2026-03-24 00:57:02'
}
{
  message: '::ffff:127.0.0.1 - - [23/Mar/2026:19:27:02 +0000] "PUT /api/notebooks/69c19406e21edb54c52a112e/collaborators HTTP/1.1" 200 67 "-" "-"',
  level: 'info',
  service: 'sync-not-net-api',
  timestamp: '2026-03-24 00:57:02'
}
{
  message: '::ffff:127.0.0.1 - - [23/Mar/2026:19:27:02 +0000] "GET /api/notebooks/69c19406e21edb54c52a112e/collaborators HTTP/1.1" 200 20 "-" "-"',
  level: 'info',
  service: 'sync-not-net-api',
  timestamp: '2026-03-24 00:57:02'
}
{
  message: 'Running without Redis in development mode',
  level: 'info',
  service: 'sync-not-net-api',
  timestamp: '2026-03-24 00:57:03'
}
{
  message: 'MongoDB Connected successfully',
  level: 'info',
  service: 'sync-not-net-api',
  timestamp: '2026-03-24 00:57:03'
}
{
  message: 'User logged in: user-1774294023728-5yj4ia@example.com',
  level: 'info',
  service: 'sync-not-net-api',
  timestamp: '2026-03-24 00:57:03'
}
{
  message: '::ffff:127.0.0.1 - - [23/Mar/2026:19:27:03 +0000] "POST /api/users/login HTTP/1.1" 200 445 "-" "-"',
  level: 'info',
  service: 'sync-not-net-api',
  timestamp: '2026-03-24 00:57:03'
}
{
  message: '::ffff:127.0.0.1 - - [23/Mar/2026:19:27:04 +0000] "POST /api/notebooks/69c19407c842abe753fc9606/comments HTTP/1.1" 201 554 "-" "-"',
  level: 'info',
  service: 'sync-not-net-api',
  timestamp: '2026-03-24 00:57:04'
}
{
  message: 'User logged in: user-1774294024142-5rxovw@example.com',
  level: 'info',
  service: 'sync-not-net-api',
  timestamp: '2026-03-24 00:57:04'
}
{
  message: '::ffff:127.0.0.1 - - [23/Mar/2026:19:27:04 +0000] "POST /api/users/login HTTP/1.1" 200 445 "-" "-"',
  level: 'info',
  service: 'sync-not-net-api',
  timestamp: '2026-03-24 00:57:04'
}
{
  message: '::ffff:127.0.0.1 - - [23/Mar/2026:19:27:04 +0000] "POST /api/notebooks/69c19408c842abe753fc9613/comments HTTP/1.1" 201 542 "-" "-"',
  level: 'info',
  service: 'sync-not-net-api',
  timestamp: '2026-03-24 00:57:04'
}
{
  message: '::ffff:127.0.0.1 - - [23/Mar/2026:19:27:04 +0000] "POST /api/notebooks/69c19408c842abe753fc9613/comments HTTP/1.1" 201 563 "-" "-"',
  level: 'info',
  service: 'sync-not-net-api',
  timestamp: '2026-03-24 00:57:04'
}
{
  message: 'User logged in: user-1774294024513-75pvkl@example.com',
  level: 'info',
  service: 'sync-not-net-api',
  timestamp: '2026-03-24 00:57:04'
}
{
  message: '::ffff:127.0.0.1 - - [23/Mar/2026:19:27:04 +0000] "POST /api/users/login HTTP/1.1" 200 445 "-" "-"',
  level: 'info',
  service: 'sync-not-net-api',
  timestamp: '2026-03-24 00:57:04'
}
{
  message: '::ffff:127.0.0.1 - - [23/Mar/2026:19:27:04 +0000] "POST /api/notebooks/69c19408c842abe753fc9625/comments HTTP/1.1" 201 386 "-" "-"',
  level: 'info',
  service: 'sync-not-net-api',
  timestamp: '2026-03-24 00:57:04'
}
{
  message: 'User logged in: user-1774294024817-zpsu9u@example.com',
  level: 'info',
  service: 'sync-not-net-api',
  timestamp: '2026-03-24 00:57:05'
}
{
  message: '::ffff:127.0.0.1 - - [23/Mar/2026:19:27:05 +0000] "POST /api/users/login HTTP/1.1" 200 445 "-" "-"',
  level: 'info',
  service: 'sync-not-net-api',
  timestamp: '2026-03-24 00:57:05'
}
{
  message: '::ffff:127.0.0.1 - - [23/Mar/2026:19:27:05 +0000] "POST /api/notebooks/69c19409c842abe753fc962f/comments HTTP/1.1" 201 544 "-" "-"',
  level: 'info',
  service: 'sync-not-net-api',
  timestamp: '2026-03-24 00:57:05'
}
{
  message: '::ffff:127.0.0.1 - - [23/Mar/2026:19:27:05 +0000] "PUT /api/notebooks/69c19409c842abe753fc962f/comments/69c19409c842abe753fc9633 HTTP/1.1" 200 544 "-" "-"',
  level: 'info',
  service: 'sync-not-net-api',
  timestamp: '2026-03-24 00:57:05'
}
{
  message: 'User logged in: user-1774294025180-89jsik@example.com',
  level: 'info',
  service: 'sync-not-net-api',
  timestamp: '2026-03-24 00:57:05'
}
{
  message: '::ffff:127.0.0.1 - - [23/Mar/2026:19:27:05 +0000] "POST /api/users/login HTTP/1.1" 200 445 "-" "-"',
  level: 'info',
  service: 'sync-not-net-api',
  timestamp: '2026-03-24 00:57:05'
}
{
  message: 'User logged in: user-1774294025403-6f7eef@example.com',
  level: 'info',
  service: 'sync-not-net-api',
  timestamp: '2026-03-24 00:57:05'
}
{
  message: '::ffff:127.0.0.1 - - [23/Mar/2026:19:27:05 +0000] "POST /api/users/login HTTP/1.1" 200 445 "-" "-"',
  level: 'info',
  service: 'sync-not-net-api',
  timestamp: '2026-03-24 00:57:05'
}
{
  message: '::ffff:127.0.0.1 - - [23/Mar/2026:19:27:05 +0000] "POST /api/notebooks/69c19409c842abe753fc9643/comments HTTP/1.1" 201 551 "-" "-"',
  level: 'info',
  service: 'sync-not-net-api',
  timestamp: '2026-03-24 00:57:05'
}
{
  message: '::ffff:127.0.0.1 - - [23/Mar/2026:19:27:05 +0000] "PUT /api/notebooks/69c19409c842abe753fc9643/comments/69c19409c842abe753fc9647 HTTP/1.1" 403 49 "-" "-"',
  level: 'info',
  service: 'sync-not-net-api',
  timestamp: '2026-03-24 00:57:05'
}
{
  message: 'User logged in: user-1774294025734-iis2i7@example.com',
  level: 'info',
  service: 'sync-not-net-api',
  timestamp: '2026-03-24 00:57:05'
}
{
  message: '::ffff:127.0.0.1 - - [23/Mar/2026:19:27:05 +0000] "POST /api/users/login HTTP/1.1" 200 445 "-" "-"',
  level: 'info',
  service: 'sync-not-net-api',
  timestamp: '2026-03-24 00:57:05'
}
{
  message: '::ffff:127.0.0.1 - - [23/Mar/2026:19:27:05 +0000] "PUT /api/notebooks/69c19409c842abe753fc9651/comments/69c19409c842abe753fc9653 HTTP/1.1" 404 31 "-" "-"',
  level: 'info',
  service: 'sync-not-net-api',
  timestamp: '2026-03-24 00:57:05'
}
{
  message: 'User logged in: user-1774294026010-1i48qm@example.com',
  level: 'info',
  service: 'sync-not-net-api',
  timestamp: '2026-03-24 00:57:06'
}
{
  message: '::ffff:127.0.0.1 - - [23/Mar/2026:19:27:06 +0000] "POST /api/users/login HTTP/1.1" 200 445 "-" "-"',
  level: 'info',
  service: 'sync-not-net-api',
  timestamp: '2026-03-24 00:57:06'
}
{
  message: '::ffff:127.0.0.1 - - [23/Mar/2026:19:27:06 +0000] "POST /api/notebooks/69c1940ac842abe753fc965b/comments HTTP/1.1" 201 536 "-" "-"',
  level: 'info',
  service: 'sync-not-net-api',
  timestamp: '2026-03-24 00:57:06'
}
{
  message: '::ffff:127.0.0.1 - - [23/Mar/2026:19:27:06 +0000] "PUT /api/notebooks/69c1940ac842abe753fc965b/comments/69c1940ac842abe753fc965f HTTP/1.1" 400 138 "-" "-"',
  level: 'info',
  service: 'sync-not-net-api',
  timestamp: '2026-03-24 00:57:06'
}
{
  message: 'User logged in: user-1774294026325-bcldij@example.com',
  level: 'info',
  service: 'sync-not-net-api',
  timestamp: '2026-03-24 00:57:06'
}
{
  message: '::ffff:127.0.0.1 - - [23/Mar/2026:19:27:06 +0000] "POST /api/users/login HTTP/1.1" 200 445 "-" "-"',
  level: 'info',
  service: 'sync-not-net-api',
  timestamp: '2026-03-24 00:57:06'
}
{
  message: '::ffff:127.0.0.1 - - [23/Mar/2026:19:27:06 +0000] "POST /api/notebooks/69c1940ac842abe753fc9668/comments HTTP/1.1" 201 541 "-" "-"',
  level: 'info',
  service: 'sync-not-net-api',
  timestamp: '2026-03-24 00:57:06'
}
{
  message: '::ffff:127.0.0.1 - - [23/Mar/2026:19:27:06 +0000] "DELETE /api/notebooks/69c1940ac842abe753fc9668/comments/69c1940ac842abe753fc966c HTTP/1.1" 200 97 "-" "-"',
  level: 'info',
  service: 'sync-not-net-api',
  timestamp: '2026-03-24 00:57:06'
}
{
  message: 'User logged in: user-1774294026692-58e602@example.com',
  level: 'info',
  service: 'sync-not-net-api',
  timestamp: '2026-03-24 00:57:06'
}
{
  message: '::ffff:127.0.0.1 - - [23/Mar/2026:19:27:06 +0000] "POST /api/users/login HTTP/1.1" 200 445 "-" "-"',
  level: 'info',
  service: 'sync-not-net-api',
  timestamp: '2026-03-24 00:57:06'
}
{
  message: '::ffff:127.0.0.1 - - [23/Mar/2026:19:27:06 +0000] "POST /api/notebooks/69c1940ac842abe753fc967a/comments HTTP/1.1" 201 534 "-" "-"',
  level: 'info',
  service: 'sync-not-net-api',
  timestamp: '2026-03-24 00:57:06'
}
{
  message: '::ffff:127.0.0.1 - - [23/Mar/2026:19:27:07 +0000] "POST /api/notebooks/69c1940ac842abe753fc967a/comments HTTP/1.1" 201 557 "-" "-"',
  level: 'info',
  service: 'sync-not-net-api',
  timestamp: '2026-03-24 00:57:07'
}
{
  message: '::ffff:127.0.0.1 - - [23/Mar/2026:19:27:07 +0000] "POST /api/notebooks/69c1940ac842abe753fc967a/comments HTTP/1.1" 201 557 "-" "-"',
  level: 'info',
  service: 'sync-not-net-api',
  timestamp: '2026-03-24 00:57:07'
}
{
  message: '::ffff:127.0.0.1 - - [23/Mar/2026:19:27:07 +0000] "DELETE /api/notebooks/69c1940ac842abe753fc967a/comments/69c1940ac842abe753fc967e HTTP/1.1" 200 97 "-" "-"',
  level: 'info',
  service: 'sync-not-net-api',
  timestamp: '2026-03-24 00:57:07'
}
{
  message: 'User logged in: user-1774294027198-u6v2mk@example.com',
  level: 'info',
  service: 'sync-not-net-api',
  timestamp: '2026-03-24 00:57:07'
}
{
  message: '::ffff:127.0.0.1 - - [23/Mar/2026:19:27:07 +0000] "POST /api/users/login HTTP/1.1" 200 445 "-" "-"',
  level: 'info',
  service: 'sync-not-net-api',
  timestamp: '2026-03-24 00:57:07'
}
{
  message: 'User logged in: user-1774294027432-jiqy0m@example.com',
  level: 'info',
  service: 'sync-not-net-api',
  timestamp: '2026-03-24 00:57:07'
}
{
  message: '::ffff:127.0.0.1 - - [23/Mar/2026:19:27:07 +0000] "POST /api/users/login HTTP/1.1" 200 445 "-" "-"',
  level: 'info',
  service: 'sync-not-net-api',
  timestamp: '2026-03-24 00:57:07'
}
{
  message: '::ffff:127.0.0.1 - - [23/Mar/2026:19:27:07 +0000] "POST /api/notebooks/69c1940bc842abe753fc969b/comments HTTP/1.1" 201 542 "-" "-"',
  level: 'info',
  service: 'sync-not-net-api',
  timestamp: '2026-03-24 00:57:07'
}
{
  message: '::ffff:127.0.0.1 - - [23/Mar/2026:19:27:07 +0000] "DELETE /api/notebooks/69c1940bc842abe753fc969b/comments/69c1940bc842abe753fc969f HTTP/1.1" 403 80 "-" "-"',
  level: 'info',
  service: 'sync-not-net-api',
  timestamp: '2026-03-24 00:57:07'
}
{
  message: 'User logged in: user-1774294027785-sft5ed@example.com',
  level: 'info',
  service: 'sync-not-net-api',
  timestamp: '2026-03-24 00:57:08'
}
{
  message: '::ffff:127.0.0.1 - - [23/Mar/2026:19:27:08 +0000] "POST /api/users/login HTTP/1.1" 200 445 "-" "-"',
  level: 'info',
  service: 'sync-not-net-api',
  timestamp: '2026-03-24 00:57:08'
}
{
  message: '::ffff:127.0.0.1 - - [23/Mar/2026:19:27:08 +0000] "DELETE /api/notebooks/69c1940cc842abe753fc96aa/comments/69c1940cc842abe753fc96ac HTTP/1.1" 404 31 "-" "-"',
  level: 'info',
  service: 'sync-not-net-api',
  timestamp: '2026-03-24 00:57:08'
}
{
  message: 'User logged in: user-1774294028065-u9xo9n@example.com',
  level: 'info',
  service: 'sync-not-net-api',
  timestamp: '2026-03-24 00:57:08'
}
{
  message: '::ffff:127.0.0.1 - - [23/Mar/2026:19:27:08 +0000] "POST /api/users/login HTTP/1.1" 200 445 "-" "-"',
  level: 'info',
  service: 'sync-not-net-api',
  timestamp: '2026-03-24 00:57:08'
}
{
  message: '::ffff:127.0.0.1 - - [23/Mar/2026:19:27:08 +0000] "POST /api/notebooks/69c1940cc842abe753fc96b4/comments HTTP/1.1" 201 2428 "-" "-"',
  level: 'info',
  service: 'sync-not-net-api',
  timestamp: '2026-03-24 00:57:08'
}
{
  message: 'User logged in: user-1774294028384-o9ac9m@example.com',
  level: 'info',
  service: 'sync-not-net-api',
  timestamp: '2026-03-24 00:57:08'
}
{
  message: '::ffff:127.0.0.1 - - [23/Mar/2026:19:27:08 +0000] "POST /api/users/login HTTP/1.1" 200 445 "-" "-"',
  level: 'info',
  service: 'sync-not-net-api',
  timestamp: '2026-03-24 00:57:08'
}
{
  message: '::ffff:127.0.0.1 - - [23/Mar/2026:19:27:08 +0000] "POST /api/notebooks/69c1940cc842abe753fc96c0/comments HTTP/1.1" 400 2638 "-" "-"',
  level: 'info',
  service: 'sync-not-net-api',
  timestamp: '2026-03-24 00:57:08'
}
{
  message: 'User logged in: user-1774294028682-k8eedu@example.com',
  level: 'info',
  service: 'sync-not-net-api',
  timestamp: '2026-03-24 00:57:08'
}
{
  message: '::ffff:127.0.0.1 - - [23/Mar/2026:19:27:08 +0000] "POST /api/users/login HTTP/1.1" 200 445 "-" "-"',
  level: 'info',
  service: 'sync-not-net-api',
  timestamp: '2026-03-24 00:57:08'
}
{
  message: '::ffff:127.0.0.1 - - [23/Mar/2026:19:27:08 +0000] "POST /api/notebooks/69c1940cc842abe753fc96c8/comments HTTP/1.1" 201 574 "-" "-"',
  level: 'info',
  service: 'sync-not-net-api',
  timestamp: '2026-03-24 00:57:08'
}
{
  message: 'User logged in: user-1774294028984-un1qg9@example.com',
  level: 'info',
  service: 'sync-not-net-api',
  timestamp: '2026-03-24 00:57:09'
}
{
  message: '::ffff:127.0.0.1 - - [23/Mar/2026:19:27:09 +0000] "POST /api/users/login HTTP/1.1" 200 445 "-" "-"',
  level: 'info',
  service: 'sync-not-net-api',
  timestamp: '2026-03-24 00:57:09'
}
{
  message: '::ffff:127.0.0.1 - - [23/Mar/2026:19:27:09 +0000] "POST /api/notebooks/69c1940dc842abe753fc96d4/comments HTTP/1.1" 201 537 "-" "-"',
  level: 'info',
  service: 'sync-not-net-api',
  timestamp: '2026-03-24 00:57:09'
}
{
  message: '::ffff:127.0.0.1 - - [23/Mar/2026:19:27:09 +0000] "POST /api/notebooks/69c1940dc842abe753fc96d4/comments HTTP/1.1" 201 537 "-" "-"',
  level: 'info',
  service: 'sync-not-net-api',
  timestamp: '2026-03-24 00:57:09'
}
{
  message: '::ffff:127.0.0.1 - - [23/Mar/2026:19:27:09 +0000] "POST /api/notebooks/69c1940dc842abe753fc96d4/comments HTTP/1.1" 201 537 "-" "-"',
  level: 'info',
  service: 'sync-not-net-api',
  timestamp: '2026-03-24 00:57:09'
}
{
  message: '::ffff:127.0.0.1 - - [23/Mar/2026:19:27:09 +0000] "POST /api/notebooks/69c1940dc842abe753fc96d4/comments HTTP/1.1" 201 537 "-" "-"',
  level: 'info',
  service: 'sync-not-net-api',
  timestamp: '2026-03-24 00:57:09'
}
{
  message: '::ffff:127.0.0.1 - - [23/Mar/2026:19:27:09 +0000] "POST /api/notebooks/69c1940dc842abe753fc96d4/comments HTTP/1.1" 201 537 "-" "-"',
  level: 'info',
  service: 'sync-not-net-api',
  timestamp: '2026-03-24 00:57:09'
}
{
  message: 'User logged in: user-1774294029520-xau3ju@example.com',
  level: 'info',
  service: 'sync-not-net-api',
  timestamp: '2026-03-24 00:57:09'
}
{
  message: '::ffff:127.0.0.1 - - [23/Mar/2026:19:27:09 +0000] "POST /api/users/login HTTP/1.1" 200 445 "-" "-"',
  level: 'info',
  service: 'sync-not-net-api',
  timestamp: '2026-03-24 00:57:09'
}
{
  message: '::ffff:127.0.0.1 - - [23/Mar/2026:19:27:09 +0000] "POST /api/notebooks/69c1940dc842abe753fc96f5/comments HTTP/1.1" 404 32 "-" "-"',
  level: 'info',
  service: 'sync-not-net-api',
  timestamp: '2026-03-24 00:57:09'
}
{
  message: 'User logged in: user-1774294029822-1eu95p@example.com',
  level: 'info',
  service: 'sync-not-net-api',
  timestamp: '2026-03-24 00:57:10'
}
{
  message: '::ffff:127.0.0.1 - - [23/Mar/2026:19:27:10 +0000] "POST /api/users/login HTTP/1.1" 200 445 "-" "-"',
  level: 'info',
  service: 'sync-not-net-api',
  timestamp: '2026-03-24 00:57:10'
}
{
  message: '::ffff:127.0.0.1 - - [23/Mar/2026:19:27:10 +0000] "POST /api/notebooks/69c1940ec842abe753fc96fd/comments HTTP/1.1" 404 38 "-" "-"',
  level: 'info',
  service: 'sync-not-net-api',
  timestamp: '2026-03-24 00:57:10'
}
{
  message: 'User logged in: user-1774294030122-efpkj4@example.com',
  level: 'info',
  service: 'sync-not-net-api',
  timestamp: '2026-03-24 00:57:10'
}
{
  message: '::ffff:127.0.0.1 - - [23/Mar/2026:19:27:10 +0000] "POST /api/users/login HTTP/1.1" 200 445 "-" "-"',
  level: 'info',
  service: 'sync-not-net-api',
  timestamp: '2026-03-24 00:57:10'
}
{
  message: '::ffff:127.0.0.1 - - [23/Mar/2026:19:27:10 +0000] "POST /api/notebooks/69c1940ec842abe753fc9708/comments HTTP/1.1" 201 541 "-" "-"',
  level: 'info',
  service: 'sync-not-net-api',
  timestamp: '2026-03-24 00:57:10'
}
{
  message: '::ffff:127.0.0.1 - - [23/Mar/2026:19:27:10 +0000] "PUT /api/notebooks/69c1940ec842abe753fc970a/comments/69c1940ec842abe753fc970e HTTP/1.1" 400 54 "-" "-"',
  level: 'info',
  service: 'sync-not-net-api',
  timestamp: '2026-03-24 00:57:10'
}
{
  message: 'Running without Redis in development mode',
  level: 'info',
  service: 'sync-not-net-api',
  timestamp: '2026-03-24 00:57:11'
}
{
  message: 'MongoDB Connected successfully',
  level: 'info',
  service: 'sync-not-net-api',
  timestamp: '2026-03-24 00:57:11'
}
{
  message: 'User logged in: user-1774294031196-7871kq@example.com',
  level: 'info',
  service: 'sync-not-net-api',
  timestamp: '2026-03-24 00:57:11'
}
{
  message: '::ffff:127.0.0.1 - - [23/Mar/2026:19:27:11 +0000] "POST /api/users/login HTTP/1.1" 200 445 "-" "-"',
  level: 'info',
  service: 'sync-not-net-api',
  timestamp: '2026-03-24 00:57:11'
}
{
  message: '::ffff:127.0.0.1 - - [23/Mar/2026:19:27:11 +0000] "GET /api/notebooks/notebook-1774294031452-hxyieg HTTP/1.1" 200 501 "-" "-"',
  level: 'info',
  service: 'sync-not-net-api',
  timestamp: '2026-03-24 00:57:11'
}
{
  message: 'User logged in: user-1774294031580-96ct4z@example.com',
  level: 'info',
  service: 'sync-not-net-api',
  timestamp: '2026-03-24 00:57:11'
}
{
  message: '::ffff:127.0.0.1 - - [23/Mar/2026:19:27:11 +0000] "POST /api/users/login HTTP/1.1" 200 445 "-" "-"',
  level: 'info',
  service: 'sync-not-net-api',
  timestamp: '2026-03-24 00:57:11'
}
{
  message: '::ffff:127.0.0.1 - - [23/Mar/2026:19:27:11 +0000] "GET /api/notebooks/notebook-1774294031821-cv1zx8 HTTP/1.1" 200 273 "-" "-"',
  level: 'info',
  service: 'sync-not-net-api',
  timestamp: '2026-03-24 00:57:11'
}
{
  message: 'User logged in: user-1774294031880-oqub3z@example.com',
  level: 'info',
  service: 'sync-not-net-api',
  timestamp: '2026-03-24 00:57:12'
}
{
  message: '::ffff:127.0.0.1 - - [23/Mar/2026:19:27:12 +0000] "POST /api/users/login HTTP/1.1" 200 445 "-" "-"',
  level: 'info',
  service: 'sync-not-net-api',
  timestamp: '2026-03-24 00:57:12'
}
{
  message: 'User logged in: user-1774294032124-ryo94f@example.com',
  level: 'info',
  service: 'sync-not-net-api',
  timestamp: '2026-03-24 00:57:12'
}
{
  message: '::ffff:127.0.0.1 - - [23/Mar/2026:19:27:12 +0000] "POST /api/users/login HTTP/1.1" 200 445 "-" "-"',
  level: 'info',
  service: 'sync-not-net-api',
  timestamp: '2026-03-24 00:57:12'
}
{
  message: '::ffff:127.0.0.1 - - [23/Mar/2026:19:27:12 +0000] "GET /api/notebooks/notebook-1774294032363-rbcwxq HTTP/1.1" 403 87 "-" "-"',
  level: 'info',
  service: 'sync-not-net-api',
  timestamp: '2026-03-24 00:57:12'
}
{
  message: 'User logged in: user-1774294032426-7x7xyn@example.com',
  level: 'info',
  service: 'sync-not-net-api',
  timestamp: '2026-03-24 00:57:12'
}
{
  message: '::ffff:127.0.0.1 - - [23/Mar/2026:19:27:12 +0000] "POST /api/users/login HTTP/1.1" 200 445 "-" "-"',
  level: 'info',
  service: 'sync-not-net-api',
  timestamp: '2026-03-24 00:57:12'
}
{
  message: 'User logged in: user-1774294032671-lcud4j@example.com',
  level: 'info',
  service: 'sync-not-net-api',
  timestamp: '2026-03-24 00:57:12'
}
{
  message: '::ffff:127.0.0.1 - - [23/Mar/2026:19:27:12 +0000] "POST /api/users/login HTTP/1.1" 200 445 "-" "-"',
  level: 'info',
  service: 'sync-not-net-api',
  timestamp: '2026-03-24 00:57:12'
}
{
  message: '::ffff:127.0.0.1 - - [23/Mar/2026:19:27:12 +0000] "GET /api/notebooks/notebook-1774294032905-9uuyah HTTP/1.1" 403 87 "-" "-"',
  level: 'info',
  service: 'sync-not-net-api',
  timestamp: '2026-03-24 00:57:12'
}
{
  message: 'User logged in: user-1774294033015-ebesxj@example.com',
  level: 'info',
  service: 'sync-not-net-api',
  timestamp: '2026-03-24 00:57:13'
}
{
  message: '::ffff:127.0.0.1 - - [23/Mar/2026:19:27:13 +0000] "POST /api/users/login HTTP/1.1" 200 445 "-" "-"',
  level: 'info',
  service: 'sync-not-net-api',
  timestamp: '2026-03-24 00:57:13'
}
{
  message: '::ffff:127.0.0.1 - - [23/Mar/2026:19:27:13 +0000] "GET /api/notebooks/non-existent-notebook HTTP/1.1" 404 100 "-" "-"',
  level: 'info',
  service: 'sync-not-net-api',
  timestamp: '2026-03-24 00:57:13'
}
{
  message: 'User logged in: user-1774294033302-ised8p@example.com',
  level: 'info',
  service: 'sync-not-net-api',
  timestamp: '2026-03-24 00:57:13'
}
{
  message: '::ffff:127.0.0.1 - - [23/Mar/2026:19:27:13 +0000] "POST /api/users/login HTTP/1.1" 200 445 "-" "-"',
  level: 'info',
  service: 'sync-not-net-api',
  timestamp: '2026-03-24 00:57:13'
}
{
  message: '::ffff:127.0.0.1 - - [23/Mar/2026:19:27:13 +0000] "GET /api/notebooks/notebook-1774294033539-ejq71w HTTP/1.1" 200 273 "-" "-"',
  level: 'info',
  service: 'sync-not-net-api',
  timestamp: '2026-03-24 00:57:13'
}
{
  message: 'Running without Redis in development mode',
  level: 'info',
  service: 'sync-not-net-api',
  timestamp: '2026-03-24 00:57:14'
}
{
  message: 'MongoDB Connected successfully',
  level: 'info',
  service: 'sync-not-net-api',
  timestamp: '2026-03-24 00:57:14'
}
{
  message: 'User logged in: owner-1774294034341-nhogag@example.com',
  level: 'info',
  service: 'sync-not-net-api',
  timestamp: '2026-03-24 00:57:14'
}
{
  message: '::ffff:127.0.0.1 - - [23/Mar/2026:19:27:14 +0000] "POST /api/users/login HTTP/1.1" 200 448 "-" "-"',
  level: 'info',
  service: 'sync-not-net-api',
  timestamp: '2026-03-24 00:57:14'
}
{
  message: '::ffff:127.0.0.1 - - [23/Mar/2026:19:27:14 +0000] "GET /api/notebooks/69c194124c44694070bce84e/versions/69c194124c44694070bce850 HTTP/1.1" 200 187 "-" "-"',
  level: 'info',
  service: 'sync-not-net-api',
  timestamp: '2026-03-24 00:57:14'
}
{
  message: 'User logged in: collab-1774294034675-g6sv35@example.com',
  level: 'info',
  service: 'sync-not-net-api',
  timestamp: '2026-03-24 00:57:15'
}
{
  message: '::ffff:127.0.0.1 - - [23/Mar/2026:19:27:15 +0000] "POST /api/users/login HTTP/1.1" 200 458 "-" "-"',
  level: 'info',
  service: 'sync-not-net-api',
  timestamp: '2026-03-24 00:57:15'
}
{
  message: '::ffff:127.0.0.1 - - [23/Mar/2026:19:27:15 +0000] "GET /api/notebooks/69c194124c44694070bce85e/versions/69c194124c44694070bce861 HTTP/1.1" 200 197 "-" "-"',
  level: 'info',
  service: 'sync-not-net-api',
  timestamp: '2026-03-24 00:57:15'
}
{
  message: 'User logged in: collab-1774294035100-9u3jva@example.com',
  level: 'info',
  service: 'sync-not-net-api',
  timestamp: '2026-03-24 00:57:15'
}
{
  message: '::ffff:127.0.0.1 - - [23/Mar/2026:19:27:15 +0000] "POST /api/users/login HTTP/1.1" 200 458 "-" "-"',
  level: 'info',
  service: 'sync-not-net-api',
  timestamp: '2026-03-24 00:57:15'
}
{
  message: 'User logged in: owner-1774294035100-j9zc3g@example.com',
  level: 'info',
  service: 'sync-not-net-api',
  timestamp: '2026-03-24 00:57:15'
}
{
  message: '::ffff:127.0.0.1 - - [23/Mar/2026:19:27:15 +0000] "POST /api/users/login HTTP/1.1" 200 448 "-" "-"',
  level: 'info',
  service: 'sync-not-net-api',
  timestamp: '2026-03-24 00:57:15'
}
{
  message: '::ffff:127.0.0.1 - - [23/Mar/2026:19:27:15 +0000] "POST /api/notebooks/69c194134c44694070bce870/versions/69c194134c44694070bce873/restore HTTP/1.1" 403 78 "-" "-"',
  level: 'info',
  service: 'sync-not-net-api',
  timestamp: '2026-03-24 00:57:15'
}
{
  message: '::ffff:127.0.0.1 - - [23/Mar/2026:19:27:15 +0000] "POST /api/notebooks/69c194134c44694070bce870/versions/69c194134c44694070bce873/restore HTTP/1.1" 200 75 "-" "-"',
  level: 'info',
  service: 'sync-not-net-api',
  timestamp: '2026-03-24 00:57:15'
}
{
  message: 'Running without Redis in development mode',
  level: 'info',
  service: 'sync-not-net-api',
  timestamp: '2026-03-24 00:57:16'
}
{
  message: 'MongoDB Connected successfully',
  level: 'info',
  service: 'sync-not-net-api',
  timestamp: '2026-03-24 00:57:16'
}
{
  message: 'New user registered: test-1774294036398-f7t6us@example.com',
  level: 'info',
  service: 'sync-not-net-api',
  timestamp: '2026-03-24 00:57:16'
}
{
  message: '::ffff:127.0.0.1 - - [23/Mar/2026:19:27:16 +0000] "POST /api/users/register HTTP/1.1" 201 433 "-" "-"',
  level: 'info',
  service: 'sync-not-net-api',
  timestamp: '2026-03-24 00:57:16'
}
{
  message: 'New user registered: test-1774294036555-d4h5zj@example.com',
  level: 'info',
  service: 'sync-not-net-api',
  timestamp: '2026-03-24 00:57:16'
}
{
  message: '::ffff:127.0.0.1 - - [23/Mar/2026:19:27:16 +0000] "POST /api/users/register HTTP/1.1" 201 433 "-" "-"',
  level: 'info',
  service: 'sync-not-net-api',
  timestamp: '2026-03-24 00:57:16'
}
{
  message: '::ffff:127.0.0.1 - - [23/Mar/2026:19:27:16 +0000] "POST /api/users/register HTTP/1.1" 409 85 "-" "-"',
  level: 'info',
  service: 'sync-not-net-api',
  timestamp: '2026-03-24 00:57:16'
}
{
  message: 'User logged in: test-1774294036735-0xo6gn@example.com',
  level: 'info',
  service: 'sync-not-net-api',
  timestamp: '2026-03-24 00:57:16'
}
{
  message: '::ffff:127.0.0.1 - - [23/Mar/2026:19:27:16 +0000] "POST /api/users/login HTTP/1.1" 200 445 "-" "-"',
  level: 'info',
  service: 'sync-not-net-api',
  timestamp: '2026-03-24 00:57:16'
}
{
  message: 'Failed login attempt for email: test-1774294036985-c9kp2m@example.com',
  level: 'warn',
  service: 'sync-not-net-api',
  timestamp: '2026-03-24 00:57:17'
}
{
  message: '::ffff:127.0.0.1 - - [23/Mar/2026:19:27:17 +0000] "POST /api/users/login HTTP/1.1" 401 71 "-" "-"',
  level: 'info',
  service: 'sync-not-net-api',
  timestamp: '2026-03-24 00:57:17'
}
{
  message: '::ffff:127.0.0.1 - - [23/Mar/2026:19:27:17 +0000] "GET /api/users/profile HTTP/1.1" 401 55 "-" "-"',
  level: 'info',
  service: 'sync-not-net-api',
  timestamp: '2026-03-24 00:57:17'
}
{
  message: 'User logged in: test-1774294037260-x55een@example.com',
  level: 'info',
  service: 'sync-not-net-api',
  timestamp: '2026-03-24 00:57:17'
}
{
  message: '::ffff:127.0.0.1 - - [23/Mar/2026:19:27:17 +0000] "POST /api/users/login HTTP/1.1" 200 445 "-" "-"',
  level: 'info',
  service: 'sync-not-net-api',
  timestamp: '2026-03-24 00:57:17'
}
{
  message: '::ffff:127.0.0.1 - - [23/Mar/2026:19:27:17 +0000] "GET /api/users/profile HTTP/1.1" 200 192 "-" "-"',
  level: 'info',
  service: 'sync-not-net-api',
  timestamp: '2026-03-24 00:57:17'
}
{
  message: 'Running without Redis in development mode',
  level: 'info',
  service: 'sync-not-net-api',
  timestamp: '2026-03-24 00:57:18'
}
{
  message: 'MongoDB Connected successfully',
  level: 'info',
  service: 'sync-not-net-api',
  timestamp: '2026-03-24 00:57:18'
}
{
  message: '::ffff:127.0.0.1 - - [23/Mar/2026:19:27:18 +0000] "GET /api/users/profile HTTP/1.1" 401 55 "-" "-"',
  level: 'info',
  service: 'sync-not-net-api',
  timestamp: '2026-03-24 00:57:18'
}
{
  message: 'User logged in: user-1774294038346-fbkobm@example.com',
  level: 'info',
  service: 'sync-not-net-api',
  timestamp: '2026-03-24 00:57:18'
}
{
  message: '::ffff:127.0.0.1 - - [23/Mar/2026:19:27:18 +0000] "POST /api/users/login HTTP/1.1" 200 448 "-" "-"',
  level: 'info',
  service: 'sync-not-net-api',
  timestamp: '2026-03-24 00:57:18'
}
{
  message: '::ffff:127.0.0.1 - - [23/Mar/2026:19:27:18 +0000] "GET /api/users/profile HTTP/1.1" 200 195 "-" "-"',
  level: 'info',
  service: 'sync-not-net-api',
  timestamp: '2026-03-24 00:57:18'
}
{
  message: 'User logged in: user-1774294038635-xm5vy4@example.com',
  level: 'info',
  service: 'sync-not-net-api',
  timestamp: '2026-03-24 00:57:18'
}
{
  message: '::ffff:127.0.0.1 - - [23/Mar/2026:19:27:18 +0000] "POST /api/users/login HTTP/1.1" 200 447 "-" "-"',
  level: 'info',
  service: 'sync-not-net-api',
  timestamp: '2026-03-24 00:57:18'
}
{
  message: '::ffff:127.0.0.1 - - [23/Mar/2026:19:27:18 +0000] "GET /api/users/search?q=a HTTP/1.1" 400 92 "-" "-"',
  level: 'info',
  service: 'sync-not-net-api',
  timestamp: '2026-03-24 00:57:18'
}
{
  message: 'User logged in: user-1774294038915-evorm2@example.com',
  level: 'info',
  service: 'sync-not-net-api',
  timestamp: '2026-03-24 00:57:19'
}
{
  message: '::ffff:127.0.0.1 - - [23/Mar/2026:19:27:19 +0000] "POST /api/users/login HTTP/1.1" 200 446 "-" "-"',
  level: 'info',
  service: 'sync-not-net-api',
  timestamp: '2026-03-24 00:57:19'
}
{
  message: '::ffff:127.0.0.1 - - [23/Mar/2026:19:27:19 +0000] "GET /api/users/stats HTTP/1.1" 200 134 "-" "-"',
  level: 'info',
  service: 'sync-not-net-api',
  timestamp: '2026-03-24 00:57:19'
}
{
  message: 'Running without Redis in development mode',
  level: 'info',
  service: 'sync-not-net-api',
  timestamp: '2026-03-24 00:57:19'
}
{
  message: 'MongoDB Connected successfully',
  level: 'info',
  service: 'sync-not-net-api',
  timestamp: '2026-03-24 00:57:19'
}
{
  message: 'Running without Redis in development mode',
  level: 'info',
  service: 'sync-not-net-api',
  timestamp: '2026-03-24 00:57:20'
}
{
  message: 'MongoDB Connected successfully',
  level: 'info',
  service: 'sync-not-net-api',
  timestamp: '2026-03-24 00:57:20'
}
{
  message: '::ffff:127.0.0.1 - - [23/Mar/2026:19:27:20 +0000] "GET /health HTTP/1.1" 200 95 "-" "-"',
  level: 'info',
  service: 'sync-not-net-api',
  timestamp: '2026-03-24 00:57:20'
}
{
  message: '::ffff:127.0.0.1 - - [23/Mar/2026:19:27:20 +0000] "GET /non-existent-route HTTP/1.1" 404 76 "-" "-"',
  level: 'info',
  service: 'sync-not-net-api',
  timestamp: '2026-03-24 00:57:20'
}
{
  message: 'Running without Redis in development mode',
  level: 'info',
  service: 'sync-not-net-api',
  timestamp: '2026-03-24 01:07:29'
}
{
  message: 'Server is running on http://localhost:5000',
  level: 'info',
  service: 'sync-not-net-api',
  timestamp: '2026-03-24 01:07:29'
}
{
  message: 'Environment: development',
  level: 'info',
  service: 'sync-not-net-api',
  timestamp: '2026-03-24 01:07:29'
}
{
  message: 'User Anonymous connected with socket oAaEgqdCx4IwzTVHAAAB',
  level: 'info',
  service: 'sync-not-net-api',
  timestamp: '2026-03-24 01:07:29'
}
{
  message: 'MongoDB Connected successfully',
  level: 'info',
  service: 'sync-not-net-api',
  timestamp: '2026-03-24 01:07:41'
}
{
  message: 'Running without Redis in development mode',
  level: 'info',
  service: 'sync-not-net-api',
  timestamp: '2026-03-24 01:07:56'
}
{
  message: 'MongoDB Connected successfully',
  level: 'info',
  service: 'sync-not-net-api',
  timestamp: '2026-03-24 01:07:56'
}
{
  message: 'User logged in: test-1774294676750-0zdps4@example.com',
  level: 'info',
  service: 'sync-not-net-api',
  timestamp: '2026-03-24 01:07:57'
}
{
  message: '::ffff:127.0.0.1 - - [23/Mar/2026:19:37:57 +0000] "POST /api/users/login HTTP/1.1" 200 445 "-" "-"',
  level: 'info',
  service: 'sync-not-net-api',
  timestamp: '2026-03-24 01:07:57'
}
{
  message: 'Password protection added/updated for notebook 69c19695545497ba5002b292',
  level: 'info',
  service: 'sync-not-net-api',
  timestamp: '2026-03-24 01:07:57'
}
{
  message: '::ffff:127.0.0.1 - - [23/Mar/2026:19:37:57 +0000] "PUT /api/notebooks/69c19695545497ba5002b292/password HTTP/1.1" 200 138 "-" "-"',
  level: 'info',
  service: 'sync-not-net-api',
  timestamp: '2026-03-24 01:07:57'
}
{
  message: 'User logged in: test-1774294677715-nxrsmy@example.com',
  level: 'info',
  service: 'sync-not-net-api',
  timestamp: '2026-03-24 01:07:57'
}
{
  message: '::ffff:127.0.0.1 - - [23/Mar/2026:19:37:57 +0000] "POST /api/users/login HTTP/1.1" 200 445 "-" "-"',
  level: 'info',
  service: 'sync-not-net-api',
  timestamp: '2026-03-24 01:07:57'
}
{
  message: 'Password protection added/updated for notebook 69c19696545497ba5002b29d',
  level: 'info',
  service: 'sync-not-net-api',
  timestamp: '2026-03-24 01:07:58'
}
{
  message: '::ffff:127.0.0.1 - - [23/Mar/2026:19:37:58 +0000] "PUT /api/notebooks/69c19696545497ba5002b29d/password HTTP/1.1" 200 138 "-" "-"',
  level: 'info',
  service: 'sync-not-net-api',
  timestamp: '2026-03-24 01:07:58'
}
{
  message: 'User logged in: test-1774294678818-f1qvny@example.com',
  level: 'info',
  service: 'sync-not-net-api',
  timestamp: '2026-03-24 01:07:59'
}
{
  message: '::ffff:127.0.0.1 - - [23/Mar/2026:19:37:59 +0000] "POST /api/users/login HTTP/1.1" 200 445 "-" "-"',
  level: 'info',
  service: 'sync-not-net-api',
  timestamp: '2026-03-24 01:07:59'
}
{
  message: 'Password protection removed for notebook 69c19697545497ba5002b2a8',
  level: 'info',
  service: 'sync-not-net-api',
  timestamp: '2026-03-24 01:07:59'
}
{
  message: '::ffff:127.0.0.1 - - [23/Mar/2026:19:37:59 +0000] "PUT /api/notebooks/69c19697545497ba5002b2a8/password HTTP/1.1" 200 140 "-" "-"',
  level: 'info',
  service: 'sync-not-net-api',
  timestamp: '2026-03-24 01:07:59'
}
{
  message: 'User logged in: test-1774294679503-n2ni0u@example.com',
  level: 'info',
  service: 'sync-not-net-api',
  timestamp: '2026-03-24 01:07:59'
}
{
  message: '::ffff:127.0.0.1 - - [23/Mar/2026:19:37:59 +0000] "POST /api/users/login HTTP/1.1" 200 445 "-" "-"',
  level: 'info',
  service: 'sync-not-net-api',
  timestamp: '2026-03-24 01:07:59'
}
{
  message: '::ffff:127.0.0.1 - - [23/Mar/2026:19:37:59 +0000] "PUT /api/notebooks/69c19697545497ba5002b2b3/password HTTP/1.1" 401 55 "-" "-"',
  level: 'info',
  service: 'sync-not-net-api',
  timestamp: '2026-03-24 01:07:59'
}
{
  message: 'User logged in: test-1774294679773-10reup@example.com',
  level: 'info',
  service: 'sync-not-net-api',
  timestamp: '2026-03-24 01:07:59'
}
{
  message: '::ffff:127.0.0.1 - - [23/Mar/2026:19:37:59 +0000] "POST /api/users/login HTTP/1.1" 200 445 "-" "-"',
  level: 'info',
  service: 'sync-not-net-api',
  timestamp: '2026-03-24 01:07:59'
}
{
  message: 'User logged in: test-1774294679997-ajvcyo@example.com',
  level: 'info',
  service: 'sync-not-net-api',
  timestamp: '2026-03-24 01:08:00'
}
{
  message: '::ffff:127.0.0.1 - - [23/Mar/2026:19:38:00 +0000] "POST /api/users/login HTTP/1.1" 200 445 "-" "-"',
  level: 'info',
  service: 'sync-not-net-api',
  timestamp: '2026-03-24 01:08:00'
}
{
  message: '::ffff:127.0.0.1 - - [23/Mar/2026:19:38:00 +0000] "PUT /api/notebooks/69c19698545497ba5002b2bc/password HTTP/1.1" 403 78 "-" "-"',
  level: 'info',
  service: 'sync-not-net-api',
  timestamp: '2026-03-24 01:08:00'
}
{
  message: 'User logged in: test-1774294680297-7bwn53@example.com',
  level: 'info',
  service: 'sync-not-net-api',
  timestamp: '2026-03-24 01:08:00'
}
{
  message: '::ffff:127.0.0.1 - - [23/Mar/2026:19:38:00 +0000] "POST /api/users/login HTTP/1.1" 200 445 "-" "-"',
  level: 'info',
  service: 'sync-not-net-api',
  timestamp: '2026-03-24 01:08:00'
}
{
  message: '::ffff:127.0.0.1 - - [23/Mar/2026:19:38:01 +0000] "POST /api/notebooks/nb-1774294680530-bfs6/verify-password HTTP/1.1" 200 468 "-" "-"',
  level: 'info',
  service: 'sync-not-net-api',
  timestamp: '2026-03-24 01:08:01'
}
{
  message: 'User logged in: test-1774294681423-wmb6st@example.com',
  level: 'info',
  service: 'sync-not-net-api',
  timestamp: '2026-03-24 01:08:01'
}
{
  message: '::ffff:127.0.0.1 - - [23/Mar/2026:19:38:01 +0000] "POST /api/users/login HTTP/1.1" 200 445 "-" "-"',
  level: 'info',
  service: 'sync-not-net-api',
  timestamp: '2026-03-24 01:08:01'
}
{
  message: '::ffff:127.0.0.1 - - [23/Mar/2026:19:38:02 +0000] "POST /api/notebooks/nb-1774294681657-dajw/verify-password HTTP/1.1" 401 78 "-" "-"',
  level: 'info',
  service: 'sync-not-net-api',
  timestamp: '2026-03-24 01:08:02'
}
{
  message: 'User logged in: test-1774294682482-pig8j9@example.com',
  level: 'info',
  service: 'sync-not-net-api',
  timestamp: '2026-03-24 01:08:02'
}
{
  message: '::ffff:127.0.0.1 - - [23/Mar/2026:19:38:02 +0000] "POST /api/users/login HTTP/1.1" 200 445 "-" "-"',
  level: 'info',
  service: 'sync-not-net-api',
  timestamp: '2026-03-24 01:08:02'
}
{
  message: '::ffff:127.0.0.1 - - [23/Mar/2026:19:38:03 +0000] "POST /api/notebooks/nb-1774294682713-mx75/verify-password HTTP/1.1" 400 67 "-" "-"',
  level: 'info',
  service: 'sync-not-net-api',
  timestamp: '2026-03-24 01:08:03'
}
{
  message: 'User logged in: test-1774294683121-o5tzeo@example.com',
  level: 'info',
  service: 'sync-not-net-api',
  timestamp: '2026-03-24 01:08:03'
}
{
  message: '::ffff:127.0.0.1 - - [23/Mar/2026:19:38:03 +0000] "POST /api/users/login HTTP/1.1" 200 448 "-" "-"',
  level: 'info',
  service: 'sync-not-net-api',
  timestamp: '2026-03-24 01:08:03'
}
{
  message: 'User logged in: test-1774294683349-50aldi@example.com',
  level: 'info',
  service: 'sync-not-net-api',
  timestamp: '2026-03-24 01:08:03'
}
{
  message: '::ffff:127.0.0.1 - - [23/Mar/2026:19:38:03 +0000] "POST /api/users/login HTTP/1.1" 200 445 "-" "-"',
  level: 'info',
  service: 'sync-not-net-api',
  timestamp: '2026-03-24 01:08:03'
}
{
  message: '::ffff:127.0.0.1 - - [23/Mar/2026:19:38:03 +0000] "GET /api/users/search?q=Alice HTTP/1.1" 200 2 "-" "-"',
  level: 'info',
  service: 'sync-not-net-api',
  timestamp: '2026-03-24 01:08:03'
}
{
  message: 'User logged in: test-1774294683643-a9o1i6@example.com',
  level: 'info',
  service: 'sync-not-net-api',
  timestamp: '2026-03-24 01:08:03'
}
{
  message: '::ffff:127.0.0.1 - - [23/Mar/2026:19:38:03 +0000] "POST /api/users/login HTTP/1.1" 200 445 "-" "-"',
  level: 'info',
  service: 'sync-not-net-api',
  timestamp: '2026-03-24 01:08:03'
}
{
  message: '::ffff:127.0.0.1 - - [23/Mar/2026:19:38:03 +0000] "GET /api/users/search?q=test- HTTP/1.1" 200 1024 "-" "-"',
  level: 'info',
  service: 'sync-not-net-api',
  timestamp: '2026-03-24 01:08:03'
}
{
  message: 'User logged in: test-1774294683897-wgi355@example.com',
  level: 'info',
  service: 'sync-not-net-api',
  timestamp: '2026-03-24 01:08:04'
}
{
  message: '::ffff:127.0.0.1 - - [23/Mar/2026:19:38:04 +0000] "POST /api/users/login HTTP/1.1" 200 445 "-" "-"',
  level: 'info',
  service: 'sync-not-net-api',
  timestamp: '2026-03-24 01:08:04'
}
{
  message: '::ffff:127.0.0.1 - - [23/Mar/2026:19:38:04 +0000] "GET /api/users/search?q=a HTTP/1.1" 400 92 "-" "-"',
  level: 'info',
  service: 'sync-not-net-api',
  timestamp: '2026-03-24 01:08:04'
}
{
  message: '::ffff:127.0.0.1 - - [23/Mar/2026:19:38:04 +0000] "GET /api/users/search?q=test HTTP/1.1" 401 55 "-" "-"',
  level: 'info',
  service: 'sync-not-net-api',
  timestamp: '2026-03-24 01:08:04'
}
{
  message: 'User logged in: test-1774294684193-vaiuk5@example.com',
  level: 'info',
  service: 'sync-not-net-api',
  timestamp: '2026-03-24 01:08:04'
}
{
  message: '::ffff:127.0.0.1 - - [23/Mar/2026:19:38:04 +0000] "POST /api/users/login HTTP/1.1" 200 445 "-" "-"',
  level: 'info',
  service: 'sync-not-net-api',
  timestamp: '2026-03-24 01:08:04'
}
{
  message: 'User logged in: test-1774294684417-vdpxq3@example.com',
  level: 'info',
  service: 'sync-not-net-api',
  timestamp: '2026-03-24 01:08:04'
}
{
  message: '::ffff:127.0.0.1 - - [23/Mar/2026:19:38:04 +0000] "POST /api/users/login HTTP/1.1" 200 445 "-" "-"',
  level: 'info',
  service: 'sync-not-net-api',
  timestamp: '2026-03-24 01:08:04'
}
{
  message: 'Collaborators updated for notebook 69c1969c545497ba5002b2f3, count: 1',
  level: 'info',
  service: 'sync-not-net-api',
  timestamp: '2026-03-24 01:08:04'
}
{
  message: '::ffff:127.0.0.1 - - [23/Mar/2026:19:38:04 +0000] "PUT /api/notebooks/69c1969c545497ba5002b2f3/collaborators HTTP/1.1" 200 228 "-" "-"',
  level: 'info',
  service: 'sync-not-net-api',
  timestamp: '2026-03-24 01:08:04'
}
{
  message: 'User logged in: test-1774294684712-eja08e@example.com',
  level: 'info',
  service: 'sync-not-net-api',
  timestamp: '2026-03-24 01:08:04'
}
{
  message: '::ffff:127.0.0.1 - - [23/Mar/2026:19:38:04 +0000] "POST /api/users/login HTTP/1.1" 200 445 "-" "-"',
  level: 'info',
  service: 'sync-not-net-api',
  timestamp: '2026-03-24 01:08:04'
}
{
  message: 'User logged in: test-1774294684955-9mquhd@example.com',
  level: 'info',
  service: 'sync-not-net-api',
  timestamp: '2026-03-24 01:08:05'
}
{
  message: '::ffff:127.0.0.1 - - [23/Mar/2026:19:38:05 +0000] "POST /api/users/login HTTP/1.1" 200 445 "-" "-"',
  level: 'info',
  service: 'sync-not-net-api',
  timestamp: '2026-03-24 01:08:05'
}
{
  message: '::ffff:127.0.0.1 - - [23/Mar/2026:19:38:05 +0000] "PUT /api/notebooks/69c1969d545497ba5002b302/collaborators/69c1969c545497ba5002b2ff HTTP/1.1" 200 191 "-" "-"',
  level: 'info',
  service: 'sync-not-net-api',
  timestamp: '2026-03-24 01:08:05'
}
{
  message: 'User logged in: test-1774294685257-cv0x2c@example.com',
  level: 'info',
  service: 'sync-not-net-api',
  timestamp: '2026-03-24 01:08:05'
}
{
  message: '::ffff:127.0.0.1 - - [23/Mar/2026:19:38:05 +0000] "POST /api/users/login HTTP/1.1" 200 445 "-" "-"',
  level: 'info',
  service: 'sync-not-net-api',
  timestamp: '2026-03-24 01:08:05'
}
{
  message: 'User logged in: test-1774294685480-7q1a2n@example.com',
  level: 'info',
  service: 'sync-not-net-api',
  timestamp: '2026-03-24 01:08:05'
}
{
  message: '::ffff:127.0.0.1 - - [23/Mar/2026:19:38:05 +0000] "POST /api/users/login HTTP/1.1" 200 445 "-" "-"',
  level: 'info',
  service: 'sync-not-net-api',
  timestamp: '2026-03-24 01:08:05'
}
{
  message: '::ffff:127.0.0.1 - - [23/Mar/2026:19:38:05 +0000] "DELETE /api/notebooks/69c1969d545497ba5002b312/collaborators/69c1969d545497ba5002b30f HTTP/1.1" 200 47 "-" "-"',
  level: 'info',
  service: 'sync-not-net-api',
  timestamp: '2026-03-24 01:08:05'
}
{
  message: 'User logged in: test-1774294685777-6lw2hk@example.com',
  level: 'info',
  service: 'sync-not-net-api',
  timestamp: '2026-03-24 01:08:05'
}
{
  message: '::ffff:127.0.0.1 - - [23/Mar/2026:19:38:05 +0000] "POST /api/users/login HTTP/1.1" 200 445 "-" "-"',
  level: 'info',
  service: 'sync-not-net-api',
  timestamp: '2026-03-24 01:08:05'
}
{
  message: 'URL identifier updated for notebook 69c1969d545497ba5002b31e: nb-1774294685998-xe05 -> my-custom-url-123',
  level: 'info',
  service: 'sync-not-net-api',
  timestamp: '2026-03-24 01:08:06'
}
{
  message: '::ffff:127.0.0.1 - - [23/Mar/2026:19:38:06 +0000] "PUT /api/notebooks/69c1969d545497ba5002b31e/url HTTP/1.1" 200 74 "-" "-"',
  level: 'info',
  service: 'sync-not-net-api',
  timestamp: '2026-03-24 01:08:06'
}
{
  message: 'User logged in: test-1774294686073-hz0car@example.com',
  level: 'info',
  service: 'sync-not-net-api',
  timestamp: '2026-03-24 01:08:06'
}
{
  message: '::ffff:127.0.0.1 - - [23/Mar/2026:19:38:06 +0000] "POST /api/users/login HTTP/1.1" 200 445 "-" "-"',
  level: 'info',
  service: 'sync-not-net-api',
  timestamp: '2026-03-24 01:08:06'
}
{
  message: 'URL identifier updated for notebook 69c1969e545497ba5002b329: nb-1774294686292-gjtx -> unique-url-123',
  level: 'info',
  service: 'sync-not-net-api',
  timestamp: '2026-03-24 01:08:06'
}
{
  message: '::ffff:127.0.0.1 - - [23/Mar/2026:19:38:06 +0000] "PUT /api/notebooks/69c1969e545497ba5002b329/url HTTP/1.1" 200 71 "-" "-"',
  level: 'info',
  service: 'sync-not-net-api',
  timestamp: '2026-03-24 01:08:06'
}
{
  message: '::ffff:127.0.0.1 - - [23/Mar/2026:19:38:06 +0000] "PUT /api/notebooks/69c1969e545497ba5002b32b/url HTTP/1.1" 400 111 "-" "-"',
  level: 'info',
  service: 'sync-not-net-api',
  timestamp: '2026-03-24 01:08:06'
}
{
  message: 'User logged in: test-1774294686391-tu2db3@example.com',
  level: 'info',
  service: 'sync-not-net-api',
  timestamp: '2026-03-24 01:08:06'
}
{
  message: '::ffff:127.0.0.1 - - [23/Mar/2026:19:38:06 +0000] "POST /api/users/login HTTP/1.1" 200 445 "-" "-"',
  level: 'info',
  service: 'sync-not-net-api',
  timestamp: '2026-03-24 01:08:06'
}
{
  message: 'User logged in: test-1774294686616-heejyf@example.com',
  level: 'info',
  service: 'sync-not-net-api',
  timestamp: '2026-03-24 01:08:06'
}
{
  message: '::ffff:127.0.0.1 - - [23/Mar/2026:19:38:06 +0000] "POST /api/users/login HTTP/1.1" 200 445 "-" "-"',
  level: 'info',
  service: 'sync-not-net-api',
  timestamp: '2026-03-24 01:08:06'
}
{
  message: '::ffff:127.0.0.1 - - [23/Mar/2026:19:38:06 +0000] "PUT /api/notebooks/69c1969e545497ba5002b33d/url HTTP/1.1" 403 71 "-" "-"',
  level: 'info',
  service: 'sync-not-net-api',
  timestamp: '2026-03-24 01:08:06'
}
{
  message: 'User logged in: test-1774294686893-e3gre7@example.com',
  level: 'info',
  service: 'sync-not-net-api',
  timestamp: '2026-03-24 01:08:07'
}
{
  message: '::ffff:127.0.0.1 - - [23/Mar/2026:19:38:07 +0000] "POST /api/users/login HTTP/1.1" 200 445 "-" "-"',
  level: 'info',
  service: 'sync-not-net-api',
  timestamp: '2026-03-24 01:08:07'
}
{
  message: '::ffff:127.0.0.1 - - [23/Mar/2026:19:38:07 +0000] "POST /api/notebooks/69c1969f545497ba5002b346/favorite HTTP/1.1" 404 105 "-" "-"',
  level: 'info',
  service: 'sync-not-net-api',
  timestamp: '2026-03-24 01:08:07'
}
{
  message: 'User logged in: test-1774294687156-x2blly@example.com',
  level: 'info',
  service: 'sync-not-net-api',
  timestamp: '2026-03-24 01:08:07'
}
{
  message: '::ffff:127.0.0.1 - - [23/Mar/2026:19:38:07 +0000] "POST /api/users/login HTTP/1.1" 200 445 "-" "-"',
  level: 'info',
  service: 'sync-not-net-api',
  timestamp: '2026-03-24 01:08:07'
}
{
  message: '::ffff:127.0.0.1 - - [23/Mar/2026:19:38:07 +0000] "POST /api/notebooks/69c1969f545497ba5002b34d/favorite HTTP/1.1" 401 55 "-" "-"',
  level: 'info',
  service: 'sync-not-net-api',
  timestamp: '2026-03-24 01:08:07'
}
{
  message: 'User logged in: test-1774294687413-4lfjrx@example.com',
  level: 'info',
  service: 'sync-not-net-api',
  timestamp: '2026-03-24 01:08:07'
}
{
  message: '::ffff:127.0.0.1 - - [23/Mar/2026:19:38:07 +0000] "POST /api/users/login HTTP/1.1" 200 445 "-" "-"',
  level: 'info',
  service: 'sync-not-net-api',
  timestamp: '2026-03-24 01:08:07'
}
{
  message: '::ffff:127.0.0.1 - - [23/Mar/2026:19:38:07 +0000] "POST /api/notebooks/69c1969f545497ba5002b353/favorite HTTP/1.1" 404 105 "-" "-"',
  level: 'info',
  service: 'sync-not-net-api',
  timestamp: '2026-03-24 01:08:07'
}
{
  message: '::ffff:127.0.0.1 - - [23/Mar/2026:19:38:07 +0000] "GET /api/notebooks/favorites HTTP/1.1" 404 100 "-" "-"',
  level: 'info',
  service: 'sync-not-net-api',
  timestamp: '2026-03-24 01:08:07'
}
{
  message: 'User logged in: test-1774294687730-ix46aa@example.com',
  level: 'info',
  service: 'sync-not-net-api',
  timestamp: '2026-03-24 01:08:07'
}
{
  message: '::ffff:127.0.0.1 - - [23/Mar/2026:19:38:07 +0000] "POST /api/users/login HTTP/1.1" 200 445 "-" "-"',
  level: 'info',
  service: 'sync-not-net-api',
  timestamp: '2026-03-24 01:08:07'
}
{
  message: 'User logged in: test-1774294687955-rx77mr@example.com',
  level: 'info',
  service: 'sync-not-net-api',
  timestamp: '2026-03-24 01:08:08'
}
{
  message: '::ffff:127.0.0.1 - - [23/Mar/2026:19:38:08 +0000] "POST /api/users/login HTTP/1.1" 200 445 "-" "-"',
  level: 'info',
  service: 'sync-not-net-api',
  timestamp: '2026-03-24 01:08:08'
}
{
  message: '::ffff:127.0.0.1 - - [23/Mar/2026:19:38:08 +0000] "GET /api/notebooks/shared HTTP/1.1" 404 100 "-" "-"',
  level: 'info',
  service: 'sync-not-net-api',
  timestamp: '2026-03-24 01:08:08'
}
{
  message: 'User logged in: test-1774294688245-1yx57g@example.com',
  level: 'info',
  service: 'sync-not-net-api',
  timestamp: '2026-03-24 01:08:08'
}
{
  message: '::ffff:127.0.0.1 - - [23/Mar/2026:19:38:08 +0000] "POST /api/users/login HTTP/1.1" 200 445 "-" "-"',
  level: 'info',
  service: 'sync-not-net-api',
  timestamp: '2026-03-24 01:08:08'
}
{
  message: '::ffff:127.0.0.1 - - [23/Mar/2026:19:38:08 +0000] "POST /api/notebooks/nb-1774294688467-e58m/register-guest HTTP/1.1" 200 576 "-" "-"',
  level: 'info',
  service: 'sync-not-net-api',
  timestamp: '2026-03-24 01:08:08'
}
{
  message: 'User logged in: test-1774294688510-smwcmb@example.com',
  level: 'info',
  service: 'sync-not-net-api',
  timestamp: '2026-03-24 01:08:08'
}
{
  message: '::ffff:127.0.0.1 - - [23/Mar/2026:19:38:08 +0000] "POST /api/users/login HTTP/1.1" 200 445 "-" "-"',
  level: 'info',
  service: 'sync-not-net-api',
  timestamp: '2026-03-24 01:08:08'
}
{
  message: '::ffff:127.0.0.1 - - [23/Mar/2026:19:38:08 +0000] "POST /api/notebooks/nb-1774294688737-jah7/register-guest HTTP/1.1" 400 83 "-" "-"',
  level: 'info',
  service: 'sync-not-net-api',
  timestamp: '2026-03-24 01:08:08'
}
{
  message: 'User logged in: test-1774294688779-82vjh8@example.com',
  level: 'info',
  service: 'sync-not-net-api',
  timestamp: '2026-03-24 01:08:08'
}
{
  message: '::ffff:127.0.0.1 - - [23/Mar/2026:19:38:09 +0000] "POST /api/users/login HTTP/1.1" 200 445 "-" "-"',
  level: 'info',
  service: 'sync-not-net-api',
  timestamp: '2026-03-24 01:08:09'
}
{
  message: '::ffff:127.0.0.1 - - [23/Mar/2026:19:38:09 +0000] "POST /api/notebooks/nb-1774294689009-0b4y/register-guest HTTP/1.1" 200 331 "-" "-"',
  level: 'info',
  service: 'sync-not-net-api',
  timestamp: '2026-03-24 01:08:09'
}
{
  message: 'Running without Redis in development mode',
  level: 'info',
  service: 'sync-not-net-api',
  timestamp: '2026-03-24 01:09:21'
}
{
  message: 'Server is running on http://localhost:5000',
  level: 'info',
  service: 'sync-not-net-api',
  timestamp: '2026-03-24 01:09:21'
}
{
  message: 'Environment: development',
  level: 'info',
  service: 'sync-not-net-api',
  timestamp: '2026-03-24 01:09:21'
}
{
  message: 'User Anonymous connected with socket wvWGvGcR-NGXxvUgAAAB',
  level: 'info',
  service: 'sync-not-net-api',
  timestamp: '2026-03-24 01:09:22'
}
{
  message: 'MongoDB Connected successfully',
  level: 'info',
  service: 'sync-not-net-api',
  timestamp: '2026-03-24 01:09:30'
}
{
  message: 'Running without Redis in development mode',
  level: 'info',
  service: 'sync-not-net-api',
  timestamp: '2026-03-24 01:10:02'
}
{
  message: 'Server is running on http://localhost:5000',
  level: 'info',
  service: 'sync-not-net-api',
  timestamp: '2026-03-24 01:10:02'
}
{
  message: 'Environment: development',
  level: 'info',
  service: 'sync-not-net-api',
  timestamp: '2026-03-24 01:10:02'
}
{
  message: 'User Anonymous connected with socket yAP2amq-belJWvUUAAAB',
  level: 'info',
  service: 'sync-not-net-api',
  timestamp: '2026-03-24 01:10:02'
}
{
  message: 'MongoDB Connected successfully',
  level: 'info',
  service: 'sync-not-net-api',
  timestamp: '2026-03-24 01:10:03'
}
{
  message: 'Running without Redis in development mode',
  level: 'info',
  service: 'sync-not-net-api',
  timestamp: '2026-03-24 01:10:36'
}
{
  message: 'Server is running on http://localhost:5000',
  level: 'info',
  service: 'sync-not-net-api',
  timestamp: '2026-03-24 01:10:36'
}
{
  message: 'Environment: development',
  level: 'info',
  service: 'sync-not-net-api',
  timestamp: '2026-03-24 01:10:36'
}
{
  message: 'User Anonymous connected with socket RpvZfPOXiVpbWVZXAAAB',
  level: 'info',
  service: 'sync-not-net-api',
  timestamp: '2026-03-24 01:10:36'
}
{
  message: 'MongoDB Connected successfully',
  level: 'info',
  service: 'sync-not-net-api',
  timestamp: '2026-03-24 01:10:37'
}
{
  message: 'Running without Redis in development mode',
  level: 'info',
  service: 'sync-not-net-api',
  timestamp: '2026-03-24 01:10:56'
}
{
  message: 'MongoDB Connected successfully',
  level: 'info',
  service: 'sync-not-net-api',
  timestamp: '2026-03-24 01:10:56'
}
{
  message: 'User logged in: test-1774294856934-n48u0k@example.com',
  level: 'info',
  service: 'sync-not-net-api',
  timestamp: '2026-03-24 01:10:57'
}
{
  message: '::ffff:127.0.0.1 - - [23/Mar/2026:19:40:57 +0000] "POST /api/users/login HTTP/1.1" 200 445 "-" "-"',
  level: 'info',
  service: 'sync-not-net-api',
  timestamp: '2026-03-24 01:10:57'
}
{
  message: 'Password protection added/updated for notebook 69c19749d79350e805858818',
  level: 'info',
  service: 'sync-not-net-api',
  timestamp: '2026-03-24 01:10:57'
}
{
  message: '::ffff:127.0.0.1 - - [23/Mar/2026:19:40:57 +0000] "PUT /api/notebooks/69c19749d79350e805858818/password HTTP/1.1" 200 138 "-" "-"',
  level: 'info',
  service: 'sync-not-net-api',
  timestamp: '2026-03-24 01:10:57'
}
{
  message: 'User logged in: test-1774294857822-wn96v2@example.com',
  level: 'info',
  service: 'sync-not-net-api',
  timestamp: '2026-03-24 01:10:58'
}
{
  message: '::ffff:127.0.0.1 - - [23/Mar/2026:19:40:58 +0000] "POST /api/users/login HTTP/1.1" 200 445 "-" "-"',
  level: 'info',
  service: 'sync-not-net-api',
  timestamp: '2026-03-24 01:10:58'
}
{
  message: 'Password protection added/updated for notebook 69c1974ad79350e805858823',
  level: 'info',
  service: 'sync-not-net-api',
  timestamp: '2026-03-24 01:10:58'
}
{
  message: '::ffff:127.0.0.1 - - [23/Mar/2026:19:40:58 +0000] "PUT /api/notebooks/69c1974ad79350e805858823/password HTTP/1.1" 200 138 "-" "-"',
  level: 'info',
  service: 'sync-not-net-api',
  timestamp: '2026-03-24 01:10:58'
}
{
  message: 'User logged in: test-1774294858902-ss09ri@example.com',
  level: 'info',
  service: 'sync-not-net-api',
  timestamp: '2026-03-24 01:10:59'
}
{
  message: '::ffff:127.0.0.1 - - [23/Mar/2026:19:40:59 +0000] "POST /api/users/login HTTP/1.1" 200 445 "-" "-"',
  level: 'info',
  service: 'sync-not-net-api',
  timestamp: '2026-03-24 01:10:59'
}
{
  message: 'Password protection removed for notebook 69c1974bd79350e80585882e',
  level: 'info',
  service: 'sync-not-net-api',
  timestamp: '2026-03-24 01:10:59'
}
{
  message: '::ffff:127.0.0.1 - - [23/Mar/2026:19:40:59 +0000] "PUT /api/notebooks/69c1974bd79350e80585882e/password HTTP/1.1" 200 140 "-" "-"',
  level: 'info',
  service: 'sync-not-net-api',
  timestamp: '2026-03-24 01:10:59'
}
{
  message: 'User logged in: test-1774294859588-0dinex@example.com',
  level: 'info',
  service: 'sync-not-net-api',
  timestamp: '2026-03-24 01:10:59'
}
{
  message: '::ffff:127.0.0.1 - - [23/Mar/2026:19:40:59 +0000] "POST /api/users/login HTTP/1.1" 200 445 "-" "-"',
  level: 'info',
  service: 'sync-not-net-api',
  timestamp: '2026-03-24 01:10:59'
}
{
  message: '::ffff:127.0.0.1 - - [23/Mar/2026:19:40:59 +0000] "PUT /api/notebooks/69c1974bd79350e805858839/password HTTP/1.1" 401 55 "-" "-"',
  level: 'info',
  service: 'sync-not-net-api',
  timestamp: '2026-03-24 01:10:59'
}
{
  message: 'User logged in: test-1774294859848-x5ylry@example.com',
  level: 'info',
  service: 'sync-not-net-api',
  timestamp: '2026-03-24 01:11:00'
}
{
  message: '::ffff:127.0.0.1 - - [23/Mar/2026:19:41:00 +0000] "POST /api/users/login HTTP/1.1" 200 445 "-" "-"',
  level: 'info',
  service: 'sync-not-net-api',
  timestamp: '2026-03-24 01:11:00'
}
{
  message: 'User logged in: test-1774294860078-bjngyy@example.com',
  level: 'info',
  service: 'sync-not-net-api',
  timestamp: '2026-03-24 01:11:00'
}
{
  message: '::ffff:127.0.0.1 - - [23/Mar/2026:19:41:00 +0000] "POST /api/users/login HTTP/1.1" 200 445 "-" "-"',
  level: 'info',
  service: 'sync-not-net-api',
  timestamp: '2026-03-24 01:11:00'
}
{
  message: '::ffff:127.0.0.1 - - [23/Mar/2026:19:41:00 +0000] "PUT /api/notebooks/69c1974cd79350e805858842/password HTTP/1.1" 403 78 "-" "-"',
  level: 'info',
  service: 'sync-not-net-api',
  timestamp: '2026-03-24 01:11:00'
}
{
  message: 'User logged in: test-1774294860374-6gl6jo@example.com',
  level: 'info',
  service: 'sync-not-net-api',
  timestamp: '2026-03-24 01:11:00'
}
{
  message: '::ffff:127.0.0.1 - - [23/Mar/2026:19:41:00 +0000] "POST /api/users/login HTTP/1.1" 200 445 "-" "-"',
  level: 'info',
  service: 'sync-not-net-api',
  timestamp: '2026-03-24 01:11:00'
}
{
  message: '::ffff:127.0.0.1 - - [23/Mar/2026:19:41:01 +0000] "POST /api/notebooks/nb-1774294860600-l4ey/verify-password HTTP/1.1" 200 468 "-" "-"',
  level: 'info',
  service: 'sync-not-net-api',
  timestamp: '2026-03-24 01:11:01'
}
{
  message: 'User logged in: test-1774294861481-waxfcn@example.com',
  level: 'info',
  service: 'sync-not-net-api',
  timestamp: '2026-03-24 01:11:01'
}
{
  message: '::ffff:127.0.0.1 - - [23/Mar/2026:19:41:01 +0000] "POST /api/users/login HTTP/1.1" 200 445 "-" "-"',
  level: 'info',
  service: 'sync-not-net-api',
  timestamp: '2026-03-24 01:11:01'
}
{
  message: '::ffff:127.0.0.1 - - [23/Mar/2026:19:41:02 +0000] "POST /api/notebooks/nb-1774294861706-zcx2/verify-password HTTP/1.1" 401 78 "-" "-"',
  level: 'info',
  service: 'sync-not-net-api',
  timestamp: '2026-03-24 01:11:02'
}
{
  message: 'User logged in: test-1774294862524-px1qlc@example.com',
  level: 'info',
  service: 'sync-not-net-api',
  timestamp: '2026-03-24 01:11:02'
}
{
  message: '::ffff:127.0.0.1 - - [23/Mar/2026:19:41:02 +0000] "POST /api/users/login HTTP/1.1" 200 445 "-" "-"',
  level: 'info',
  service: 'sync-not-net-api',
  timestamp: '2026-03-24 01:11:02'
}
{
  message: '::ffff:127.0.0.1 - - [23/Mar/2026:19:41:03 +0000] "POST /api/notebooks/nb-1774294862749-z6zv/verify-password HTTP/1.1" 400 67 "-" "-"',
  level: 'info',
  service: 'sync-not-net-api',
  timestamp: '2026-03-24 01:11:03'
}
{
  message: 'User logged in: test-1774294863161-owv8d7@example.com',
  level: 'info',
  service: 'sync-not-net-api',
  timestamp: '2026-03-24 01:11:03'
}
{
  message: '::ffff:127.0.0.1 - - [23/Mar/2026:19:41:03 +0000] "POST /api/users/login HTTP/1.1" 200 448 "-" "-"',
  level: 'info',
  service: 'sync-not-net-api',
  timestamp: '2026-03-24 01:11:03'
}
{
  message: 'User logged in: test-1774294863385-9oosi0@example.com',
  level: 'info',
  service: 'sync-not-net-api',
  timestamp: '2026-03-24 01:11:03'
}
{
  message: '::ffff:127.0.0.1 - - [23/Mar/2026:19:41:03 +0000] "POST /api/users/login HTTP/1.1" 200 445 "-" "-"',
  level: 'info',
  service: 'sync-not-net-api',
  timestamp: '2026-03-24 01:11:03'
}
{
  message: '::ffff:127.0.0.1 - - [23/Mar/2026:19:41:03 +0000] "GET /api/users/search?q=Alice HTTP/1.1" 200 106 "-" "-"',
  level: 'info',
  service: 'sync-not-net-api',
  timestamp: '2026-03-24 01:11:03'
}
{
  message: 'User logged in: test-1774294863653-asu1pq@example.com',
  level: 'info',
  service: 'sync-not-net-api',
  timestamp: '2026-03-24 01:11:03'
}
{
  message: '::ffff:127.0.0.1 - - [23/Mar/2026:19:41:03 +0000] "POST /api/users/login HTTP/1.1" 200 445 "-" "-"',
  level: 'info',
  service: 'sync-not-net-api',
  timestamp: '2026-03-24 01:11:03'
}
{
  message: '::ffff:127.0.0.1 - - [23/Mar/2026:19:41:03 +0000] "GET /api/users/search?q=test- HTTP/1.1" 200 1024 "-" "-"',
  level: 'info',
  service: 'sync-not-net-api',
  timestamp: '2026-03-24 01:11:03'
}
{
  message: 'User logged in: test-1774294863907-ysvmyu@example.com',
  level: 'info',
  service: 'sync-not-net-api',
  timestamp: '2026-03-24 01:11:04'
}
{
  message: '::ffff:127.0.0.1 - - [23/Mar/2026:19:41:04 +0000] "POST /api/users/login HTTP/1.1" 200 445 "-" "-"',
  level: 'info',
  service: 'sync-not-net-api',
  timestamp: '2026-03-24 01:11:04'
}
{
  message: '::ffff:127.0.0.1 - - [23/Mar/2026:19:41:04 +0000] "GET /api/users/search?q=a HTTP/1.1" 400 92 "-" "-"',
  level: 'info',
  service: 'sync-not-net-api',
  timestamp: '2026-03-24 01:11:04'
}
{
  message: '::ffff:127.0.0.1 - - [23/Mar/2026:19:41:04 +0000] "GET /api/users/search?q=test HTTP/1.1" 401 55 "-" "-"',
  level: 'info',
  service: 'sync-not-net-api',
  timestamp: '2026-03-24 01:11:04'
}
{
  message: 'User logged in: test-1774294864178-6t3rsa@example.com',
  level: 'info',
  service: 'sync-not-net-api',
  timestamp: '2026-03-24 01:11:04'
}
{
  message: '::ffff:127.0.0.1 - - [23/Mar/2026:19:41:04 +0000] "POST /api/users/login HTTP/1.1" 200 445 "-" "-"',
  level: 'info',
  service: 'sync-not-net-api',
  timestamp: '2026-03-24 01:11:04'
}
{
  message: 'User logged in: test-1774294864408-9hhg9e@example.com',
  level: 'info',
  service: 'sync-not-net-api',
  timestamp: '2026-03-24 01:11:04'
}
{
  message: '::ffff:127.0.0.1 - - [23/Mar/2026:19:41:04 +0000] "POST /api/users/login HTTP/1.1" 200 445 "-" "-"',
  level: 'info',
  service: 'sync-not-net-api',
  timestamp: '2026-03-24 01:11:04'
}
{
  message: 'Collaborators updated for notebook 69c19750d79350e805858879, count: 1',
  level: 'info',
  service: 'sync-not-net-api',
  timestamp: '2026-03-24 01:11:04'
}
{
  message: '::ffff:127.0.0.1 - - [23/Mar/2026:19:41:04 +0000] "PUT /api/notebooks/69c19750d79350e805858879/collaborators HTTP/1.1" 200 228 "-" "-"',
  level: 'info',
  service: 'sync-not-net-api',
  timestamp: '2026-03-24 01:11:04'
}
{
  message: 'User logged in: test-1774294864698-i0yks0@example.com',
  level: 'info',
  service: 'sync-not-net-api',
  timestamp: '2026-03-24 01:11:04'
}
{
  message: '::ffff:127.0.0.1 - - [23/Mar/2026:19:41:04 +0000] "POST /api/users/login HTTP/1.1" 200 445 "-" "-"',
  level: 'info',
  service: 'sync-not-net-api',
  timestamp: '2026-03-24 01:11:04'
}
{
  message: 'User logged in: test-1774294864924-hivocm@example.com',
  level: 'info',
  service: 'sync-not-net-api',
  timestamp: '2026-03-24 01:11:05'
}
{
  message: '::ffff:127.0.0.1 - - [23/Mar/2026:19:41:05 +0000] "POST /api/users/login HTTP/1.1" 200 445 "-" "-"',
  level: 'info',
  service: 'sync-not-net-api',
  timestamp: '2026-03-24 01:11:05'
}
{
  message: '::ffff:127.0.0.1 - - [23/Mar/2026:19:41:05 +0000] "PUT /api/notebooks/69c19751d79350e805858888/collaborators/69c19750d79350e805858885 HTTP/1.1" 200 191 "-" "-"',
  level: 'info',
  service: 'sync-not-net-api',
  timestamp: '2026-03-24 01:11:05'
}
{
  message: 'User logged in: test-1774294865213-nxus1o@example.com',
  level: 'info',
  service: 'sync-not-net-api',
  timestamp: '2026-03-24 01:11:05'
}
{
  message: '::ffff:127.0.0.1 - - [23/Mar/2026:19:41:05 +0000] "POST /api/users/login HTTP/1.1" 200 445 "-" "-"',
  level: 'info',
  service: 'sync-not-net-api',
  timestamp: '2026-03-24 01:11:05'
}
{
  message: 'User logged in: test-1774294865439-1hys52@example.com',
  level: 'info',
  service: 'sync-not-net-api',
  timestamp: '2026-03-24 01:11:05'
}
{
  message: '::ffff:127.0.0.1 - - [23/Mar/2026:19:41:05 +0000] "POST /api/users/login HTTP/1.1" 200 445 "-" "-"',
  level: 'info',
  service: 'sync-not-net-api',
  timestamp: '2026-03-24 01:11:05'
}
{
  message: '::ffff:127.0.0.1 - - [23/Mar/2026:19:41:05 +0000] "DELETE /api/notebooks/69c19751d79350e805858898/collaborators/69c19751d79350e805858895 HTTP/1.1" 200 47 "-" "-"',
  level: 'info',
  service: 'sync-not-net-api',
  timestamp: '2026-03-24 01:11:05'
}
{
  message: 'User logged in: test-1774294865719-ednvdb@example.com',
  level: 'info',
  service: 'sync-not-net-api',
  timestamp: '2026-03-24 01:11:05'
}
{
  message: '::ffff:127.0.0.1 - - [23/Mar/2026:19:41:05 +0000] "POST /api/users/login HTTP/1.1" 200 445 "-" "-"',
  level: 'info',
  service: 'sync-not-net-api',
  timestamp: '2026-03-24 01:11:05'
}
{
  message: 'URL identifier updated for notebook 69c19751d79350e8058588a4: nb-1774294865944-zj9r -> my-custom-url-123',
  level: 'info',
  service: 'sync-not-net-api',
  timestamp: '2026-03-24 01:11:05'
}
{
  message: '::ffff:127.0.0.1 - - [23/Mar/2026:19:41:06 +0000] "PUT /api/notebooks/69c19751d79350e8058588a4/url HTTP/1.1" 200 74 "-" "-"',
  level: 'info',
  service: 'sync-not-net-api',
  timestamp: '2026-03-24 01:11:06'
}
{
  message: 'User logged in: test-1774294866026-jza40c@example.com',
  level: 'info',
  service: 'sync-not-net-api',
  timestamp: '2026-03-24 01:11:06'
}
{
  message: '::ffff:127.0.0.1 - - [23/Mar/2026:19:41:06 +0000] "POST /api/users/login HTTP/1.1" 200 445 "-" "-"',
  level: 'info',
  service: 'sync-not-net-api',
  timestamp: '2026-03-24 01:11:06'
}
{
  message: 'URL identifier updated for notebook 69c19752d79350e8058588af: nb-1774294866257-78eg -> unique-url-123',
  level: 'info',
  service: 'sync-not-net-api',
  timestamp: '2026-03-24 01:11:06'
}
{
  message: '::ffff:127.0.0.1 - - [23/Mar/2026:19:41:06 +0000] "PUT /api/notebooks/69c19752d79350e8058588af/url HTTP/1.1" 200 71 "-" "-"',
  level: 'info',
  service: 'sync-not-net-api',
  timestamp: '2026-03-24 01:11:06'
}
{
  message: '::ffff:127.0.0.1 - - [23/Mar/2026:19:41:06 +0000] "PUT /api/notebooks/69c19752d79350e8058588b1/url HTTP/1.1" 400 111 "-" "-"',
  level: 'info',
  service: 'sync-not-net-api',
  timestamp: '2026-03-24 01:11:06'
}
{
  message: 'User logged in: test-1774294866359-nv4hzz@example.com',
  level: 'info',
  service: 'sync-not-net-api',
  timestamp: '2026-03-24 01:11:06'
}
{
  message: '::ffff:127.0.0.1 - - [23/Mar/2026:19:41:06 +0000] "POST /api/users/login HTTP/1.1" 200 445 "-" "-"',
  level: 'info',
  service: 'sync-not-net-api',
  timestamp: '2026-03-24 01:11:06'
}
{
  message: 'User logged in: test-1774294866584-icome6@example.com',
  level: 'info',
  service: 'sync-not-net-api',
  timestamp: '2026-03-24 01:11:06'
}
{
  message: '::ffff:127.0.0.1 - - [23/Mar/2026:19:41:06 +0000] "POST /api/users/login HTTP/1.1" 200 445 "-" "-"',
  level: 'info',
  service: 'sync-not-net-api',
  timestamp: '2026-03-24 01:11:06'
}
{
  message: '::ffff:127.0.0.1 - - [23/Mar/2026:19:41:06 +0000] "PUT /api/notebooks/69c19752d79350e8058588c3/url HTTP/1.1" 403 71 "-" "-"',
  level: 'info',
  service: 'sync-not-net-api',
  timestamp: '2026-03-24 01:11:06'
}
{
  message: 'User logged in: test-1774294866851-58rnqx@example.com',
  level: 'info',
  service: 'sync-not-net-api',
  timestamp: '2026-03-24 01:11:07'
}
{
  message: '::ffff:127.0.0.1 - - [23/Mar/2026:19:41:07 +0000] "POST /api/users/login HTTP/1.1" 200 445 "-" "-"',
  level: 'info',
  service: 'sync-not-net-api',
  timestamp: '2026-03-24 01:11:07'
}
{
  message: '::ffff:127.0.0.1 - - [23/Mar/2026:19:41:07 +0000] "POST /api/notebooks/69c19753d79350e8058588cc/favorite HTTP/1.1" 200 50 "-" "-"',
  level: 'info',
  service: 'sync-not-net-api',
  timestamp: '2026-03-24 01:11:07'
}
{
  message: 'User logged in: test-1774294867134-92hmot@example.com',
  level: 'info',
  service: 'sync-not-net-api',
  timestamp: '2026-03-24 01:11:07'
}
{
  message: '::ffff:127.0.0.1 - - [23/Mar/2026:19:41:07 +0000] "POST /api/users/login HTTP/1.1" 200 445 "-" "-"',
  level: 'info',
  service: 'sync-not-net-api',
  timestamp: '2026-03-24 01:11:07'
}
{
  message: '::ffff:127.0.0.1 - - [23/Mar/2026:19:41:07 +0000] "POST /api/notebooks/69c19753d79350e8058588d7/favorite HTTP/1.1" 401 55 "-" "-"',
  level: 'info',
  service: 'sync-not-net-api',
  timestamp: '2026-03-24 01:11:07'
}
{
  message: 'User logged in: test-1774294867407-7nqaq3@example.com',
  level: 'info',
  service: 'sync-not-net-api',
  timestamp: '2026-03-24 01:11:07'
}
{
  message: '::ffff:127.0.0.1 - - [23/Mar/2026:19:41:07 +0000] "POST /api/users/login HTTP/1.1" 200 445 "-" "-"',
  level: 'info',
  service: 'sync-not-net-api',
  timestamp: '2026-03-24 01:11:07'
}
{
  message: '::ffff:127.0.0.1 - - [23/Mar/2026:19:41:07 +0000] "POST /api/notebooks/69c19753d79350e8058588dd/favorite HTTP/1.1" 200 50 "-" "-"',
  level: 'info',
  service: 'sync-not-net-api',
  timestamp: '2026-03-24 01:11:07'
}
{
  message: '::ffff:127.0.0.1 - - [23/Mar/2026:19:41:07 +0000] "GET /api/notebooks/favorites HTTP/1.1" 404 100 "-" "-"',
  level: 'info',
  service: 'sync-not-net-api',
  timestamp: '2026-03-24 01:11:07'
}
{
  message: 'User logged in: test-1774294867762-fru67p@example.com',
  level: 'info',
  service: 'sync-not-net-api',
  timestamp: '2026-03-24 01:11:07'
}
{
  message: '::ffff:127.0.0.1 - - [23/Mar/2026:19:41:07 +0000] "POST /api/users/login HTTP/1.1" 200 445 "-" "-"',
  level: 'info',
  service: 'sync-not-net-api',
  timestamp: '2026-03-24 01:11:07'
}
{
  message: 'User logged in: test-1774294868004-1tzk0h@example.com',
  level: 'info',
  service: 'sync-not-net-api',
  timestamp: '2026-03-24 01:11:08'
}
{
  message: '::ffff:127.0.0.1 - - [23/Mar/2026:19:41:08 +0000] "POST /api/users/login HTTP/1.1" 200 445 "-" "-"',
  level: 'info',
  service: 'sync-not-net-api',
  timestamp: '2026-03-24 01:11:08'
}
{
  message: '::ffff:127.0.0.1 - - [23/Mar/2026:19:41:08 +0000] "GET /api/notebooks/shared HTTP/1.1" 404 100 "-" "-"',
  level: 'info',
  service: 'sync-not-net-api',
  timestamp: '2026-03-24 01:11:08'
}
{
  message: 'User logged in: test-1774294868270-qu31ak@example.com',
  level: 'info',
  service: 'sync-not-net-api',
  timestamp: '2026-03-24 01:11:08'
}
{
  message: '::ffff:127.0.0.1 - - [23/Mar/2026:19:41:08 +0000] "POST /api/users/login HTTP/1.1" 200 445 "-" "-"',
  level: 'info',
  service: 'sync-not-net-api',
  timestamp: '2026-03-24 01:11:08'
}
{
  message: '::ffff:127.0.0.1 - - [23/Mar/2026:19:41:08 +0000] "POST /api/notebooks/nb-1774294868500-mvgj/register-guest HTTP/1.1" 200 576 "-" "-"',
  level: 'info',
  service: 'sync-not-net-api',
  timestamp: '2026-03-24 01:11:08'
}
{
  message: 'User logged in: test-1774294868544-rmzpqp@example.com',
  level: 'info',
  service: 'sync-not-net-api',
  timestamp: '2026-03-24 01:11:08'
}
{
  message: '::ffff:127.0.0.1 - - [23/Mar/2026:19:41:08 +0000] "POST /api/users/login HTTP/1.1" 200 445 "-" "-"',
  level: 'info',
  service: 'sync-not-net-api',
  timestamp: '2026-03-24 01:11:08'
}
{
  message: '::ffff:127.0.0.1 - - [23/Mar/2026:19:41:08 +0000] "POST /api/notebooks/nb-1774294868765-0kv7/register-guest HTTP/1.1" 400 83 "-" "-"',
  level: 'info',
  service: 'sync-not-net-api',
  timestamp: '2026-03-24 01:11:08'
}
{
  message: 'User logged in: test-1774294868792-aexacg@example.com',
  level: 'info',
  service: 'sync-not-net-api',
  timestamp: '2026-03-24 01:11:09'
}
{
  message: '::ffff:127.0.0.1 - - [23/Mar/2026:19:41:09 +0000] "POST /api/users/login HTTP/1.1" 200 445 "-" "-"',
  level: 'info',
  service: 'sync-not-net-api',
  timestamp: '2026-03-24 01:11:09'
}
{
  message: '::ffff:127.0.0.1 - - [23/Mar/2026:19:41:09 +0000] "POST /api/notebooks/nb-1774294869015-0cgn/register-guest HTTP/1.1" 200 331 "-" "-"',
  level: 'info',
  service: 'sync-not-net-api',
  timestamp: '2026-03-24 01:11:09'
}
{
  message: 'User Anonymous connected with socket chbNV_znWYKL8pV5AAAD',
  level: 'info',
  service: 'sync-not-net-api',
  timestamp: '2026-03-24 01:12:42'
}
{
  message: '::1 - - [23/Mar/2026:19:42:42 +0000] "GET /api/notebooks HTTP/1.1" 200 7909 "http://localhost:3000/" "Mozilla/5.0 (Windows NT 10.0; Win64; x64) AppleWebKit/537.36 (KHTML, like Gecko) Chrome/146.0.0.0 Safari/537.36"',
  level: 'info',
  service: 'sync-not-net-api',
  timestamp: '2026-03-24 01:12:42'
}
{
  message: 'Running without Redis in development mode',
  level: 'info',
  service: 'sync-not-net-api',
  timestamp: '2026-03-24 01:15:02'
}
{
  message: 'MongoDB Connected successfully',
  level: 'info',
  service: 'sync-not-net-api',
  timestamp: '2026-03-24 01:15:03'
}
{
  message: 'User logged in: test-1774295103260-q7ia00@example.com',
  level: 'info',
  service: 'sync-not-net-api',
  timestamp: '2026-03-24 01:15:03'
}
{
  message: '::ffff:127.0.0.1 - - [23/Mar/2026:19:45:03 +0000] "POST /api/users/login HTTP/1.1" 200 445 "-" "-"',
  level: 'info',
  service: 'sync-not-net-api',
  timestamp: '2026-03-24 01:15:03'
}
{
  message: 'Password protection added/updated for notebook 69c1983f5e0074d777f5ee0f',
  level: 'info',
  service: 'sync-not-net-api',
  timestamp: '2026-03-24 01:15:04'
}
{
  message: '::ffff:127.0.0.1 - - [23/Mar/2026:19:45:04 +0000] "PUT /api/notebooks/69c1983f5e0074d777f5ee0f/password HTTP/1.1" 200 138 "-" "-"',
  level: 'info',
  service: 'sync-not-net-api',
  timestamp: '2026-03-24 01:15:04'
}
{
  message: 'User logged in: test-1774295104520-u6xqzu@example.com',
  level: 'info',
  service: 'sync-not-net-api',
  timestamp: '2026-03-24 01:15:04'
}
{
  message: '::ffff:127.0.0.1 - - [23/Mar/2026:19:45:04 +0000] "POST /api/users/login HTTP/1.1" 200 445 "-" "-"',
  level: 'info',
  service: 'sync-not-net-api',
  timestamp: '2026-03-24 01:15:04'
}
{
  message: 'Password protection added/updated for notebook 69c198415e0074d777f5ee1a',
  level: 'info',
  service: 'sync-not-net-api',
  timestamp: '2026-03-24 01:15:05'
}
{
  message: '::ffff:127.0.0.1 - - [23/Mar/2026:19:45:05 +0000] "PUT /api/notebooks/69c198415e0074d777f5ee1a/password HTTP/1.1" 200 138 "-" "-"',
  level: 'info',
  service: 'sync-not-net-api',
  timestamp: '2026-03-24 01:15:05'
}
{
  message: 'User logged in: test-1774295105991-r98w5t@example.com',
  level: 'info',
  service: 'sync-not-net-api',
  timestamp: '2026-03-24 01:15:06'
}
{
  message: '::ffff:127.0.0.1 - - [23/Mar/2026:19:45:06 +0000] "POST /api/users/login HTTP/1.1" 200 445 "-" "-"',
  level: 'info',
  service: 'sync-not-net-api',
  timestamp: '2026-03-24 01:15:06'
}
{
  message: 'Password protection removed for notebook 69c198425e0074d777f5ee25',
  level: 'info',
  service: 'sync-not-net-api',
  timestamp: '2026-03-24 01:15:06'
}
{
  message: '::ffff:127.0.0.1 - - [23/Mar/2026:19:45:06 +0000] "PUT /api/notebooks/69c198425e0074d777f5ee25/password HTTP/1.1" 200 140 "-" "-"',
  level: 'info',
  service: 'sync-not-net-api',
  timestamp: '2026-03-24 01:15:06'
}
{
  message: 'User logged in: test-1774295106960-r2s2h3@example.com',
  level: 'info',
  service: 'sync-not-net-api',
  timestamp: '2026-03-24 01:15:07'
}
{
  message: '::ffff:127.0.0.1 - - [23/Mar/2026:19:45:07 +0000] "POST /api/users/login HTTP/1.1" 200 445 "-" "-"',
  level: 'info',
  service: 'sync-not-net-api',
  timestamp: '2026-03-24 01:15:07'
}
{
  message: '::ffff:127.0.0.1 - - [23/Mar/2026:19:45:07 +0000] "PUT /api/notebooks/69c198435e0074d777f5ee30/password HTTP/1.1" 401 55 "-" "-"',
  level: 'info',
  service: 'sync-not-net-api',
  timestamp: '2026-03-24 01:15:07'
}
{
  message: 'User logged in: test-1774295107321-fichkx@example.com',
  level: 'info',
  service: 'sync-not-net-api',
  timestamp: '2026-03-24 01:15:07'
}
{
  message: '::ffff:127.0.0.1 - - [23/Mar/2026:19:45:07 +0000] "POST /api/users/login HTTP/1.1" 200 445 "-" "-"',
  level: 'info',
  service: 'sync-not-net-api',
  timestamp: '2026-03-24 01:15:07'
}
{
  message: 'User logged in: test-1774295107643-wxqk8i@example.com',
  level: 'info',
  service: 'sync-not-net-api',
  timestamp: '2026-03-24 01:15:07'
}
{
  message: '::ffff:127.0.0.1 - - [23/Mar/2026:19:45:07 +0000] "POST /api/users/login HTTP/1.1" 200 445 "-" "-"',
  level: 'info',
  service: 'sync-not-net-api',
  timestamp: '2026-03-24 01:15:07'
}
{
  message: '::ffff:127.0.0.1 - - [23/Mar/2026:19:45:08 +0000] "PUT /api/notebooks/69c198435e0074d777f5ee39/password HTTP/1.1" 403 78 "-" "-"',
  level: 'info',
  service: 'sync-not-net-api',
  timestamp: '2026-03-24 01:15:08'
}
{
  message: 'User logged in: test-1774295108047-h0xxdz@example.com',
  level: 'info',
  service: 'sync-not-net-api',
  timestamp: '2026-03-24 01:15:08'
}
{
  message: '::ffff:127.0.0.1 - - [23/Mar/2026:19:45:08 +0000] "POST /api/users/login HTTP/1.1" 200 445 "-" "-"',
  level: 'info',
  service: 'sync-not-net-api',
  timestamp: '2026-03-24 01:15:08'
}
{
  message: '::ffff:127.0.0.1 - - [23/Mar/2026:19:45:09 +0000] "POST /api/notebooks/nb-1774295108350-2zxz/verify-password HTTP/1.1" 200 468 "-" "-"',
  level: 'info',
  service: 'sync-not-net-api',
  timestamp: '2026-03-24 01:15:09'
}
{
  message: 'User logged in: test-1774295109508-b614hi@example.com',
  level: 'info',
  service: 'sync-not-net-api',
  timestamp: '2026-03-24 01:15:09'
}
{
  message: '::ffff:127.0.0.1 - - [23/Mar/2026:19:45:09 +0000] "POST /api/users/login HTTP/1.1" 200 445 "-" "-"',
  level: 'info',
  service: 'sync-not-net-api',
  timestamp: '2026-03-24 01:15:09'
}
{
  message: '::ffff:127.0.0.1 - - [23/Mar/2026:19:45:10 +0000] "POST /api/notebooks/nb-1774295109814-3ec8/verify-password HTTP/1.1" 401 78 "-" "-"',
  level: 'info',
  service: 'sync-not-net-api',
  timestamp: '2026-03-24 01:15:10'
}
{
  message: 'User logged in: test-1774295110965-doftgd@example.com',
  level: 'info',
  service: 'sync-not-net-api',
  timestamp: '2026-03-24 01:15:11'
}
{
  message: '::ffff:127.0.0.1 - - [23/Mar/2026:19:45:11 +0000] "POST /api/users/login HTTP/1.1" 200 445 "-" "-"',
  level: 'info',
  service: 'sync-not-net-api',
  timestamp: '2026-03-24 01:15:11'
}
{
  message: '::ffff:127.0.0.1 - - [23/Mar/2026:19:45:11 +0000] "POST /api/notebooks/nb-1774295111279-26t8/verify-password HTTP/1.1" 400 67 "-" "-"',
  level: 'info',
  service: 'sync-not-net-api',
  timestamp: '2026-03-24 01:15:11'
}
{
  message: 'User logged in: test-1774295111841-ai3y4e@example.com',
  level: 'info',
  service: 'sync-not-net-api',
  timestamp: '2026-03-24 01:15:12'
}
{
  message: '::ffff:127.0.0.1 - - [23/Mar/2026:19:45:12 +0000] "POST /api/users/login HTTP/1.1" 200 448 "-" "-"',
  level: 'info',
  service: 'sync-not-net-api',
  timestamp: '2026-03-24 01:15:12'
}
{
  message: 'User logged in: test-1774295112126-8lshiv@example.com',
  level: 'info',
  service: 'sync-not-net-api',
  timestamp: '2026-03-24 01:15:12'
}
{
  message: '::ffff:127.0.0.1 - - [23/Mar/2026:19:45:12 +0000] "POST /api/users/login HTTP/1.1" 200 445 "-" "-"',
  level: 'info',
  service: 'sync-not-net-api',
  timestamp: '2026-03-24 01:15:12'
}
{
  message: '::ffff:127.0.0.1 - - [23/Mar/2026:19:45:12 +0000] "GET /api/users/search?q=Alice HTTP/1.1" 200 211 "-" "-"',
  level: 'info',
  service: 'sync-not-net-api',
  timestamp: '2026-03-24 01:15:12'
}
{
  message: 'User logged in: test-1774295112529-hcaz69@example.com',
  level: 'info',
  service: 'sync-not-net-api',
  timestamp: '2026-03-24 01:15:12'
}
{
  message: '::ffff:127.0.0.1 - - [23/Mar/2026:19:45:12 +0000] "POST /api/users/login HTTP/1.1" 200 445 "-" "-"',
  level: 'info',
  service: 'sync-not-net-api',
  timestamp: '2026-03-24 01:15:12'
}
{
  message: '::ffff:127.0.0.1 - - [23/Mar/2026:19:45:12 +0000] "GET /api/users/search?q=test- HTTP/1.1" 200 1024 "-" "-"',
  level: 'info',
  service: 'sync-not-net-api',
  timestamp: '2026-03-24 01:15:12'
}
{
  message: 'User logged in: test-1774295112885-8czzoe@example.com',
  level: 'info',
  service: 'sync-not-net-api',
  timestamp: '2026-03-24 01:15:13'
}
{
  message: '::ffff:127.0.0.1 - - [23/Mar/2026:19:45:13 +0000] "POST /api/users/login HTTP/1.1" 200 445 "-" "-"',
  level: 'info',
  service: 'sync-not-net-api',
  timestamp: '2026-03-24 01:15:13'
}
{
  message: '::ffff:127.0.0.1 - - [23/Mar/2026:19:45:13 +0000] "GET /api/users/search?q=a HTTP/1.1" 400 92 "-" "-"',
  level: 'info',
  service: 'sync-not-net-api',
  timestamp: '2026-03-24 01:15:13'
}
{
  message: '::ffff:127.0.0.1 - - [23/Mar/2026:19:45:13 +0000] "GET /api/users/search?q=test HTTP/1.1" 401 55 "-" "-"',
  level: 'info',
  service: 'sync-not-net-api',
  timestamp: '2026-03-24 01:15:13'
}
{
  message: 'User logged in: test-1774295113276-4yt21m@example.com',
  level: 'info',
  service: 'sync-not-net-api',
  timestamp: '2026-03-24 01:15:13'
}
{
  message: '::ffff:127.0.0.1 - - [23/Mar/2026:19:45:13 +0000] "POST /api/users/login HTTP/1.1" 200 445 "-" "-"',
  level: 'info',
  service: 'sync-not-net-api',
  timestamp: '2026-03-24 01:15:13'
}
{
  message: 'User logged in: test-1774295113581-7uj884@example.com',
  level: 'info',
  service: 'sync-not-net-api',
  timestamp: '2026-03-24 01:15:13'
}
{
  message: '::ffff:127.0.0.1 - - [23/Mar/2026:19:45:13 +0000] "POST /api/users/login HTTP/1.1" 200 445 "-" "-"',
  level: 'info',
  service: 'sync-not-net-api',
  timestamp: '2026-03-24 01:15:13'
}
{
  message: 'Collaborators updated for notebook 69c198495e0074d777f5ee70, count: 1',
  level: 'info',
  service: 'sync-not-net-api',
  timestamp: '2026-03-24 01:15:14'
}
{
  message: '::ffff:127.0.0.1 - - [23/Mar/2026:19:45:14 +0000] "PUT /api/notebooks/69c198495e0074d777f5ee70/collaborators HTTP/1.1" 200 228 "-" "-"',
  level: 'info',
  service: 'sync-not-net-api',
  timestamp: '2026-03-24 01:15:14'
}
{
  message: 'User logged in: test-1774295114036-8ydnr9@example.com',
  level: 'info',
  service: 'sync-not-net-api',
  timestamp: '2026-03-24 01:15:14'
}
{
  message: '::ffff:127.0.0.1 - - [23/Mar/2026:19:45:14 +0000] "POST /api/users/login HTTP/1.1" 200 445 "-" "-"',
  level: 'info',
  service: 'sync-not-net-api',
  timestamp: '2026-03-24 01:15:14'
}
{
  message: 'User logged in: test-1774295114359-d1vjsf@example.com',
  level: 'info',
  service: 'sync-not-net-api',
  timestamp: '2026-03-24 01:15:14'
}
{
  message: '::ffff:127.0.0.1 - - [23/Mar/2026:19:45:14 +0000] "POST /api/users/login HTTP/1.1" 200 445 "-" "-"',
  level: 'info',
  service: 'sync-not-net-api',
  timestamp: '2026-03-24 01:15:14'
}
{
  message: '::ffff:127.0.0.1 - - [23/Mar/2026:19:45:14 +0000] "PUT /api/notebooks/69c1984a5e0074d777f5ee7f/collaborators/69c1984a5e0074d777f5ee7c HTTP/1.1" 200 191 "-" "-"',
  level: 'info',
  service: 'sync-not-net-api',
  timestamp: '2026-03-24 01:15:14'
}
{
  message: 'User logged in: test-1774295114760-yy074r@example.com',
  level: 'info',
  service: 'sync-not-net-api',
  timestamp: '2026-03-24 01:15:15'
}
{
  message: '::ffff:127.0.0.1 - - [23/Mar/2026:19:45:15 +0000] "POST /api/users/login HTTP/1.1" 200 445 "-" "-"',
  level: 'info',
  service: 'sync-not-net-api',
  timestamp: '2026-03-24 01:15:15'
}
{
  message: 'User logged in: test-1774295115061-hwld58@example.com',
  level: 'info',
  service: 'sync-not-net-api',
  timestamp: '2026-03-24 01:15:15'
}
{
  message: '::ffff:127.0.0.1 - - [23/Mar/2026:19:45:15 +0000] "POST /api/users/login HTTP/1.1" 200 445 "-" "-"',
  level: 'info',
  service: 'sync-not-net-api',
  timestamp: '2026-03-24 01:15:15'
}
{
  message: '::ffff:127.0.0.1 - - [23/Mar/2026:19:45:15 +0000] "DELETE /api/notebooks/69c1984b5e0074d777f5ee8f/collaborators/69c1984b5e0074d777f5ee8c HTTP/1.1" 200 47 "-" "-"',
  level: 'info',
  service: 'sync-not-net-api',
  timestamp: '2026-03-24 01:15:15'
}
{
  message: 'User logged in: test-1774295115450-hmefip@example.com',
  level: 'info',
  service: 'sync-not-net-api',
  timestamp: '2026-03-24 01:15:15'
}
{
  message: '::ffff:127.0.0.1 - - [23/Mar/2026:19:45:15 +0000] "POST /api/users/login HTTP/1.1" 200 445 "-" "-"',
  level: 'info',
  service: 'sync-not-net-api',
  timestamp: '2026-03-24 01:15:15'
}
{
  message: 'URL identifier updated for notebook 69c1984b5e0074d777f5ee9b: nb-1774295115747-ill1 -> my-custom-url-123',
  level: 'info',
  service: 'sync-not-net-api',
  timestamp: '2026-03-24 01:15:15'
}
{
  message: '::ffff:127.0.0.1 - - [23/Mar/2026:19:45:15 +0000] "PUT /api/notebooks/69c1984b5e0074d777f5ee9b/url HTTP/1.1" 200 74 "-" "-"',
  level: 'info',
  service: 'sync-not-net-api',
  timestamp: '2026-03-24 01:15:15'
}
{
  message: 'User logged in: test-1774295115843-atelch@example.com',
  level: 'info',
  service: 'sync-not-net-api',
  timestamp: '2026-03-24 01:15:16'
}
{
  message: '::ffff:127.0.0.1 - - [23/Mar/2026:19:45:16 +0000] "POST /api/users/login HTTP/1.1" 200 445 "-" "-"',
  level: 'info',
  service: 'sync-not-net-api',
  timestamp: '2026-03-24 01:15:16'
}
{
  message: 'URL identifier updated for notebook 69c1984c5e0074d777f5eea6: nb-1774295116142-u7ah -> unique-url-123',
  level: 'info',
  service: 'sync-not-net-api',
  timestamp: '2026-03-24 01:15:16'
}
{
  message: '::ffff:127.0.0.1 - - [23/Mar/2026:19:45:16 +0000] "PUT /api/notebooks/69c1984c5e0074d777f5eea6/url HTTP/1.1" 200 71 "-" "-"',
  level: 'info',
  service: 'sync-not-net-api',
  timestamp: '2026-03-24 01:15:16'
}
{
  message: '::ffff:127.0.0.1 - - [23/Mar/2026:19:45:16 +0000] "PUT /api/notebooks/69c1984c5e0074d777f5eea8/url HTTP/1.1" 400 111 "-" "-"',
  level: 'info',
  service: 'sync-not-net-api',
  timestamp: '2026-03-24 01:15:16'
}
{
  message: 'User logged in: test-1774295116307-5yuk30@example.com',
  level: 'info',
  service: 'sync-not-net-api',
  timestamp: '2026-03-24 01:15:16'
}
{
  message: '::ffff:127.0.0.1 - - [23/Mar/2026:19:45:16 +0000] "POST /api/users/login HTTP/1.1" 200 445 "-" "-"',
  level: 'info',
  service: 'sync-not-net-api',
  timestamp: '2026-03-24 01:15:16'
}
{
  message: 'User logged in: test-1774295116619-xyzaob@example.com',
  level: 'info',
  service: 'sync-not-net-api',
  timestamp: '2026-03-24 01:15:16'
}
{
  message: '::ffff:127.0.0.1 - - [23/Mar/2026:19:45:16 +0000] "POST /api/users/login HTTP/1.1" 200 445 "-" "-"',
  level: 'info',
  service: 'sync-not-net-api',
  timestamp: '2026-03-24 01:15:16'
}
{
  message: '::ffff:127.0.0.1 - - [23/Mar/2026:19:45:16 +0000] "PUT /api/notebooks/69c1984c5e0074d777f5eeba/url HTTP/1.1" 403 71 "-" "-"',
  level: 'info',
  service: 'sync-not-net-api',
  timestamp: '2026-03-24 01:15:16'
}
{
  message: 'User logged in: test-1774295116979-at1wam@example.com',
  level: 'info',
  service: 'sync-not-net-api',
  timestamp: '2026-03-24 01:15:17'
}
{
  message: '::ffff:127.0.0.1 - - [23/Mar/2026:19:45:17 +0000] "POST /api/users/login HTTP/1.1" 200 445 "-" "-"',
  level: 'info',
  service: 'sync-not-net-api',
  timestamp: '2026-03-24 01:15:17'
}
{
  message: '::ffff:127.0.0.1 - - [23/Mar/2026:19:45:17 +0000] "POST /api/notebooks/69c1984d5e0074d777f5eec3/favorite HTTP/1.1" 200 50 "-" "-"',
  level: 'info',
  service: 'sync-not-net-api',
  timestamp: '2026-03-24 01:15:17'
}
{
  message: 'User logged in: test-1774295117361-w6lmym@example.com',
  level: 'info',
  service: 'sync-not-net-api',
  timestamp: '2026-03-24 01:15:17'
}
{
  message: '::ffff:127.0.0.1 - - [23/Mar/2026:19:45:17 +0000] "POST /api/users/login HTTP/1.1" 200 445 "-" "-"',
  level: 'info',
  service: 'sync-not-net-api',
  timestamp: '2026-03-24 01:15:17'
}
{
  message: '::ffff:127.0.0.1 - - [23/Mar/2026:19:45:17 +0000] "POST /api/notebooks/69c1984d5e0074d777f5eece/favorite HTTP/1.1" 401 55 "-" "-"',
  level: 'info',
  service: 'sync-not-net-api',
  timestamp: '2026-03-24 01:15:17'
}
{
  message: 'User logged in: test-1774295117728-sjfcoy@example.com',
  level: 'info',
  service: 'sync-not-net-api',
  timestamp: '2026-03-24 01:15:18'
}
{
  message: '::ffff:127.0.0.1 - - [23/Mar/2026:19:45:18 +0000] "POST /api/users/login HTTP/1.1" 200 445 "-" "-"',
  level: 'info',
  service: 'sync-not-net-api',
  timestamp: '2026-03-24 01:15:18'
}
{
  message: '::ffff:127.0.0.1 - - [23/Mar/2026:19:45:18 +0000] "POST /api/notebooks/69c1984e5e0074d777f5eed4/favorite HTTP/1.1" 200 50 "-" "-"',
  level: 'info',
  service: 'sync-not-net-api',
  timestamp: '2026-03-24 01:15:18'
}
{
  message: '::ffff:127.0.0.1 - - [23/Mar/2026:19:45:18 +0000] "GET /api/notebooks/favorites HTTP/1.1" 404 100 "-" "-"',
  level: 'info',
  service: 'sync-not-net-api',
  timestamp: '2026-03-24 01:15:18'
}
{
  message: 'User logged in: test-1774295118171-yex2f6@example.com',
  level: 'info',
  service: 'sync-not-net-api',
  timestamp: '2026-03-24 01:15:18'
}
{
  message: '::ffff:127.0.0.1 - - [23/Mar/2026:19:45:18 +0000] "POST /api/users/login HTTP/1.1" 200 445 "-" "-"',
  level: 'info',
  service: 'sync-not-net-api',
  timestamp: '2026-03-24 01:15:18'
}
{
  message: 'User logged in: test-1774295118501-i55xjz@example.com',
  level: 'info',
  service: 'sync-not-net-api',
  timestamp: '2026-03-24 01:15:18'
}
{
  message: '::ffff:127.0.0.1 - - [23/Mar/2026:19:45:18 +0000] "POST /api/users/login HTTP/1.1" 200 445 "-" "-"',
  level: 'info',
  service: 'sync-not-net-api',
  timestamp: '2026-03-24 01:15:18'
}
{
  message: '::ffff:127.0.0.1 - - [23/Mar/2026:19:45:18 +0000] "GET /api/notebooks/shared HTTP/1.1" 404 100 "-" "-"',
  level: 'info',
  service: 'sync-not-net-api',
  timestamp: '2026-03-24 01:15:18'
}
{
  message: 'User logged in: test-1774295118873-hcruz0@example.com',
  level: 'info',
  service: 'sync-not-net-api',
  timestamp: '2026-03-24 01:15:19'
}
{
  message: '::ffff:127.0.0.1 - - [23/Mar/2026:19:45:19 +0000] "POST /api/users/login HTTP/1.1" 200 445 "-" "-"',
  level: 'info',
  service: 'sync-not-net-api',
  timestamp: '2026-03-24 01:15:19'
}
{
  message: '::ffff:127.0.0.1 - - [23/Mar/2026:19:45:19 +0000] "POST /api/notebooks/nb-1774295119182-gxmh/register-guest HTTP/1.1" 200 576 "-" "-"',
  level: 'info',
  service: 'sync-not-net-api',
  timestamp: '2026-03-24 01:15:19'
}
{
  message: 'User logged in: test-1774295119266-gici2e@example.com',
  level: 'info',
  service: 'sync-not-net-api',
  timestamp: '2026-03-24 01:15:19'
}
{
  message: '::ffff:127.0.0.1 - - [23/Mar/2026:19:45:19 +0000] "POST /api/users/login HTTP/1.1" 200 445 "-" "-"',
  level: 'info',
  service: 'sync-not-net-api',
  timestamp: '2026-03-24 01:15:19'
}
{
  message: '::ffff:127.0.0.1 - - [23/Mar/2026:19:45:19 +0000] "POST /api/notebooks/nb-1774295119573-ad0k/register-guest HTTP/1.1" 400 83 "-" "-"',
  level: 'info',
  service: 'sync-not-net-api',
  timestamp: '2026-03-24 01:15:19'
}
{
  message: 'User logged in: test-1774295119628-zg68yw@example.com',
  level: 'info',
  service: 'sync-not-net-api',
  timestamp: '2026-03-24 01:15:19'
}
{
  message: '::ffff:127.0.0.1 - - [23/Mar/2026:19:45:19 +0000] "POST /api/users/login HTTP/1.1" 200 445 "-" "-"',
  level: 'info',
  service: 'sync-not-net-api',
  timestamp: '2026-03-24 01:15:19'
}
{
  message: '::ffff:127.0.0.1 - - [23/Mar/2026:19:45:20 +0000] "POST /api/notebooks/nb-1774295119920-fppj/register-guest HTTP/1.1" 200 331 "-" "-"',
  level: 'info',
  service: 'sync-not-net-api',
  timestamp: '2026-03-24 01:15:20'
}
{
  message: 'Running without Redis in development mode',
  level: 'info',
  service: 'sync-not-net-api',
  timestamp: '2026-03-24 01:17:29'
}
{
  message: 'Server is running on http://localhost:5000',
  level: 'info',
  service: 'sync-not-net-api',
  timestamp: '2026-03-24 01:17:29'
}
{
  message: 'Environment: development',
  level: 'info',
  service: 'sync-not-net-api',
  timestamp: '2026-03-24 01:17:29'
}
{
  message: 'User Anonymous connected with socket rg3yQule1awZGdWrAAAB',
  level: 'info',
  service: 'sync-not-net-api',
  timestamp: '2026-03-24 01:17:29'
}
{
  message: 'MongoDB Connected successfully',
  level: 'info',
  service: 'sync-not-net-api',
  timestamp: '2026-03-24 01:17:30'
}
{
  message: 'Running without Redis in development mode',
  level: 'info',
  service: 'sync-not-net-api',
  timestamp: '2026-03-24 01:18:39'
}
{
  message: 'Server is running on http://localhost:5000',
  level: 'info',
  service: 'sync-not-net-api',
  timestamp: '2026-03-24 01:18:39'
}
{
  message: 'Environment: development',
  level: 'info',
  service: 'sync-not-net-api',
  timestamp: '2026-03-24 01:18:39'
}
{
  message: 'User Anonymous connected with socket nHaMr2nLiVu2BMalAAAB',
  level: 'info',
  service: 'sync-not-net-api',
  timestamp: '2026-03-24 01:18:40'
}
{
  message: 'MongoDB Connected successfully',
  level: 'info',
  service: 'sync-not-net-api',
  timestamp: '2026-03-24 01:18:41'
}
{
  message: 'Running without Redis in development mode',
  level: 'info',
  service: 'sync-not-net-api',
  timestamp: '2026-03-24 01:19:03'
}
{
  message: 'MongoDB Connected successfully',
  level: 'info',
  service: 'sync-not-net-api',
  timestamp: '2026-03-24 01:19:03'
}
{
  message: 'User logged in: test-1774295343772-mz0z2l@example.com',
  level: 'info',
  service: 'sync-not-net-api',
  timestamp: '2026-03-24 01:19:04'
}
{
  message: '::ffff:127.0.0.1 - - [23/Mar/2026:19:49:04 +0000] "POST /api/users/login HTTP/1.1" 200 445 "-" "-"',
  level: 'info',
  service: 'sync-not-net-api',
  timestamp: '2026-03-24 01:19:04'
}
{
  message: 'Password protection added/updated for notebook 69c19930f7730b556076826e',
  level: 'info',
  service: 'sync-not-net-api',
  timestamp: '2026-03-24 01:19:04'
}
{
  message: '::ffff:127.0.0.1 - - [23/Mar/2026:19:49:04 +0000] "PUT /api/notebooks/69c19930f7730b556076826e/password HTTP/1.1" 200 138 "-" "-"',
  level: 'info',
  service: 'sync-not-net-api',
  timestamp: '2026-03-24 01:19:04'
}
{
  message: 'User logged in: test-1774295344716-i3xo0l@example.com',
  level: 'info',
  service: 'sync-not-net-api',
  timestamp: '2026-03-24 01:19:04'
}
{
  message: '::ffff:127.0.0.1 - - [23/Mar/2026:19:49:04 +0000] "POST /api/users/login HTTP/1.1" 200 445 "-" "-"',
  level: 'info',
  service: 'sync-not-net-api',
  timestamp: '2026-03-24 01:19:04'
}
{
  message: 'Password protection added/updated for notebook 69c19931f7730b5560768279',
  level: 'info',
  service: 'sync-not-net-api',
  timestamp: '2026-03-24 01:19:05'
}
{
  message: '::ffff:127.0.0.1 - - [23/Mar/2026:19:49:05 +0000] "PUT /api/notebooks/69c19931f7730b5560768279/password HTTP/1.1" 200 138 "-" "-"',
  level: 'info',
  service: 'sync-not-net-api',
  timestamp: '2026-03-24 01:19:05'
}
{
  message: 'User logged in: test-1774295345827-vv8vx2@example.com',
  level: 'info',
  service: 'sync-not-net-api',
  timestamp: '2026-03-24 01:19:06'
}
{
  message: '::ffff:127.0.0.1 - - [23/Mar/2026:19:49:06 +0000] "POST /api/users/login HTTP/1.1" 200 445 "-" "-"',
  level: 'info',
  service: 'sync-not-net-api',
  timestamp: '2026-03-24 01:19:06'
}
{
  message: 'Password protection removed for notebook 69c19932f7730b5560768284',
  level: 'info',
  service: 'sync-not-net-api',
  timestamp: '2026-03-24 01:19:06'
}
{
  message: '::ffff:127.0.0.1 - - [23/Mar/2026:19:49:06 +0000] "PUT /api/notebooks/69c19932f7730b5560768284/password HTTP/1.1" 200 140 "-" "-"',
  level: 'info',
  service: 'sync-not-net-api',
  timestamp: '2026-03-24 01:19:06'
}
{
  message: 'User logged in: test-1774295346538-mb2l3h@example.com',
  level: 'info',
  service: 'sync-not-net-api',
  timestamp: '2026-03-24 01:19:06'
}
{
  message: '::ffff:127.0.0.1 - - [23/Mar/2026:19:49:06 +0000] "POST /api/users/login HTTP/1.1" 200 445 "-" "-"',
  level: 'info',
  service: 'sync-not-net-api',
  timestamp: '2026-03-24 01:19:06'
}
{
  message: '::ffff:127.0.0.1 - - [23/Mar/2026:19:49:06 +0000] "PUT /api/notebooks/69c19932f7730b556076828f/password HTTP/1.1" 401 55 "-" "-"',
  level: 'info',
  service: 'sync-not-net-api',
  timestamp: '2026-03-24 01:19:06'
}
{
  message: 'User logged in: test-1774295346819-j4fetd@example.com',
  level: 'info',
  service: 'sync-not-net-api',
  timestamp: '2026-03-24 01:19:07'
}
{
  message: '::ffff:127.0.0.1 - - [23/Mar/2026:19:49:07 +0000] "POST /api/users/login HTTP/1.1" 200 445 "-" "-"',
  level: 'info',
  service: 'sync-not-net-api',
  timestamp: '2026-03-24 01:19:07'
}
{
  message: 'User logged in: test-1774295347050-ii8qdd@example.com',
  level: 'info',
  service: 'sync-not-net-api',
  timestamp: '2026-03-24 01:19:07'
}
{
  message: '::ffff:127.0.0.1 - - [23/Mar/2026:19:49:07 +0000] "POST /api/users/login HTTP/1.1" 200 445 "-" "-"',
  level: 'info',
  service: 'sync-not-net-api',
  timestamp: '2026-03-24 01:19:07'
}
{
  message: '::ffff:127.0.0.1 - - [23/Mar/2026:19:49:07 +0000] "PUT /api/notebooks/69c19933f7730b5560768298/password HTTP/1.1" 403 78 "-" "-"',
  level: 'info',
  service: 'sync-not-net-api',
  timestamp: '2026-03-24 01:19:07'
}
{
  message: 'User logged in: test-1774295347331-2atztc@example.com',
  level: 'info',
  service: 'sync-not-net-api',
  timestamp: '2026-03-24 01:19:07'
}
{
  message: '::ffff:127.0.0.1 - - [23/Mar/2026:19:49:07 +0000] "POST /api/users/login HTTP/1.1" 200 445 "-" "-"',
  level: 'info',
  service: 'sync-not-net-api',
  timestamp: '2026-03-24 01:19:07'
}
{
  message: '::ffff:127.0.0.1 - - [23/Mar/2026:19:49:08 +0000] "POST /api/notebooks/nb-1774295347563-0u0m/verify-password HTTP/1.1" 200 468 "-" "-"',
  level: 'info',
  service: 'sync-not-net-api',
  timestamp: '2026-03-24 01:19:08'
}
{
  message: 'User logged in: test-1774295348461-6f5xx8@example.com',
  level: 'info',
  service: 'sync-not-net-api',
  timestamp: '2026-03-24 01:19:08'
}
{
  message: '::ffff:127.0.0.1 - - [23/Mar/2026:19:49:08 +0000] "POST /api/users/login HTTP/1.1" 200 445 "-" "-"',
  level: 'info',
  service: 'sync-not-net-api',
  timestamp: '2026-03-24 01:19:08'
}
{
  message: '::ffff:127.0.0.1 - - [23/Mar/2026:19:49:09 +0000] "POST /api/notebooks/nb-1774295348687-xjp0/verify-password HTTP/1.1" 401 78 "-" "-"',
  level: 'info',
  service: 'sync-not-net-api',
  timestamp: '2026-03-24 01:19:09'
}
{
  message: 'User logged in: test-1774295349505-i50tzu@example.com',
  level: 'info',
  service: 'sync-not-net-api',
  timestamp: '2026-03-24 01:19:09'
}
{
  message: '::ffff:127.0.0.1 - - [23/Mar/2026:19:49:09 +0000] "POST /api/users/login HTTP/1.1" 200 445 "-" "-"',
  level: 'info',
  service: 'sync-not-net-api',
  timestamp: '2026-03-24 01:19:09'
}
{
  message: '::ffff:127.0.0.1 - - [23/Mar/2026:19:49:10 +0000] "POST /api/notebooks/nb-1774295349736-alg7/verify-password HTTP/1.1" 400 67 "-" "-"',
  level: 'info',
  service: 'sync-not-net-api',
  timestamp: '2026-03-24 01:19:10'
}
{
  message: 'User logged in: test-1774295350158-lof8mp@example.com',
  level: 'info',
  service: 'sync-not-net-api',
  timestamp: '2026-03-24 01:19:10'
}
{
  message: '::ffff:127.0.0.1 - - [23/Mar/2026:19:49:10 +0000] "POST /api/users/login HTTP/1.1" 200 448 "-" "-"',
  level: 'info',
  service: 'sync-not-net-api',
  timestamp: '2026-03-24 01:19:10'
}
{
  message: 'User logged in: test-1774295350390-hzlud0@example.com',
  level: 'info',
  service: 'sync-not-net-api',
  timestamp: '2026-03-24 01:19:10'
}
{
  message: '::ffff:127.0.0.1 - - [23/Mar/2026:19:49:10 +0000] "POST /api/users/login HTTP/1.1" 200 445 "-" "-"',
  level: 'info',
  service: 'sync-not-net-api',
  timestamp: '2026-03-24 01:19:10'
}
{
  message: '::ffff:127.0.0.1 - - [23/Mar/2026:19:49:10 +0000] "GET /api/users/search?q=Alice HTTP/1.1" 200 316 "-" "-"',
  level: 'info',
  service: 'sync-not-net-api',
  timestamp: '2026-03-24 01:19:10'
}
{
  message: 'User logged in: test-1774295350698-jopo15@example.com',
  level: 'info',
  service: 'sync-not-net-api',
  timestamp: '2026-03-24 01:19:10'
}
{
  message: '::ffff:127.0.0.1 - - [23/Mar/2026:19:49:10 +0000] "POST /api/users/login HTTP/1.1" 200 445 "-" "-"',
  level: 'info',
  service: 'sync-not-net-api',
  timestamp: '2026-03-24 01:19:10'
}
{
  message: '::ffff:127.0.0.1 - - [23/Mar/2026:19:49:10 +0000] "GET /api/users/search?q=test- HTTP/1.1" 200 1024 "-" "-"',
  level: 'info',
  service: 'sync-not-net-api',
  timestamp: '2026-03-24 01:19:10'
}
{
  message: 'User logged in: test-1774295350988-0l9zae@example.com',
  level: 'info',
  service: 'sync-not-net-api',
  timestamp: '2026-03-24 01:19:11'
}
{
  message: '::ffff:127.0.0.1 - - [23/Mar/2026:19:49:11 +0000] "POST /api/users/login HTTP/1.1" 200 445 "-" "-"',
  level: 'info',
  service: 'sync-not-net-api',
  timestamp: '2026-03-24 01:19:11'
}
{
  message: '::ffff:127.0.0.1 - - [23/Mar/2026:19:49:11 +0000] "GET /api/users/search?q=a HTTP/1.1" 400 92 "-" "-"',
  level: 'info',
  service: 'sync-not-net-api',
  timestamp: '2026-03-24 01:19:11'
}
{
  message: '::ffff:127.0.0.1 - - [23/Mar/2026:19:49:11 +0000] "GET /api/users/search?q=test HTTP/1.1" 401 55 "-" "-"',
  level: 'info',
  service: 'sync-not-net-api',
  timestamp: '2026-03-24 01:19:11'
}
{
  message: 'User logged in: test-1774295351293-a7kone@example.com',
  level: 'info',
  service: 'sync-not-net-api',
  timestamp: '2026-03-24 01:19:11'
}
{
  message: '::ffff:127.0.0.1 - - [23/Mar/2026:19:49:11 +0000] "POST /api/users/login HTTP/1.1" 200 445 "-" "-"',
  level: 'info',
  service: 'sync-not-net-api',
  timestamp: '2026-03-24 01:19:11'
}
{
  message: 'User logged in: test-1774295351518-cyh7od@example.com',
  level: 'info',
  service: 'sync-not-net-api',
  timestamp: '2026-03-24 01:19:11'
}
{
  message: '::ffff:127.0.0.1 - - [23/Mar/2026:19:49:11 +0000] "POST /api/users/login HTTP/1.1" 200 445 "-" "-"',
  level: 'info',
  service: 'sync-not-net-api',
  timestamp: '2026-03-24 01:19:11'
}
{
  message: 'Collaborators updated for notebook 69c19937f7730b55607682cf, count: 1',
  level: 'info',
  service: 'sync-not-net-api',
  timestamp: '2026-03-24 01:19:11'
}
{
  message: '::ffff:127.0.0.1 - - [23/Mar/2026:19:49:11 +0000] "PUT /api/notebooks/69c19937f7730b55607682cf/collaborators HTTP/1.1" 200 228 "-" "-"',
  level: 'info',
  service: 'sync-not-net-api',
  timestamp: '2026-03-24 01:19:11'
}
{
  message: 'User logged in: test-1774295351855-ucp7n3@example.com',
  level: 'info',
  service: 'sync-not-net-api',
  timestamp: '2026-03-24 01:19:12'
}
{
  message: '::ffff:127.0.0.1 - - [23/Mar/2026:19:49:12 +0000] "POST /api/users/login HTTP/1.1" 200 445 "-" "-"',
  level: 'info',
  service: 'sync-not-net-api',
  timestamp: '2026-03-24 01:19:12'
}
{
  message: 'User logged in: test-1774295352091-b9c8hx@example.com',
  level: 'info',
  service: 'sync-not-net-api',
  timestamp: '2026-03-24 01:19:12'
}
{
  message: '::ffff:127.0.0.1 - - [23/Mar/2026:19:49:12 +0000] "POST /api/users/login HTTP/1.1" 200 445 "-" "-"',
  level: 'info',
  service: 'sync-not-net-api',
  timestamp: '2026-03-24 01:19:12'
}
{
  message: '::ffff:127.0.0.1 - - [23/Mar/2026:19:49:12 +0000] "PUT /api/notebooks/69c19938f7730b55607682de/collaborators/69c19938f7730b55607682db HTTP/1.1" 200 191 "-" "-"',
  level: 'info',
  service: 'sync-not-net-api',
  timestamp: '2026-03-24 01:19:12'
}
{
  message: 'User logged in: test-1774295352415-y99p9u@example.com',
  level: 'info',
  service: 'sync-not-net-api',
  timestamp: '2026-03-24 01:19:12'
}
{
  message: '::ffff:127.0.0.1 - - [23/Mar/2026:19:49:12 +0000] "POST /api/users/login HTTP/1.1" 200 445 "-" "-"',
  level: 'info',
  service: 'sync-not-net-api',
  timestamp: '2026-03-24 01:19:12'
}
{
  message: 'User logged in: test-1774295352651-ofebvh@example.com',
  level: 'info',
  service: 'sync-not-net-api',
  timestamp: '2026-03-24 01:19:12'
}
{
  message: '::ffff:127.0.0.1 - - [23/Mar/2026:19:49:12 +0000] "POST /api/users/login HTTP/1.1" 200 445 "-" "-"',
  level: 'info',
  service: 'sync-not-net-api',
  timestamp: '2026-03-24 01:19:12'
}
{
  message: '::ffff:127.0.0.1 - - [23/Mar/2026:19:49:12 +0000] "DELETE /api/notebooks/69c19938f7730b55607682ee/collaborators/69c19938f7730b55607682eb HTTP/1.1" 200 47 "-" "-"',
  level: 'info',
  service: 'sync-not-net-api',
  timestamp: '2026-03-24 01:19:12'
}
{
  message: 'User logged in: test-1774295352967-jhzaxq@example.com',
  level: 'info',
  service: 'sync-not-net-api',
  timestamp: '2026-03-24 01:19:13'
}
{
  message: '::ffff:127.0.0.1 - - [23/Mar/2026:19:49:13 +0000] "POST /api/users/login HTTP/1.1" 200 445 "-" "-"',
  level: 'info',
  service: 'sync-not-net-api',
  timestamp: '2026-03-24 01:19:13'
}
{
  message: 'URL identifier updated for notebook 69c19939f7730b55607682fa: nb-1774295353215-tzmf -> my-custom-url-123',
  level: 'info',
  service: 'sync-not-net-api',
  timestamp: '2026-03-24 01:19:13'
}
{
  message: '::ffff:127.0.0.1 - - [23/Mar/2026:19:49:13 +0000] "PUT /api/notebooks/69c19939f7730b55607682fa/url HTTP/1.1" 200 74 "-" "-"',
  level: 'info',
  service: 'sync-not-net-api',
  timestamp: '2026-03-24 01:19:13'
}
{
  message: 'User logged in: test-1774295353285-sjhitm@example.com',
  level: 'info',
  service: 'sync-not-net-api',
  timestamp: '2026-03-24 01:19:13'
}
{
  message: '::ffff:127.0.0.1 - - [23/Mar/2026:19:49:13 +0000] "POST /api/users/login HTTP/1.1" 200 445 "-" "-"',
  level: 'info',
  service: 'sync-not-net-api',
  timestamp: '2026-03-24 01:19:13'
}
{
  message: 'URL identifier updated for notebook 69c19939f7730b5560768305: nb-1774295353524-os4y -> unique-url-123',
  level: 'info',
  service: 'sync-not-net-api',
  timestamp: '2026-03-24 01:19:13'
}
{
  message: '::ffff:127.0.0.1 - - [23/Mar/2026:19:49:13 +0000] "PUT /api/notebooks/69c19939f7730b5560768305/url HTTP/1.1" 200 71 "-" "-"',
  level: 'info',
  service: 'sync-not-net-api',
  timestamp: '2026-03-24 01:19:13'
}
{
  message: '::ffff:127.0.0.1 - - [23/Mar/2026:19:49:13 +0000] "PUT /api/notebooks/69c19939f7730b5560768307/url HTTP/1.1" 400 111 "-" "-"',
  level: 'info',
  service: 'sync-not-net-api',
  timestamp: '2026-03-24 01:19:13'
}
{
  message: 'User logged in: test-1774295353637-ab8uwm@example.com',
  level: 'info',
  service: 'sync-not-net-api',
  timestamp: '2026-03-24 01:19:13'
}
{
  message: '::ffff:127.0.0.1 - - [23/Mar/2026:19:49:13 +0000] "POST /api/users/login HTTP/1.1" 200 445 "-" "-"',
  level: 'info',
  service: 'sync-not-net-api',
  timestamp: '2026-03-24 01:19:13'
}
{
  message: 'User logged in: test-1774295353869-dwl2pb@example.com',
  level: 'info',
  service: 'sync-not-net-api',
  timestamp: '2026-03-24 01:19:14'
}
{
  message: '::ffff:127.0.0.1 - - [23/Mar/2026:19:49:14 +0000] "POST /api/users/login HTTP/1.1" 200 445 "-" "-"',
  level: 'info',
  service: 'sync-not-net-api',
  timestamp: '2026-03-24 01:19:14'
}
{
  message: '::ffff:127.0.0.1 - - [23/Mar/2026:19:49:14 +0000] "PUT /api/notebooks/69c1993af7730b5560768319/url HTTP/1.1" 403 71 "-" "-"',
  level: 'info',
  service: 'sync-not-net-api',
  timestamp: '2026-03-24 01:19:14'
}
{
  message: 'User logged in: test-1774295354148-1sw9x8@example.com',
  level: 'info',
  service: 'sync-not-net-api',
  timestamp: '2026-03-24 01:19:14'
}
{
  message: '::ffff:127.0.0.1 - - [23/Mar/2026:19:49:14 +0000] "POST /api/users/login HTTP/1.1" 200 445 "-" "-"',
  level: 'info',
  service: 'sync-not-net-api',
  timestamp: '2026-03-24 01:19:14'
}
{
  message: '::ffff:127.0.0.1 - - [23/Mar/2026:19:49:14 +0000] "POST /api/notebooks/69c1993af7730b5560768322/favorite HTTP/1.1" 200 50 "-" "-"',
  level: 'info',
  service: 'sync-not-net-api',
  timestamp: '2026-03-24 01:19:14'
}
{
  message: 'User logged in: test-1774295354468-knadkq@example.com',
  level: 'info',
  service: 'sync-not-net-api',
  timestamp: '2026-03-24 01:19:14'
}
{
  message: '::ffff:127.0.0.1 - - [23/Mar/2026:19:49:14 +0000] "POST /api/users/login HTTP/1.1" 200 445 "-" "-"',
  level: 'info',
  service: 'sync-not-net-api',
  timestamp: '2026-03-24 01:19:14'
}
{
  message: '::ffff:127.0.0.1 - - [23/Mar/2026:19:49:14 +0000] "POST /api/notebooks/69c1993af7730b556076832d/favorite HTTP/1.1" 401 55 "-" "-"',
  level: 'info',
  service: 'sync-not-net-api',
  timestamp: '2026-03-24 01:19:14'
}
{
  message: 'User logged in: test-1774295354715-w5az0e@example.com',
  level: 'info',
  service: 'sync-not-net-api',
  timestamp: '2026-03-24 01:19:14'
}
{
  message: '::ffff:127.0.0.1 - - [23/Mar/2026:19:49:14 +0000] "POST /api/users/login HTTP/1.1" 200 445 "-" "-"',
  level: 'info',
  service: 'sync-not-net-api',
  timestamp: '2026-03-24 01:19:14'
}
{
  message: '::ffff:127.0.0.1 - - [23/Mar/2026:19:49:15 +0000] "POST /api/notebooks/69c1993af7730b5560768333/favorite HTTP/1.1" 200 50 "-" "-"',
  level: 'info',
  service: 'sync-not-net-api',
  timestamp: '2026-03-24 01:19:15'
}
{
  message: '::ffff:127.0.0.1 - - [23/Mar/2026:19:49:15 +0000] "GET /api/notebooks/favorites HTTP/1.1" 200 489 "-" "-"',
  level: 'info',
  service: 'sync-not-net-api',
  timestamp: '2026-03-24 01:19:15'
}
{
  message: 'User logged in: test-1774295355074-dctlex@example.com',
  level: 'info',
  service: 'sync-not-net-api',
  timestamp: '2026-03-24 01:19:15'
}
{
  message: '::ffff:127.0.0.1 - - [23/Mar/2026:19:49:15 +0000] "POST /api/users/login HTTP/1.1" 200 445 "-" "-"',
  level: 'info',
  service: 'sync-not-net-api',
  timestamp: '2026-03-24 01:19:15'
}
{
  message: 'User logged in: test-1774295355301-p0qc69@example.com',
  level: 'info',
  service: 'sync-not-net-api',
  timestamp: '2026-03-24 01:19:15'
}
{
  message: '::ffff:127.0.0.1 - - [23/Mar/2026:19:49:15 +0000] "POST /api/users/login HTTP/1.1" 200 445 "-" "-"',
  level: 'info',
  service: 'sync-not-net-api',
  timestamp: '2026-03-24 01:19:15'
}
{
  message: '::ffff:127.0.0.1 - - [23/Mar/2026:19:49:15 +0000] "GET /api/notebooks/shared HTTP/1.1" 200 103 "-" "-"',
  level: 'info',
  service: 'sync-not-net-api',
  timestamp: '2026-03-24 01:19:15'
}
{
  message: 'User logged in: test-1774295355668-ut2ch4@example.com',
  level: 'info',
  service: 'sync-not-net-api',
  timestamp: '2026-03-24 01:19:15'
}
{
  message: '::ffff:127.0.0.1 - - [23/Mar/2026:19:49:15 +0000] "POST /api/users/login HTTP/1.1" 200 445 "-" "-"',
  level: 'info',
  service: 'sync-not-net-api',
  timestamp: '2026-03-24 01:19:15'
}
{
  message: '::ffff:127.0.0.1 - - [23/Mar/2026:19:49:15 +0000] "POST /api/notebooks/nb-1774295355897-5uyw/register-guest HTTP/1.1" 200 576 "-" "-"',
  level: 'info',
  service: 'sync-not-net-api',
  timestamp: '2026-03-24 01:19:15'
}
{
  message: 'User logged in: test-1774295355940-sq0ahk@example.com',
  level: 'info',
  service: 'sync-not-net-api',
  timestamp: '2026-03-24 01:19:16'
}
{
  message: '::ffff:127.0.0.1 - - [23/Mar/2026:19:49:16 +0000] "POST /api/users/login HTTP/1.1" 200 445 "-" "-"',
  level: 'info',
  service: 'sync-not-net-api',
  timestamp: '2026-03-24 01:19:16'
}
{
  message: '::ffff:127.0.0.1 - - [23/Mar/2026:19:49:16 +0000] "POST /api/notebooks/nb-1774295356172-9ipt/register-guest HTTP/1.1" 400 83 "-" "-"',
  level: 'info',
  service: 'sync-not-net-api',
  timestamp: '2026-03-24 01:19:16'
}
{
  message: 'User logged in: test-1774295356216-5pi0x0@example.com',
  level: 'info',
  service: 'sync-not-net-api',
  timestamp: '2026-03-24 01:19:16'
}
{
  message: '::ffff:127.0.0.1 - - [23/Mar/2026:19:49:16 +0000] "POST /api/users/login HTTP/1.1" 200 445 "-" "-"',
  level: 'info',
  service: 'sync-not-net-api',
  timestamp: '2026-03-24 01:19:16'
}
{
  message: '::ffff:127.0.0.1 - - [23/Mar/2026:19:49:16 +0000] "POST /api/notebooks/nb-1774295356444-2dz5/register-guest HTTP/1.1" 200 331 "-" "-"',
  level: 'info',
  service: 'sync-not-net-api',
  timestamp: '2026-03-24 01:19:16'
}
{
  message: 'Running without Redis in development mode',
  level: 'info',
  service: 'sync-not-net-api',
  timestamp: '2026-03-24 01:20:03'
}
{
  message: 'Server is running on http://localhost:5000',
  level: 'info',
  service: 'sync-not-net-api',
  timestamp: '2026-03-24 01:20:03'
}
{
  message: 'Environment: development',
  level: 'info',
  service: 'sync-not-net-api',
  timestamp: '2026-03-24 01:20:03'
}
{
  message: 'User Anonymous connected with socket 0c21ajHiGcETYphgAAAB',
  level: 'info',
  service: 'sync-not-net-api',
  timestamp: '2026-03-24 01:20:03'
}
{
  message: 'MongoDB Connected successfully',
  level: 'info',
  service: 'sync-not-net-api',
  timestamp: '2026-03-24 01:20:04'
}
{
  message: 'Running without Redis in development mode',
  level: 'info',
  service: 'sync-not-net-api',
  timestamp: '2026-03-24 01:20:16'
}
{
  message: 'MongoDB Connected successfully',
  level: 'info',
  service: 'sync-not-net-api',
  timestamp: '2026-03-24 01:20:16'
}
{
  message: 'User logged in: test-1774295416425-acrm15@example.com',
  level: 'info',
  service: 'sync-not-net-api',
  timestamp: '2026-03-24 01:20:16'
}
{
  message: '::ffff:127.0.0.1 - - [23/Mar/2026:19:50:16 +0000] "POST /api/users/login HTTP/1.1" 200 445 "-" "-"',
  level: 'info',
  service: 'sync-not-net-api',
  timestamp: '2026-03-24 01:20:16'
}
{
  message: 'Password protection added/updated for notebook 69c19978ddc5ae1d16213017',
  level: 'info',
  service: 'sync-not-net-api',
  timestamp: '2026-03-24 01:20:17'
}
{
  message: '::ffff:127.0.0.1 - - [23/Mar/2026:19:50:17 +0000] "PUT /api/notebooks/69c19978ddc5ae1d16213017/password HTTP/1.1" 200 138 "-" "-"',
  level: 'info',
  service: 'sync-not-net-api',
  timestamp: '2026-03-24 01:20:17'
}
{
  message: 'User logged in: test-1774295417309-oj5hi7@example.com',
  level: 'info',
  service: 'sync-not-net-api',
  timestamp: '2026-03-24 01:20:17'
}
{
  message: '::ffff:127.0.0.1 - - [23/Mar/2026:19:50:17 +0000] "POST /api/users/login HTTP/1.1" 200 445 "-" "-"',
  level: 'info',
  service: 'sync-not-net-api',
  timestamp: '2026-03-24 01:20:17'
}
{
  message: 'Password protection added/updated for notebook 69c19979ddc5ae1d16213022',
  level: 'info',
  service: 'sync-not-net-api',
  timestamp: '2026-03-24 01:20:18'
}
{
  message: '::ffff:127.0.0.1 - - [23/Mar/2026:19:50:18 +0000] "PUT /api/notebooks/69c19979ddc5ae1d16213022/password HTTP/1.1" 200 138 "-" "-"',
  level: 'info',
  service: 'sync-not-net-api',
  timestamp: '2026-03-24 01:20:18'
}
{
  message: 'User logged in: test-1774295418415-79ftat@example.com',
  level: 'info',
  service: 'sync-not-net-api',
  timestamp: '2026-03-24 01:20:18'
}
{
  message: '::ffff:127.0.0.1 - - [23/Mar/2026:19:50:18 +0000] "POST /api/users/login HTTP/1.1" 200 445 "-" "-"',
  level: 'info',
  service: 'sync-not-net-api',
  timestamp: '2026-03-24 01:20:18'
}
{
  message: 'Password protection removed for notebook 69c1997bddc5ae1d1621302d',
  level: 'info',
  service: 'sync-not-net-api',
  timestamp: '2026-03-24 01:20:19'
}
{
  message: '::ffff:127.0.0.1 - - [23/Mar/2026:19:50:19 +0000] "PUT /api/notebooks/69c1997bddc5ae1d1621302d/password HTTP/1.1" 200 140 "-" "-"',
  level: 'info',
  service: 'sync-not-net-api',
  timestamp: '2026-03-24 01:20:19'
}
{
  message: 'User logged in: test-1774295419114-9ub2vg@example.com',
  level: 'info',
  service: 'sync-not-net-api',
  timestamp: '2026-03-24 01:20:19'
}
{
  message: '::ffff:127.0.0.1 - - [23/Mar/2026:19:50:19 +0000] "POST /api/users/login HTTP/1.1" 200 445 "-" "-"',
  level: 'info',
  service: 'sync-not-net-api',
  timestamp: '2026-03-24 01:20:19'
}
{
  message: '::ffff:127.0.0.1 - - [23/Mar/2026:19:50:19 +0000] "PUT /api/notebooks/69c1997bddc5ae1d16213038/password HTTP/1.1" 401 55 "-" "-"',
  level: 'info',
  service: 'sync-not-net-api',
  timestamp: '2026-03-24 01:20:19'
}
{
  message: 'User logged in: test-1774295419378-azf3iy@example.com',
  level: 'info',
  service: 'sync-not-net-api',
  timestamp: '2026-03-24 01:20:19'
}
{
  message: '::ffff:127.0.0.1 - - [23/Mar/2026:19:50:19 +0000] "POST /api/users/login HTTP/1.1" 200 445 "-" "-"',
  level: 'info',
  service: 'sync-not-net-api',
  timestamp: '2026-03-24 01:20:19'
}
{
  message: 'User logged in: test-1774295419618-q0y08a@example.com',
  level: 'info',
  service: 'sync-not-net-api',
  timestamp: '2026-03-24 01:20:19'
}
{
  message: '::ffff:127.0.0.1 - - [23/Mar/2026:19:50:19 +0000] "POST /api/users/login HTTP/1.1" 200 445 "-" "-"',
  level: 'info',
  service: 'sync-not-net-api',
  timestamp: '2026-03-24 01:20:19'
}
{
  message: '::ffff:127.0.0.1 - - [23/Mar/2026:19:50:19 +0000] "PUT /api/notebooks/69c1997bddc5ae1d16213041/password HTTP/1.1" 403 78 "-" "-"',
  level: 'info',
  service: 'sync-not-net-api',
  timestamp: '2026-03-24 01:20:19'
}
{
  message: 'User logged in: test-1774295419917-l1lxdc@example.com',
  level: 'info',
  service: 'sync-not-net-api',
  timestamp: '2026-03-24 01:20:20'
}
{
  message: '::ffff:127.0.0.1 - - [23/Mar/2026:19:50:20 +0000] "POST /api/users/login HTTP/1.1" 200 445 "-" "-"',
  level: 'info',
  service: 'sync-not-net-api',
  timestamp: '2026-03-24 01:20:20'
}
{
  message: '::ffff:127.0.0.1 - - [23/Mar/2026:19:50:21 +0000] "POST /api/notebooks/nb-1774295420154-d64g/verify-password HTTP/1.1" 200 468 "-" "-"',
  level: 'info',
  service: 'sync-not-net-api',
  timestamp: '2026-03-24 01:20:21'
}
{
  message: 'User logged in: test-1774295421014-i0jcp0@example.com',
  level: 'info',
  service: 'sync-not-net-api',
  timestamp: '2026-03-24 01:20:21'
}
{
  message: '::ffff:127.0.0.1 - - [23/Mar/2026:19:50:21 +0000] "POST /api/users/login HTTP/1.1" 200 445 "-" "-"',
  level: 'info',
  service: 'sync-not-net-api',
  timestamp: '2026-03-24 01:20:21'
}
{
  message: '::ffff:127.0.0.1 - - [23/Mar/2026:19:50:22 +0000] "POST /api/notebooks/nb-1774295421248-5i7a/verify-password HTTP/1.1" 401 78 "-" "-"',
  level: 'info',
  service: 'sync-not-net-api',
  timestamp: '2026-03-24 01:20:22'
}
{
  message: 'User logged in: test-1774295422072-fuhg9f@example.com',
  level: 'info',
  service: 'sync-not-net-api',
  timestamp: '2026-03-24 01:20:22'
}
{
  message: '::ffff:127.0.0.1 - - [23/Mar/2026:19:50:22 +0000] "POST /api/users/login HTTP/1.1" 200 445 "-" "-"',
  level: 'info',
  service: 'sync-not-net-api',
  timestamp: '2026-03-24 01:20:22'
}
{
  message: '::ffff:127.0.0.1 - - [23/Mar/2026:19:50:22 +0000] "POST /api/notebooks/nb-1774295422305-03tc/verify-password HTTP/1.1" 400 67 "-" "-"',
  level: 'info',
  service: 'sync-not-net-api',
  timestamp: '2026-03-24 01:20:22'
}
{
  message: 'User logged in: test-1774295422731-w36b9o@example.com',
  level: 'info',
  service: 'sync-not-net-api',
  timestamp: '2026-03-24 01:20:22'
}
{
  message: '::ffff:127.0.0.1 - - [23/Mar/2026:19:50:22 +0000] "POST /api/users/login HTTP/1.1" 200 448 "-" "-"',
  level: 'info',
  service: 'sync-not-net-api',
  timestamp: '2026-03-24 01:20:22'
}
{
  message: 'User logged in: test-1774295422974-5bk65r@example.com',
  level: 'info',
  service: 'sync-not-net-api',
  timestamp: '2026-03-24 01:20:23'
}
{
  message: '::ffff:127.0.0.1 - - [23/Mar/2026:19:50:23 +0000] "POST /api/users/login HTTP/1.1" 200 445 "-" "-"',
  level: 'info',
  service: 'sync-not-net-api',
  timestamp: '2026-03-24 01:20:23'
}
{
  message: '::ffff:127.0.0.1 - - [23/Mar/2026:19:50:23 +0000] "GET /api/users/search?q=Alice HTTP/1.1" 200 421 "-" "-"',
  level: 'info',
  service: 'sync-not-net-api',
  timestamp: '2026-03-24 01:20:23'
}
{
  message: 'User logged in: test-1774295423255-x121b7@example.com',
  level: 'info',
  service: 'sync-not-net-api',
  timestamp: '2026-03-24 01:20:23'
}
{
  message: '::ffff:127.0.0.1 - - [23/Mar/2026:19:50:23 +0000] "POST /api/users/login HTTP/1.1" 200 445 "-" "-"',
  level: 'info',
  service: 'sync-not-net-api',
  timestamp: '2026-03-24 01:20:23'
}
{
  message: '::ffff:127.0.0.1 - - [23/Mar/2026:19:50:23 +0000] "GET /api/users/search?q=test- HTTP/1.1" 200 1024 "-" "-"',
  level: 'info',
  service: 'sync-not-net-api',
  timestamp: '2026-03-24 01:20:23'
}
{
  message: 'User logged in: test-1774295423519-w9bw6k@example.com',
  level: 'info',
  service: 'sync-not-net-api',
  timestamp: '2026-03-24 01:20:23'
}
{
  message: '::ffff:127.0.0.1 - - [23/Mar/2026:19:50:23 +0000] "POST /api/users/login HTTP/1.1" 200 445 "-" "-"',
  level: 'info',
  service: 'sync-not-net-api',
  timestamp: '2026-03-24 01:20:23'
}
{
  message: '::ffff:127.0.0.1 - - [23/Mar/2026:19:50:23 +0000] "GET /api/users/search?q=a HTTP/1.1" 400 92 "-" "-"',
  level: 'info',
  service: 'sync-not-net-api',
  timestamp: '2026-03-24 01:20:23'
}
{
  message: '::ffff:127.0.0.1 - - [23/Mar/2026:19:50:23 +0000] "GET /api/users/search?q=test HTTP/1.1" 401 55 "-" "-"',
  level: 'info',
  service: 'sync-not-net-api',
  timestamp: '2026-03-24 01:20:23'
}
{
  message: 'User logged in: test-1774295423814-cr2ob3@example.com',
  level: 'info',
  service: 'sync-not-net-api',
  timestamp: '2026-03-24 01:20:24'
}
{
  message: '::ffff:127.0.0.1 - - [23/Mar/2026:19:50:24 +0000] "POST /api/users/login HTTP/1.1" 200 445 "-" "-"',
  level: 'info',
  service: 'sync-not-net-api',
  timestamp: '2026-03-24 01:20:24'
}
{
  message: 'User logged in: test-1774295424049-rbsmqm@example.com',
  level: 'info',
  service: 'sync-not-net-api',
  timestamp: '2026-03-24 01:20:24'
}
{
  message: '::ffff:127.0.0.1 - - [23/Mar/2026:19:50:24 +0000] "POST /api/users/login HTTP/1.1" 200 445 "-" "-"',
  level: 'info',
  service: 'sync-not-net-api',
  timestamp: '2026-03-24 01:20:24'
}
{
  message: 'Collaborators updated for notebook 69c19980ddc5ae1d16213078, count: 1',
  level: 'info',
  service: 'sync-not-net-api',
  timestamp: '2026-03-24 01:20:24'
}
{
  message: '::ffff:127.0.0.1 - - [23/Mar/2026:19:50:24 +0000] "PUT /api/notebooks/69c19980ddc5ae1d16213078/collaborators HTTP/1.1" 200 228 "-" "-"',
  level: 'info',
  service: 'sync-not-net-api',
  timestamp: '2026-03-24 01:20:24'
}
{
  message: 'User logged in: test-1774295424355-d8lt04@example.com',
  level: 'info',
  service: 'sync-not-net-api',
  timestamp: '2026-03-24 01:20:24'
}
{
  message: '::ffff:127.0.0.1 - - [23/Mar/2026:19:50:24 +0000] "POST /api/users/login HTTP/1.1" 200 445 "-" "-"',
  level: 'info',
  service: 'sync-not-net-api',
  timestamp: '2026-03-24 01:20:24'
}
{
  message: 'User logged in: test-1774295424581-qfud3n@example.com',
  level: 'info',
  service: 'sync-not-net-api',
  timestamp: '2026-03-24 01:20:24'
}
{
  message: '::ffff:127.0.0.1 - - [23/Mar/2026:19:50:24 +0000] "POST /api/users/login HTTP/1.1" 200 445 "-" "-"',
  level: 'info',
  service: 'sync-not-net-api',
  timestamp: '2026-03-24 01:20:24'
}
{
  message: '::ffff:127.0.0.1 - - [23/Mar/2026:19:50:24 +0000] "PUT /api/notebooks/69c19980ddc5ae1d16213087/collaborators/69c19980ddc5ae1d16213084 HTTP/1.1" 200 191 "-" "-"',
  level: 'info',
  service: 'sync-not-net-api',
  timestamp: '2026-03-24 01:20:24'
}
{
  message: 'User logged in: test-1774295424888-orredv@example.com',
  level: 'info',
  service: 'sync-not-net-api',
  timestamp: '2026-03-24 01:20:25'
}
{
  message: '::ffff:127.0.0.1 - - [23/Mar/2026:19:50:25 +0000] "POST /api/users/login HTTP/1.1" 200 445 "-" "-"',
  level: 'info',
  service: 'sync-not-net-api',
  timestamp: '2026-03-24 01:20:25'
}
{
  message: 'User logged in: test-1774295425124-zwncbo@example.com',
  level: 'info',
  service: 'sync-not-net-api',
  timestamp: '2026-03-24 01:20:25'
}
{
  message: '::ffff:127.0.0.1 - - [23/Mar/2026:19:50:25 +0000] "POST /api/users/login HTTP/1.1" 200 445 "-" "-"',
  level: 'info',
  service: 'sync-not-net-api',
  timestamp: '2026-03-24 01:20:25'
}
{
  message: '::ffff:127.0.0.1 - - [23/Mar/2026:19:50:25 +0000] "DELETE /api/notebooks/69c19981ddc5ae1d16213097/collaborators/69c19981ddc5ae1d16213094 HTTP/1.1" 200 47 "-" "-"',
  level: 'info',
  service: 'sync-not-net-api',
  timestamp: '2026-03-24 01:20:25'
}
{
  message: 'User logged in: test-1774295425431-twaqj1@example.com',
  level: 'info',
  service: 'sync-not-net-api',
  timestamp: '2026-03-24 01:20:25'
}
{
  message: '::ffff:127.0.0.1 - - [23/Mar/2026:19:50:25 +0000] "POST /api/users/login HTTP/1.1" 200 445 "-" "-"',
  level: 'info',
  service: 'sync-not-net-api',
  timestamp: '2026-03-24 01:20:25'
}
{
  message: 'URL identifier updated for notebook 69c19981ddc5ae1d162130a3: nb-1774295425660-wy1n -> my-custom-url-123',
  level: 'info',
  service: 'sync-not-net-api',
  timestamp: '2026-03-24 01:20:25'
}
{
  message: '::ffff:127.0.0.1 - - [23/Mar/2026:19:50:25 +0000] "PUT /api/notebooks/69c19981ddc5ae1d162130a3/url HTTP/1.1" 200 74 "-" "-"',
  level: 'info',
  service: 'sync-not-net-api',
  timestamp: '2026-03-24 01:20:25'
}
{
  message: 'User logged in: test-1774295425731-6wah59@example.com',
  level: 'info',
  service: 'sync-not-net-api',
  timestamp: '2026-03-24 01:20:25'
}
{
  message: '::ffff:127.0.0.1 - - [23/Mar/2026:19:50:25 +0000] "POST /api/users/login HTTP/1.1" 200 445 "-" "-"',
  level: 'info',
  service: 'sync-not-net-api',
  timestamp: '2026-03-24 01:20:25'
}
{
  message: 'URL identifier updated for notebook 69c19981ddc5ae1d162130ae: nb-1774295425963-06q7 -> unique-url-123',
  level: 'info',
  service: 'sync-not-net-api',
  timestamp: '2026-03-24 01:20:26'
}
{
  message: '::ffff:127.0.0.1 - - [23/Mar/2026:19:50:26 +0000] "PUT /api/notebooks/69c19981ddc5ae1d162130ae/url HTTP/1.1" 200 71 "-" "-"',
  level: 'info',
  service: 'sync-not-net-api',
  timestamp: '2026-03-24 01:20:26'
}
{
  message: '::ffff:127.0.0.1 - - [23/Mar/2026:19:50:26 +0000] "PUT /api/notebooks/69c19981ddc5ae1d162130b0/url HTTP/1.1" 400 111 "-" "-"',
  level: 'info',
  service: 'sync-not-net-api',
  timestamp: '2026-03-24 01:20:26'
}
{
  message: 'User logged in: test-1774295426073-bqwijl@example.com',
  level: 'info',
  service: 'sync-not-net-api',
  timestamp: '2026-03-24 01:20:26'
}
{
  message: '::ffff:127.0.0.1 - - [23/Mar/2026:19:50:26 +0000] "POST /api/users/login HTTP/1.1" 200 445 "-" "-"',
  level: 'info',
  service: 'sync-not-net-api',
  timestamp: '2026-03-24 01:20:26'
}
{
  message: 'User logged in: test-1774295426300-i0ces2@example.com',
  level: 'info',
  service: 'sync-not-net-api',
  timestamp: '2026-03-24 01:20:26'
}
{
  message: '::ffff:127.0.0.1 - - [23/Mar/2026:19:50:26 +0000] "POST /api/users/login HTTP/1.1" 200 445 "-" "-"',
  level: 'info',
  service: 'sync-not-net-api',
  timestamp: '2026-03-24 01:20:26'
}
{
  message: '::ffff:127.0.0.1 - - [23/Mar/2026:19:50:26 +0000] "PUT /api/notebooks/69c19982ddc5ae1d162130c2/url HTTP/1.1" 403 71 "-" "-"',
  level: 'info',
  service: 'sync-not-net-api',
  timestamp: '2026-03-24 01:20:26'
}
{
  message: 'User logged in: test-1774295426578-297wqr@example.com',
  level: 'info',
  service: 'sync-not-net-api',
  timestamp: '2026-03-24 01:20:26'
}
{
  message: '::ffff:127.0.0.1 - - [23/Mar/2026:19:50:26 +0000] "POST /api/users/login HTTP/1.1" 200 445 "-" "-"',
  level: 'info',
  service: 'sync-not-net-api',
  timestamp: '2026-03-24 01:20:26'
}
{
  message: '::ffff:127.0.0.1 - - [23/Mar/2026:19:50:26 +0000] "POST /api/notebooks/69c19982ddc5ae1d162130cb/favorite HTTP/1.1" 200 50 "-" "-"',
  level: 'info',
  service: 'sync-not-net-api',
  timestamp: '2026-03-24 01:20:26'
}
{
  message: 'User logged in: test-1774295426874-uhjchr@example.com',
  level: 'info',
  service: 'sync-not-net-api',
  timestamp: '2026-03-24 01:20:27'
}
{
  message: '::ffff:127.0.0.1 - - [23/Mar/2026:19:50:27 +0000] "POST /api/users/login HTTP/1.1" 200 445 "-" "-"',
  level: 'info',
  service: 'sync-not-net-api',
  timestamp: '2026-03-24 01:20:27'
}
{
  message: '::ffff:127.0.0.1 - - [23/Mar/2026:19:50:27 +0000] "POST /api/notebooks/69c19983ddc5ae1d162130d6/favorite HTTP/1.1" 401 55 "-" "-"',
  level: 'info',
  service: 'sync-not-net-api',
  timestamp: '2026-03-24 01:20:27'
}
{
  message: 'User logged in: test-1774295427131-6m9fq2@example.com',
  level: 'info',
  service: 'sync-not-net-api',
  timestamp: '2026-03-24 01:20:27'
}
{
  message: '::ffff:127.0.0.1 - - [23/Mar/2026:19:50:27 +0000] "POST /api/users/login HTTP/1.1" 200 445 "-" "-"',
  level: 'info',
  service: 'sync-not-net-api',
  timestamp: '2026-03-24 01:20:27'
}
{
  message: '::ffff:127.0.0.1 - - [23/Mar/2026:19:50:27 +0000] "POST /api/notebooks/69c19983ddc5ae1d162130dc/favorite HTTP/1.1" 200 50 "-" "-"',
  level: 'info',
  service: 'sync-not-net-api',
  timestamp: '2026-03-24 01:20:27'
}
{
  message: '::ffff:127.0.0.1 - - [23/Mar/2026:19:50:27 +0000] "GET /api/notebooks/favorites HTTP/1.1" 200 489 "-" "-"',
  level: 'info',
  service: 'sync-not-net-api',
  timestamp: '2026-03-24 01:20:27'
}
{
  message: 'User logged in: test-1774295427483-f5jnnk@example.com',
  level: 'info',
  service: 'sync-not-net-api',
  timestamp: '2026-03-24 01:20:27'
}
{
  message: '::ffff:127.0.0.1 - - [23/Mar/2026:19:50:27 +0000] "POST /api/users/login HTTP/1.1" 200 445 "-" "-"',
  level: 'info',
  service: 'sync-not-net-api',
  timestamp: '2026-03-24 01:20:27'
}
{
  message: 'User logged in: test-1774295427728-xsya0i@example.com',
  level: 'info',
  service: 'sync-not-net-api',
  timestamp: '2026-03-24 01:20:27'
}
{
  message: '::ffff:127.0.0.1 - - [23/Mar/2026:19:50:27 +0000] "POST /api/users/login HTTP/1.1" 200 445 "-" "-"',
  level: 'info',
  service: 'sync-not-net-api',
  timestamp: '2026-03-24 01:20:27'
}
{
  message: '::ffff:127.0.0.1 - - [23/Mar/2026:19:50:27 +0000] "GET /api/notebooks/shared HTTP/1.1" 200 103 "-" "-"',
  level: 'info',
  service: 'sync-not-net-api',
  timestamp: '2026-03-24 01:20:27'
}
{
  message: 'User logged in: test-1774295428017-4aeyfx@example.com',
  level: 'info',
  service: 'sync-not-net-api',
  timestamp: '2026-03-24 01:20:28'
}
{
  message: '::ffff:127.0.0.1 - - [23/Mar/2026:19:50:28 +0000] "POST /api/users/login HTTP/1.1" 200 445 "-" "-"',
  level: 'info',
  service: 'sync-not-net-api',
  timestamp: '2026-03-24 01:20:28'
}
{
  message: '::ffff:127.0.0.1 - - [23/Mar/2026:19:50:28 +0000] "POST /api/notebooks/nb-1774295428245-x6e3/register-guest HTTP/1.1" 200 576 "-" "-"',
  level: 'info',
  service: 'sync-not-net-api',
  timestamp: '2026-03-24 01:20:28'
}
{
  message: 'User logged in: test-1774295428291-8guydn@example.com',
  level: 'info',
  service: 'sync-not-net-api',
  timestamp: '2026-03-24 01:20:28'
}
{
  message: '::ffff:127.0.0.1 - - [23/Mar/2026:19:50:28 +0000] "POST /api/users/login HTTP/1.1" 200 445 "-" "-"',
  level: 'info',
  service: 'sync-not-net-api',
  timestamp: '2026-03-24 01:20:28'
}
{
  message: '::ffff:127.0.0.1 - - [23/Mar/2026:19:50:28 +0000] "POST /api/notebooks/nb-1774295428523-vqlv/register-guest HTTP/1.1" 400 83 "-" "-"',
  level: 'info',
  service: 'sync-not-net-api',
  timestamp: '2026-03-24 01:20:28'
}
{
  message: 'User logged in: test-1774295428559-267sp2@example.com',
  level: 'info',
  service: 'sync-not-net-api',
  timestamp: '2026-03-24 01:20:28'
}
{
  message: '::ffff:127.0.0.1 - - [23/Mar/2026:19:50:28 +0000] "POST /api/users/login HTTP/1.1" 200 445 "-" "-"',
  level: 'info',
  service: 'sync-not-net-api',
  timestamp: '2026-03-24 01:20:28'
}
{
  message: '::ffff:127.0.0.1 - - [23/Mar/2026:19:50:29 +0000] "POST /api/notebooks/nb-1774295428789-zlcj/register-guest HTTP/1.1" 200 331 "-" "-"',
  level: 'info',
  service: 'sync-not-net-api',
  timestamp: '2026-03-24 01:20:29'
}
{
  message: 'Running without Redis in development mode',
  level: 'info',
  service: 'sync-not-net-api',
  timestamp: '2026-03-24 01:20:54'
}
{
  message: 'MongoDB Connected successfully',
  level: 'info',
  service: 'sync-not-net-api',
  timestamp: '2026-03-24 01:20:54'
}
{
  message: 'User logged in: test-1774295454852-xtbgsc@example.com',
  level: 'info',
  service: 'sync-not-net-api',
  timestamp: '2026-03-24 01:20:55'
}
{
  message: '::ffff:127.0.0.1 - - [23/Mar/2026:19:50:55 +0000] "POST /api/users/login HTTP/1.1" 200 445 "-" "-"',
  level: 'info',
  service: 'sync-not-net-api',
  timestamp: '2026-03-24 01:20:55'
}
{
  message: 'Password protection added/updated for notebook 69c1999f200c2af7c20edd23',
  level: 'info',
  service: 'sync-not-net-api',
  timestamp: '2026-03-24 01:20:55'
}
{
  message: '::ffff:127.0.0.1 - - [23/Mar/2026:19:50:55 +0000] "PUT /api/notebooks/69c1999f200c2af7c20edd23/password HTTP/1.1" 200 138 "-" "-"',
  level: 'info',
  service: 'sync-not-net-api',
  timestamp: '2026-03-24 01:20:55'
}
{
  message: 'User logged in: test-1774295455728-yfol65@example.com',
  level: 'info',
  service: 'sync-not-net-api',
  timestamp: '2026-03-24 01:20:55'
}
{
  message: '::ffff:127.0.0.1 - - [23/Mar/2026:19:50:55 +0000] "POST /api/users/login HTTP/1.1" 200 445 "-" "-"',
  level: 'info',
  service: 'sync-not-net-api',
  timestamp: '2026-03-24 01:20:55'
}
{
  message: 'Password protection added/updated for notebook 69c199a0200c2af7c20edd2e',
  level: 'info',
  service: 'sync-not-net-api',
  timestamp: '2026-03-24 01:20:56'
}
{
  message: '::ffff:127.0.0.1 - - [23/Mar/2026:19:50:56 +0000] "PUT /api/notebooks/69c199a0200c2af7c20edd2e/password HTTP/1.1" 200 138 "-" "-"',
  level: 'info',
  service: 'sync-not-net-api',
  timestamp: '2026-03-24 01:20:56'
}
{
  message: 'User logged in: test-1774295456825-7zob9r@example.com',
  level: 'info',
  service: 'sync-not-net-api',
  timestamp: '2026-03-24 01:20:57'
}
{
  message: '::ffff:127.0.0.1 - - [23/Mar/2026:19:50:57 +0000] "POST /api/users/login HTTP/1.1" 200 445 "-" "-"',
  level: 'info',
  service: 'sync-not-net-api',
  timestamp: '2026-03-24 01:20:57'
}
{
  message: 'Password protection removed for notebook 69c199a1200c2af7c20edd39',
  level: 'info',
  service: 'sync-not-net-api',
  timestamp: '2026-03-24 01:20:57'
}
{
  message: '::ffff:127.0.0.1 - - [23/Mar/2026:19:50:57 +0000] "PUT /api/notebooks/69c199a1200c2af7c20edd39/password HTTP/1.1" 200 140 "-" "-"',
  level: 'info',
  service: 'sync-not-net-api',
  timestamp: '2026-03-24 01:20:57'
}
{
  message: 'User logged in: test-1774295457516-889s5x@example.com',
  level: 'info',
  service: 'sync-not-net-api',
  timestamp: '2026-03-24 01:20:57'
}
{
  message: '::ffff:127.0.0.1 - - [23/Mar/2026:19:50:57 +0000] "POST /api/users/login HTTP/1.1" 200 445 "-" "-"',
  level: 'info',
  service: 'sync-not-net-api',
  timestamp: '2026-03-24 01:20:57'
}
{
  message: '::ffff:127.0.0.1 - - [23/Mar/2026:19:50:57 +0000] "PUT /api/notebooks/69c199a1200c2af7c20edd44/password HTTP/1.1" 401 55 "-" "-"',
  level: 'info',
  service: 'sync-not-net-api',
  timestamp: '2026-03-24 01:20:57'
}
{
  message: 'User logged in: test-1774295457796-12uaq3@example.com',
  level: 'info',
  service: 'sync-not-net-api',
  timestamp: '2026-03-24 01:20:58'
}
{
  message: '::ffff:127.0.0.1 - - [23/Mar/2026:19:50:58 +0000] "POST /api/users/login HTTP/1.1" 200 445 "-" "-"',
  level: 'info',
  service: 'sync-not-net-api',
  timestamp: '2026-03-24 01:20:58'
}
{
  message: 'User logged in: test-1774295458040-ghjqlf@example.com',
  level: 'info',
  service: 'sync-not-net-api',
  timestamp: '2026-03-24 01:20:58'
}
{
  message: '::ffff:127.0.0.1 - - [23/Mar/2026:19:50:58 +0000] "POST /api/users/login HTTP/1.1" 200 445 "-" "-"',
  level: 'info',
  service: 'sync-not-net-api',
  timestamp: '2026-03-24 01:20:58'
}
{
  message: '::ffff:127.0.0.1 - - [23/Mar/2026:19:50:58 +0000] "PUT /api/notebooks/69c199a2200c2af7c20edd4d/password HTTP/1.1" 403 78 "-" "-"',
  level: 'info',
  service: 'sync-not-net-api',
  timestamp: '2026-03-24 01:20:58'
}
{
  message: 'User logged in: test-1774295458346-xhph3e@example.com',
  level: 'info',
  service: 'sync-not-net-api',
  timestamp: '2026-03-24 01:20:58'
}
{
  message: '::ffff:127.0.0.1 - - [23/Mar/2026:19:50:58 +0000] "POST /api/users/login HTTP/1.1" 200 445 "-" "-"',
  level: 'info',
  service: 'sync-not-net-api',
  timestamp: '2026-03-24 01:20:58'
}
{
  message: '::ffff:127.0.0.1 - - [23/Mar/2026:19:50:59 +0000] "POST /api/notebooks/nb-1774295458571-sqhz/verify-password HTTP/1.1" 200 468 "-" "-"',
  level: 'info',
  service: 'sync-not-net-api',
  timestamp: '2026-03-24 01:20:59'
}
{
  message: 'User logged in: test-1774295459474-6cc71g@example.com',
  level: 'info',
  service: 'sync-not-net-api',
  timestamp: '2026-03-24 01:20:59'
}
{
  message: '::ffff:127.0.0.1 - - [23/Mar/2026:19:50:59 +0000] "POST /api/users/login HTTP/1.1" 200 445 "-" "-"',
  level: 'info',
  service: 'sync-not-net-api',
  timestamp: '2026-03-24 01:20:59'
}
{
  message: '::ffff:127.0.0.1 - - [23/Mar/2026:19:51:00 +0000] "POST /api/notebooks/nb-1774295459707-q3ap/verify-password HTTP/1.1" 401 78 "-" "-"',
  level: 'info',
  service: 'sync-not-net-api',
  timestamp: '2026-03-24 01:21:00'
}
{
  message: 'User logged in: test-1774295460519-3en0z4@example.com',
  level: 'info',
  service: 'sync-not-net-api',
  timestamp: '2026-03-24 01:21:00'
}
{
  message: '::ffff:127.0.0.1 - - [23/Mar/2026:19:51:00 +0000] "POST /api/users/login HTTP/1.1" 200 445 "-" "-"',
  level: 'info',
  service: 'sync-not-net-api',
  timestamp: '2026-03-24 01:21:00'
}
{
  message: '::ffff:127.0.0.1 - - [23/Mar/2026:19:51:01 +0000] "POST /api/notebooks/nb-1774295460748-v1p1/verify-password HTTP/1.1" 400 67 "-" "-"',
  level: 'info',
  service: 'sync-not-net-api',
  timestamp: '2026-03-24 01:21:01'
}
{
  message: 'User logged in: test-1774295461168-wfb0fv@example.com',
  level: 'info',
  service: 'sync-not-net-api',
  timestamp: '2026-03-24 01:21:01'
}
{
  message: '::ffff:127.0.0.1 - - [23/Mar/2026:19:51:01 +0000] "POST /api/users/login HTTP/1.1" 200 448 "-" "-"',
  level: 'info',
  service: 'sync-not-net-api',
  timestamp: '2026-03-24 01:21:01'
}
{
  message: 'User logged in: test-1774295461396-nfzrdh@example.com',
  level: 'info',
  service: 'sync-not-net-api',
  timestamp: '2026-03-24 01:21:01'
}
{
  message: '::ffff:127.0.0.1 - - [23/Mar/2026:19:51:01 +0000] "POST /api/users/login HTTP/1.1" 200 445 "-" "-"',
  level: 'info',
  service: 'sync-not-net-api',
  timestamp: '2026-03-24 01:21:01'
}
{
  message: '::ffff:127.0.0.1 - - [23/Mar/2026:19:51:01 +0000] "GET /api/users/search?q=Alice HTTP/1.1" 200 526 "-" "-"',
  level: 'info',
  service: 'sync-not-net-api',
  timestamp: '2026-03-24 01:21:01'
}
{
  message: 'User logged in: test-1774295461674-1ktr4g@example.com',
  level: 'info',
  service: 'sync-not-net-api',
  timestamp: '2026-03-24 01:21:01'
}
{
  message: '::ffff:127.0.0.1 - - [23/Mar/2026:19:51:01 +0000] "POST /api/users/login HTTP/1.1" 200 445 "-" "-"',
  level: 'info',
  service: 'sync-not-net-api',
  timestamp: '2026-03-24 01:21:01'
}
{
  message: '::ffff:127.0.0.1 - - [23/Mar/2026:19:51:01 +0000] "GET /api/users/search?q=test- HTTP/1.1" 200 1024 "-" "-"',
  level: 'info',
  service: 'sync-not-net-api',
  timestamp: '2026-03-24 01:21:01'
}
{
  message: 'User logged in: test-1774295461942-acb1zn@example.com',
  level: 'info',
  service: 'sync-not-net-api',
  timestamp: '2026-03-24 01:21:02'
}
{
  message: '::ffff:127.0.0.1 - - [23/Mar/2026:19:51:02 +0000] "POST /api/users/login HTTP/1.1" 200 445 "-" "-"',
  level: 'info',
  service: 'sync-not-net-api',
  timestamp: '2026-03-24 01:21:02'
}
{
  message: '::ffff:127.0.0.1 - - [23/Mar/2026:19:51:02 +0000] "GET /api/users/search?q=a HTTP/1.1" 400 92 "-" "-"',
  level: 'info',
  service: 'sync-not-net-api',
  timestamp: '2026-03-24 01:21:02'
}
{
  message: '::ffff:127.0.0.1 - - [23/Mar/2026:19:51:02 +0000] "GET /api/users/search?q=test HTTP/1.1" 401 55 "-" "-"',
  level: 'info',
  service: 'sync-not-net-api',
  timestamp: '2026-03-24 01:21:02'
}
{
  message: 'User logged in: test-1774295462236-87fkjb@example.com',
  level: 'info',
  service: 'sync-not-net-api',
  timestamp: '2026-03-24 01:21:02'
}
{
  message: '::ffff:127.0.0.1 - - [23/Mar/2026:19:51:02 +0000] "POST /api/users/login HTTP/1.1" 200 445 "-" "-"',
  level: 'info',
  service: 'sync-not-net-api',
  timestamp: '2026-03-24 01:21:02'
}
{
  message: 'User logged in: test-1774295462464-besc34@example.com',
  level: 'info',
  service: 'sync-not-net-api',
  timestamp: '2026-03-24 01:21:02'
}
{
  message: '::ffff:127.0.0.1 - - [23/Mar/2026:19:51:02 +0000] "POST /api/users/login HTTP/1.1" 200 445 "-" "-"',
  level: 'info',
  service: 'sync-not-net-api',
  timestamp: '2026-03-24 01:21:02'
}
{
  message: 'Collaborators updated for notebook 69c199a6200c2af7c20edd84, count: 1',
  level: 'info',
  service: 'sync-not-net-api',
  timestamp: '2026-03-24 01:21:02'
}
{
  message: '::ffff:127.0.0.1 - - [23/Mar/2026:19:51:02 +0000] "PUT /api/notebooks/69c199a6200c2af7c20edd84/collaborators HTTP/1.1" 200 228 "-" "-"',
  level: 'info',
  service: 'sync-not-net-api',
  timestamp: '2026-03-24 01:21:02'
}
{
  message: 'User logged in: test-1774295462771-ktnkbq@example.com',
  level: 'info',
  service: 'sync-not-net-api',
  timestamp: '2026-03-24 01:21:02'
}
{
  message: '::ffff:127.0.0.1 - - [23/Mar/2026:19:51:03 +0000] "POST /api/users/login HTTP/1.1" 200 445 "-" "-"',
  level: 'info',
  service: 'sync-not-net-api',
  timestamp: '2026-03-24 01:21:03'
}
{
  message: 'User logged in: test-1774295463017-gu7j0u@example.com',
  level: 'info',
  service: 'sync-not-net-api',
  timestamp: '2026-03-24 01:21:03'
}
{
  message: '::ffff:127.0.0.1 - - [23/Mar/2026:19:51:03 +0000] "POST /api/users/login HTTP/1.1" 200 445 "-" "-"',
  level: 'info',
  service: 'sync-not-net-api',
  timestamp: '2026-03-24 01:21:03'
}
{
  message: '::ffff:127.0.0.1 - - [23/Mar/2026:19:51:03 +0000] "PUT /api/notebooks/69c199a7200c2af7c20edd93/collaborators/69c199a7200c2af7c20edd90 HTTP/1.1" 200 191 "-" "-"',
  level: 'info',
  service: 'sync-not-net-api',
  timestamp: '2026-03-24 01:21:03'
}
{
  message: 'User logged in: test-1774295463328-y6x0rd@example.com',
  level: 'info',
  service: 'sync-not-net-api',
  timestamp: '2026-03-24 01:21:03'
}
{
  message: '::ffff:127.0.0.1 - - [23/Mar/2026:19:51:03 +0000] "POST /api/users/login HTTP/1.1" 200 445 "-" "-"',
  level: 'info',
  service: 'sync-not-net-api',
  timestamp: '2026-03-24 01:21:03'
}
{
  message: 'User logged in: test-1774295463558-pr1xg0@example.com',
  level: 'info',
  service: 'sync-not-net-api',
  timestamp: '2026-03-24 01:21:03'
}
{
  message: '::ffff:127.0.0.1 - - [23/Mar/2026:19:51:03 +0000] "POST /api/users/login HTTP/1.1" 200 445 "-" "-"',
  level: 'info',
  service: 'sync-not-net-api',
  timestamp: '2026-03-24 01:21:03'
}
{
  message: '::ffff:127.0.0.1 - - [23/Mar/2026:19:51:03 +0000] "DELETE /api/notebooks/69c199a7200c2af7c20edda3/collaborators/69c199a7200c2af7c20edda0 HTTP/1.1" 200 47 "-" "-"',
  level: 'info',
  service: 'sync-not-net-api',
  timestamp: '2026-03-24 01:21:03'
}
{
  message: 'User logged in: test-1774295463857-47c0i8@example.com',
  level: 'info',
  service: 'sync-not-net-api',
  timestamp: '2026-03-24 01:21:04'
}
{
  message: '::ffff:127.0.0.1 - - [23/Mar/2026:19:51:04 +0000] "POST /api/users/login HTTP/1.1" 200 445 "-" "-"',
  level: 'info',
  service: 'sync-not-net-api',
  timestamp: '2026-03-24 01:21:04'
}
{
  message: 'URL identifier updated for notebook 69c199a8200c2af7c20eddaf: nb-1774295464090-gko9 -> my-custom-url-123',
  level: 'info',
  service: 'sync-not-net-api',
  timestamp: '2026-03-24 01:21:04'
}
{
  message: '::ffff:127.0.0.1 - - [23/Mar/2026:19:51:04 +0000] "PUT /api/notebooks/69c199a8200c2af7c20eddaf/url HTTP/1.1" 200 74 "-" "-"',
  level: 'info',
  service: 'sync-not-net-api',
  timestamp: '2026-03-24 01:21:04'
}
{
  message: 'User logged in: test-1774295464159-4x516s@example.com',
  level: 'info',
  service: 'sync-not-net-api',
  timestamp: '2026-03-24 01:21:04'
}
{
  message: '::ffff:127.0.0.1 - - [23/Mar/2026:19:51:04 +0000] "POST /api/users/login HTTP/1.1" 200 445 "-" "-"',
  level: 'info',
  service: 'sync-not-net-api',
  timestamp: '2026-03-24 01:21:04'
}
{
  message: 'URL identifier updated for notebook 69c199a8200c2af7c20eddba: nb-1774295464399-4g6f -> unique-url-123',
  level: 'info',
  service: 'sync-not-net-api',
  timestamp: '2026-03-24 01:21:04'
}
{
  message: '::ffff:127.0.0.1 - - [23/Mar/2026:19:51:04 +0000] "PUT /api/notebooks/69c199a8200c2af7c20eddba/url HTTP/1.1" 200 71 "-" "-"',
  level: 'info',
  service: 'sync-not-net-api',
  timestamp: '2026-03-24 01:21:04'
}
{
  message: '::ffff:127.0.0.1 - - [23/Mar/2026:19:51:04 +0000] "PUT /api/notebooks/69c199a8200c2af7c20eddbc/url HTTP/1.1" 400 111 "-" "-"',
  level: 'info',
  service: 'sync-not-net-api',
  timestamp: '2026-03-24 01:21:04'
}
{
  message: 'User logged in: test-1774295464509-4cx232@example.com',
  level: 'info',
  service: 'sync-not-net-api',
  timestamp: '2026-03-24 01:21:04'
}
{
  message: '::ffff:127.0.0.1 - - [23/Mar/2026:19:51:04 +0000] "POST /api/users/login HTTP/1.1" 200 445 "-" "-"',
  level: 'info',
  service: 'sync-not-net-api',
  timestamp: '2026-03-24 01:21:04'
}
{
  message: 'User logged in: test-1774295464732-uge33e@example.com',
  level: 'info',
  service: 'sync-not-net-api',
  timestamp: '2026-03-24 01:21:04'
}
{
  message: '::ffff:127.0.0.1 - - [23/Mar/2026:19:51:04 +0000] "POST /api/users/login HTTP/1.1" 200 445 "-" "-"',
  level: 'info',
  service: 'sync-not-net-api',
  timestamp: '2026-03-24 01:21:04'
}
{
  message: '::ffff:127.0.0.1 - - [23/Mar/2026:19:51:05 +0000] "PUT /api/notebooks/69c199a8200c2af7c20eddce/url HTTP/1.1" 403 71 "-" "-"',
  level: 'info',
  service: 'sync-not-net-api',
  timestamp: '2026-03-24 01:21:05'
}
{
  message: 'User logged in: test-1774295465025-b8pw5q@example.com',
  level: 'info',
  service: 'sync-not-net-api',
  timestamp: '2026-03-24 01:21:05'
}
{
  message: '::ffff:127.0.0.1 - - [23/Mar/2026:19:51:05 +0000] "POST /api/users/login HTTP/1.1" 200 445 "-" "-"',
  level: 'info',
  service: 'sync-not-net-api',
  timestamp: '2026-03-24 01:21:05'
}
{
  message: '::ffff:127.0.0.1 - - [23/Mar/2026:19:51:05 +0000] "POST /api/notebooks/69c199a9200c2af7c20eddd7/favorite HTTP/1.1" 200 50 "-" "-"',
  level: 'info',
  service: 'sync-not-net-api',
  timestamp: '2026-03-24 01:21:05'
}
{
  message: 'User logged in: test-1774295465311-ezxk43@example.com',
  level: 'info',
  service: 'sync-not-net-api',
  timestamp: '2026-03-24 01:21:05'
}
{
  message: '::ffff:127.0.0.1 - - [23/Mar/2026:19:51:05 +0000] "POST /api/users/login HTTP/1.1" 200 445 "-" "-"',
  level: 'info',
  service: 'sync-not-net-api',
  timestamp: '2026-03-24 01:21:05'
}
{
  message: '::ffff:127.0.0.1 - - [23/Mar/2026:19:51:05 +0000] "POST /api/notebooks/69c199a9200c2af7c20edde2/favorite HTTP/1.1" 401 55 "-" "-"',
  level: 'info',
  service: 'sync-not-net-api',
  timestamp: '2026-03-24 01:21:05'
}
{
  message: 'User logged in: test-1774295465585-zihb70@example.com',
  level: 'info',
  service: 'sync-not-net-api',
  timestamp: '2026-03-24 01:21:05'
}
{
  message: '::ffff:127.0.0.1 - - [23/Mar/2026:19:51:05 +0000] "POST /api/users/login HTTP/1.1" 200 445 "-" "-"',
  level: 'info',
  service: 'sync-not-net-api',
  timestamp: '2026-03-24 01:21:05'
}
{
  message: '::ffff:127.0.0.1 - - [23/Mar/2026:19:51:05 +0000] "POST /api/notebooks/69c199a9200c2af7c20edde8/favorite HTTP/1.1" 200 50 "-" "-"',
  level: 'info',
  service: 'sync-not-net-api',
  timestamp: '2026-03-24 01:21:05'
}
{
  message: '::ffff:127.0.0.1 - - [23/Mar/2026:19:51:05 +0000] "GET /api/notebooks/favorites HTTP/1.1" 200 489 "-" "-"',
  level: 'info',
  service: 'sync-not-net-api',
  timestamp: '2026-03-24 01:21:05'
}
{
  message: 'User logged in: test-1774295465930-yqacgd@example.com',
  level: 'info',
  service: 'sync-not-net-api',
  timestamp: '2026-03-24 01:21:06'
}
{
  message: '::ffff:127.0.0.1 - - [23/Mar/2026:19:51:06 +0000] "POST /api/users/login HTTP/1.1" 200 445 "-" "-"',
  level: 'info',
  service: 'sync-not-net-api',
  timestamp: '2026-03-24 01:21:06'
}
{
  message: 'User logged in: test-1774295466160-iw78aq@example.com',
  level: 'info',
  service: 'sync-not-net-api',
  timestamp: '2026-03-24 01:21:06'
}
{
  message: '::ffff:127.0.0.1 - - [23/Mar/2026:19:51:06 +0000] "POST /api/users/login HTTP/1.1" 200 445 "-" "-"',
  level: 'info',
  service: 'sync-not-net-api',
  timestamp: '2026-03-24 01:21:06'
}
{
  message: '::ffff:127.0.0.1 - - [23/Mar/2026:19:51:06 +0000] "GET /api/notebooks/shared HTTP/1.1" 200 103 "-" "-"',
  level: 'info',
  service: 'sync-not-net-api',
  timestamp: '2026-03-24 01:21:06'
}
{
  message: 'User logged in: test-1774295466466-8h1kf3@example.com',
  level: 'info',
  service: 'sync-not-net-api',
  timestamp: '2026-03-24 01:21:06'
}
{
  message: '::ffff:127.0.0.1 - - [23/Mar/2026:19:51:06 +0000] "POST /api/users/login HTTP/1.1" 200 445 "-" "-"',
  level: 'info',
  service: 'sync-not-net-api',
  timestamp: '2026-03-24 01:21:06'
}
{
  message: '::ffff:127.0.0.1 - - [23/Mar/2026:19:51:06 +0000] "POST /api/notebooks/nb-1774295466701-j7cy/register-guest HTTP/1.1" 200 576 "-" "-"',
  level: 'info',
  service: 'sync-not-net-api',
  timestamp: '2026-03-24 01:21:06'
}
{
  message: 'User logged in: test-1774295466744-eoqyuy@example.com',
  level: 'info',
  service: 'sync-not-net-api',
  timestamp: '2026-03-24 01:21:06'
}
{
  message: '::ffff:127.0.0.1 - - [23/Mar/2026:19:51:06 +0000] "POST /api/users/login HTTP/1.1" 200 445 "-" "-"',
  level: 'info',
  service: 'sync-not-net-api',
  timestamp: '2026-03-24 01:21:06'
}
{
  message: '::ffff:127.0.0.1 - - [23/Mar/2026:19:51:06 +0000] "POST /api/notebooks/nb-1774295466974-thhj/register-guest HTTP/1.1" 400 83 "-" "-"',
  level: 'info',
  service: 'sync-not-net-api',
  timestamp: '2026-03-24 01:21:06'
}
{
  message: 'User logged in: test-1774295467009-4kju8y@example.com',
  level: 'info',
  service: 'sync-not-net-api',
  timestamp: '2026-03-24 01:21:07'
}
{
  message: '::ffff:127.0.0.1 - - [23/Mar/2026:19:51:07 +0000] "POST /api/users/login HTTP/1.1" 200 445 "-" "-"',
  level: 'info',
  service: 'sync-not-net-api',
  timestamp: '2026-03-24 01:21:07'
}
{
  message: '::ffff:127.0.0.1 - - [23/Mar/2026:19:51:07 +0000] "POST /api/notebooks/nb-1774295467254-o5wy/register-guest HTTP/1.1" 200 331 "-" "-"',
  level: 'info',
  service: 'sync-not-net-api',
  timestamp: '2026-03-24 01:21:07'
}
{
  message: 'Running without Redis in development mode',
  level: 'info',
  service: 'sync-not-net-api',
  timestamp: '2026-03-24 01:21:08'
}
{
  message: 'MongoDB Connected successfully',
  level: 'info',
  service: 'sync-not-net-api',
  timestamp: '2026-03-24 01:21:08'
}
{
  message: 'User logged in: user-1774295468523-fc0bf9@example.com',
  level: 'info',
  service: 'sync-not-net-api',
  timestamp: '2026-03-24 01:21:08'
}
{
  message: '::ffff:127.0.0.1 - - [23/Mar/2026:19:51:08 +0000] "POST /api/users/login HTTP/1.1" 200 445 "-" "-"',
  level: 'info',
  service: 'sync-not-net-api',
  timestamp: '2026-03-24 01:21:08'
}
{
  message: '::ffff:127.0.0.1 - - [23/Mar/2026:19:51:08 +0000] "GET /api/notebooks/69c199ac22d6dea98d235510/versions HTTP/1.1" 200 546 "-" "-"',
  level: 'info',
  service: 'sync-not-net-api',
  timestamp: '2026-03-24 01:21:08'
}
{
  message: 'User logged in: user-1774295468898-6m4oi9@example.com',
  level: 'info',
  service: 'sync-not-net-api',
  timestamp: '2026-03-24 01:21:09'
}
{
  message: '::ffff:127.0.0.1 - - [23/Mar/2026:19:51:09 +0000] "POST /api/users/login HTTP/1.1" 200 445 "-" "-"',
  level: 'info',
  service: 'sync-not-net-api',
  timestamp: '2026-03-24 01:21:09'
}
{
  message: '::ffff:127.0.0.1 - - [23/Mar/2026:19:51:09 +0000] "GET /api/notebooks/69c199ad22d6dea98d235520/versions HTTP/1.1" 401 55 "-" "-"',
  level: 'info',
  service: 'sync-not-net-api',
  timestamp: '2026-03-24 01:21:09'
}
{
  message: 'User logged in: user-1774295469169-g5m4vw@example.com',
  level: 'info',
  service: 'sync-not-net-api',
  timestamp: '2026-03-24 01:21:09'
}
{
  message: '::ffff:127.0.0.1 - - [23/Mar/2026:19:51:09 +0000] "POST /api/users/login HTTP/1.1" 200 445 "-" "-"',
  level: 'info',
  service: 'sync-not-net-api',
  timestamp: '2026-03-24 01:21:09'
}
{
  message: '::ffff:127.0.0.1 - - [23/Mar/2026:19:51:09 +0000] "GET /api/notebooks/69c199ad22d6dea98d235527/versions HTTP/1.1" 404 95 "-" "-"',
  level: 'info',
  service: 'sync-not-net-api',
  timestamp: '2026-03-24 01:21:09'
}
{
  message: 'User logged in: user-1774295469440-sdsuox@example.com',
  level: 'info',
  service: 'sync-not-net-api',
  timestamp: '2026-03-24 01:21:09'
}
{
  message: '::ffff:127.0.0.1 - - [23/Mar/2026:19:51:09 +0000] "POST /api/users/login HTTP/1.1" 200 445 "-" "-"',
  level: 'info',
  service: 'sync-not-net-api',
  timestamp: '2026-03-24 01:21:09'
}
{
  message: 'User logged in: user-1774295469672-q4xn6y@example.com',
  level: 'info',
  service: 'sync-not-net-api',
  timestamp: '2026-03-24 01:21:09'
}
{
  message: '::ffff:127.0.0.1 - - [23/Mar/2026:19:51:09 +0000] "POST /api/users/login HTTP/1.1" 200 445 "-" "-"',
  level: 'info',
  service: 'sync-not-net-api',
  timestamp: '2026-03-24 01:21:09'
}
{
  message: '::ffff:127.0.0.1 - - [23/Mar/2026:19:51:09 +0000] "GET /api/notebooks/69c199ad22d6dea98d235533/versions HTTP/1.1" 403 88 "-" "-"',
  level: 'info',
  service: 'sync-not-net-api',
  timestamp: '2026-03-24 01:21:09'
}
{
  message: 'User logged in: user-1774295469942-bp2mx7@example.com',
  level: 'info',
  service: 'sync-not-net-api',
  timestamp: '2026-03-24 01:21:10'
}
{
  message: '::ffff:127.0.0.1 - - [23/Mar/2026:19:51:10 +0000] "POST /api/users/login HTTP/1.1" 200 445 "-" "-"',
  level: 'info',
  service: 'sync-not-net-api',
  timestamp: '2026-03-24 01:21:10'
}
{
  message: 'User logged in: user-1774295470174-c3gyvz@example.com',
  level: 'info',
  service: 'sync-not-net-api',
  timestamp: '2026-03-24 01:21:10'
}
{
  message: '::ffff:127.0.0.1 - - [23/Mar/2026:19:51:10 +0000] "POST /api/users/login HTTP/1.1" 200 445 "-" "-"',
  level: 'info',
  service: 'sync-not-net-api',
  timestamp: '2026-03-24 01:21:10'
}
{
  message: '::ffff:127.0.0.1 - - [23/Mar/2026:19:51:10 +0000] "GET /api/notebooks/69c199ae22d6dea98d235540/versions HTTP/1.1" 200 280 "-" "-"',
  level: 'info',
  service: 'sync-not-net-api',
  timestamp: '2026-03-24 01:21:10'
}
{
  message: 'User logged in: user-1774295470472-h6ewa0@example.com',
  level: 'info',
  service: 'sync-not-net-api',
  timestamp: '2026-03-24 01:21:10'
}
{
  message: '::ffff:127.0.0.1 - - [23/Mar/2026:19:51:10 +0000] "POST /api/users/login HTTP/1.1" 200 445 "-" "-"',
  level: 'info',
  service: 'sync-not-net-api',
  timestamp: '2026-03-24 01:21:10'
}
{
  message: 'User logged in: user-1774295470693-9bdxl3@example.com',
  level: 'info',
  service: 'sync-not-net-api',
  timestamp: '2026-03-24 01:21:10'
}
{
  message: '::ffff:127.0.0.1 - - [23/Mar/2026:19:51:10 +0000] "POST /api/users/login HTTP/1.1" 200 445 "-" "-"',
  level: 'info',
  service: 'sync-not-net-api',
  timestamp: '2026-03-24 01:21:10'
}
{
  message: '::ffff:127.0.0.1 - - [23/Mar/2026:19:51:10 +0000] "GET /api/notebooks/69c199ae22d6dea98d235553/versions HTTP/1.1" 200 280 "-" "-"',
  level: 'info',
  service: 'sync-not-net-api',
  timestamp: '2026-03-24 01:21:10'
}
{
  message: 'User logged in: user-1774295471019-caukga@example.com',
  level: 'info',
  service: 'sync-not-net-api',
  timestamp: '2026-03-24 01:21:11'
}
{
  message: '::ffff:127.0.0.1 - - [23/Mar/2026:19:51:11 +0000] "POST /api/users/login HTTP/1.1" 200 445 "-" "-"',
  level: 'info',
  service: 'sync-not-net-api',
  timestamp: '2026-03-24 01:21:11'
}
{
  message: '::ffff:127.0.0.1 - - [23/Mar/2026:19:51:11 +0000] "GET /api/notebooks/69c199af22d6dea98d235561/versions HTTP/1.1" 200 546 "-" "-"',
  level: 'info',
  service: 'sync-not-net-api',
  timestamp: '2026-03-24 01:21:11'
}
{
  message: 'User logged in: user-1774295471433-wyx5w0@example.com',
  level: 'info',
  service: 'sync-not-net-api',
  timestamp: '2026-03-24 01:21:11'
}
{
  message: '::ffff:127.0.0.1 - - [23/Mar/2026:19:51:11 +0000] "POST /api/users/login HTTP/1.1" 200 445 "-" "-"',
  level: 'info',
  service: 'sync-not-net-api',
  timestamp: '2026-03-24 01:21:11'
}
{
  message: '::ffff:127.0.0.1 - - [23/Mar/2026:19:51:11 +0000] "GET /api/notebooks/69c199af22d6dea98d235571/versions HTTP/1.1" 200 15 "-" "-"',
  level: 'info',
  service: 'sync-not-net-api',
  timestamp: '2026-03-24 01:21:11'
}
{
  message: 'User logged in: user-1774295471711-04v0xh@example.com',
  level: 'info',
  service: 'sync-not-net-api',
  timestamp: '2026-03-24 01:21:11'
}
{
  message: '::ffff:127.0.0.1 - - [23/Mar/2026:19:51:11 +0000] "POST /api/users/login HTTP/1.1" 200 445 "-" "-"',
  level: 'info',
  service: 'sync-not-net-api',
  timestamp: '2026-03-24 01:21:11'
}
{
  message: '::ffff:127.0.0.1 - - [23/Mar/2026:19:51:12 +0000] "GET /api/notebooks/69c199af22d6dea98d23557c/versions/69c199af22d6dea98d23557e HTTP/1.1" 200 202 "-" "-"',
  level: 'info',
  service: 'sync-not-net-api',
  timestamp: '2026-03-24 01:21:12'
}
{
  message: 'User logged in: user-1774295472027-jawa5u@example.com',
  level: 'info',
  service: 'sync-not-net-api',
  timestamp: '2026-03-24 01:21:12'
}
{
  message: '::ffff:127.0.0.1 - - [23/Mar/2026:19:51:12 +0000] "POST /api/users/login HTTP/1.1" 200 445 "-" "-"',
  level: 'info',
  service: 'sync-not-net-api',
  timestamp: '2026-03-24 01:21:12'
}
{
  message: '::ffff:127.0.0.1 - - [23/Mar/2026:19:51:12 +0000] "GET /api/notebooks/69c199b022d6dea98d235589/versions/69c199b022d6dea98d23558b HTTP/1.1" 401 55 "-" "-"',
  level: 'info',
  service: 'sync-not-net-api',
  timestamp: '2026-03-24 01:21:12'
}
{
  message: 'User logged in: user-1774295472288-y016j1@example.com',
  level: 'info',
  service: 'sync-not-net-api',
  timestamp: '2026-03-24 01:21:12'
}
{
  message: '::ffff:127.0.0.1 - - [23/Mar/2026:19:51:12 +0000] "POST /api/users/login HTTP/1.1" 200 445 "-" "-"',
  level: 'info',
  service: 'sync-not-net-api',
  timestamp: '2026-03-24 01:21:12'
}
{
  message: '::ffff:127.0.0.1 - - [23/Mar/2026:19:51:12 +0000] "GET /api/notebooks/69c199b022d6dea98d235596/versions/69c199b022d6dea98d235594 HTTP/1.1" 404 52 "-" "-"',
  level: 'info',
  service: 'sync-not-net-api',
  timestamp: '2026-03-24 01:21:12'
}
{
  message: 'User logged in: user-1774295472571-lqb3yl@example.com',
  level: 'info',
  service: 'sync-not-net-api',
  timestamp: '2026-03-24 01:21:12'
}
{
  message: '::ffff:127.0.0.1 - - [23/Mar/2026:19:51:12 +0000] "POST /api/users/login HTTP/1.1" 200 445 "-" "-"',
  level: 'info',
  service: 'sync-not-net-api',
  timestamp: '2026-03-24 01:21:12'
}
{
  message: '::ffff:127.0.0.1 - - [23/Mar/2026:19:51:12 +0000] "GET /api/notebooks/69c199b022d6dea98d23559f/versions/69c199b022d6dea98d2355a1 HTTP/1.1" 404 51 "-" "-"',
  level: 'info',
  service: 'sync-not-net-api',
  timestamp: '2026-03-24 01:21:12'
}
{
  message: 'User logged in: user-1774295472856-cat2e8@example.com',
  level: 'info',
  service: 'sync-not-net-api',
  timestamp: '2026-03-24 01:21:13'
}
{
  message: '::ffff:127.0.0.1 - - [23/Mar/2026:19:51:13 +0000] "POST /api/users/login HTTP/1.1" 200 445 "-" "-"',
  level: 'info',
  service: 'sync-not-net-api',
  timestamp: '2026-03-24 01:21:13'
}
{
  message: '::ffff:127.0.0.1 - - [23/Mar/2026:19:51:13 +0000] "GET /api/notebooks/69c199b122d6dea98d2355ab/versions/69c199b122d6dea98d2355af HTTP/1.1" 404 51 "-" "-"',
  level: 'info',
  service: 'sync-not-net-api',
  timestamp: '2026-03-24 01:21:13'
}
{
  message: 'User logged in: user-1774295473158-4m1ebf@example.com',
  level: 'info',
  service: 'sync-not-net-api',
  timestamp: '2026-03-24 01:21:13'
}
{
  message: '::ffff:127.0.0.1 - - [23/Mar/2026:19:51:13 +0000] "POST /api/users/login HTTP/1.1" 200 445 "-" "-"',
  level: 'info',
  service: 'sync-not-net-api',
  timestamp: '2026-03-24 01:21:13'
}
{
  message: 'User logged in: user-1774295473394-ibxnb2@example.com',
  level: 'info',
  service: 'sync-not-net-api',
  timestamp: '2026-03-24 01:21:13'
}
{
  message: '::ffff:127.0.0.1 - - [23/Mar/2026:19:51:13 +0000] "POST /api/users/login HTTP/1.1" 200 445 "-" "-"',
  level: 'info',
  service: 'sync-not-net-api',
  timestamp: '2026-03-24 01:21:13'
}
{
  message: '::ffff:127.0.0.1 - - [23/Mar/2026:19:51:13 +0000] "GET /api/notebooks/69c199b122d6dea98d2355bd/versions/69c199b122d6dea98d2355bf HTTP/1.1" 403 81 "-" "-"',
  level: 'info',
  service: 'sync-not-net-api',
  timestamp: '2026-03-24 01:21:13'
}
{
  message: 'User logged in: user-1774295473697-20tylg@example.com',
  level: 'info',
  service: 'sync-not-net-api',
  timestamp: '2026-03-24 01:21:13'
}
{
  message: '::ffff:127.0.0.1 - - [23/Mar/2026:19:51:13 +0000] "POST /api/users/login HTTP/1.1" 200 445 "-" "-"',
  level: 'info',
  service: 'sync-not-net-api',
  timestamp: '2026-03-24 01:21:13'
}
{
  message: 'User logged in: user-1774295473931-uo2j49@example.com',
  level: 'info',
  service: 'sync-not-net-api',
  timestamp: '2026-03-24 01:21:14'
}
{
  message: '::ffff:127.0.0.1 - - [23/Mar/2026:19:51:14 +0000] "POST /api/users/login HTTP/1.1" 200 445 "-" "-"',
  level: 'info',
  service: 'sync-not-net-api',
  timestamp: '2026-03-24 01:21:14'
}
{
  message: '::ffff:127.0.0.1 - - [23/Mar/2026:19:51:14 +0000] "GET /api/notebooks/69c199b222d6dea98d2355cc/versions/69c199b222d6dea98d2355cf HTTP/1.1" 200 202 "-" "-"',
  level: 'info',
  service: 'sync-not-net-api',
  timestamp: '2026-03-24 01:21:14'
}
{
  message: 'User logged in: user-1774295474251-k6qc9p@example.com',
  level: 'info',
  service: 'sync-not-net-api',
  timestamp: '2026-03-24 01:21:14'
}
{
  message: '::ffff:127.0.0.1 - - [23/Mar/2026:19:51:14 +0000] "POST /api/users/login HTTP/1.1" 200 445 "-" "-"',
  level: 'info',
  service: 'sync-not-net-api',
  timestamp: '2026-03-24 01:21:14'
}
{
  message: '::ffff:127.0.0.1 - - [23/Mar/2026:19:51:14 +0000] "POST /api/notebooks/69c199b222d6dea98d2355db/versions/69c199b222d6dea98d2355dd/restore HTTP/1.1" 200 75 "-" "-"',
  level: 'info',
  service: 'sync-not-net-api',
  timestamp: '2026-03-24 01:21:14'
}
{
  message: 'User logged in: user-1774295474552-pphq75@example.com',
  level: 'info',
  service: 'sync-not-net-api',
  timestamp: '2026-03-24 01:21:14'
}
{
  message: '::ffff:127.0.0.1 - - [23/Mar/2026:19:51:14 +0000] "POST /api/users/login HTTP/1.1" 200 445 "-" "-"',
  level: 'info',
  service: 'sync-not-net-api',
  timestamp: '2026-03-24 01:21:14'
}
{
  message: '::ffff:127.0.0.1 - - [23/Mar/2026:19:51:14 +0000] "POST /api/notebooks/69c199b222d6dea98d2355eb/versions/69c199b222d6dea98d2355ed/restore HTTP/1.1" 401 55 "-" "-"',
  level: 'info',
  service: 'sync-not-net-api',
  timestamp: '2026-03-24 01:21:14'
}
{
  message: 'User logged in: user-1774295474843-2vguwf@example.com',
  level: 'info',
  service: 'sync-not-net-api',
  timestamp: '2026-03-24 01:21:15'
}
{
  message: '::ffff:127.0.0.1 - - [23/Mar/2026:19:51:15 +0000] "POST /api/users/login HTTP/1.1" 200 445 "-" "-"',
  level: 'info',
  service: 'sync-not-net-api',
  timestamp: '2026-03-24 01:21:15'
}
{
  message: 'User logged in: user-1774295475068-g29x6y@example.com',
  level: 'info',
  service: 'sync-not-net-api',
  timestamp: '2026-03-24 01:21:15'
}
{
  message: '::ffff:127.0.0.1 - - [23/Mar/2026:19:51:15 +0000] "POST /api/users/login HTTP/1.1" 200 445 "-" "-"',
  level: 'info',
  service: 'sync-not-net-api',
  timestamp: '2026-03-24 01:21:15'
}
{
  message: '::ffff:127.0.0.1 - - [23/Mar/2026:19:51:15 +0000] "POST /api/notebooks/69c199b322d6dea98d2355f7/versions/69c199b322d6dea98d2355fa/restore HTTP/1.1" 403 78 "-" "-"',
  level: 'info',
  service: 'sync-not-net-api',
  timestamp: '2026-03-24 01:21:15'
}
{
  message: 'User logged in: user-1774295475362-all0eb@example.com',
  level: 'info',
  service: 'sync-not-net-api',
  timestamp: '2026-03-24 01:21:15'
}
{
  message: '::ffff:127.0.0.1 - - [23/Mar/2026:19:51:15 +0000] "POST /api/users/login HTTP/1.1" 200 445 "-" "-"',
  level: 'info',
  service: 'sync-not-net-api',
  timestamp: '2026-03-24 01:21:15'
}
{
  message: '::ffff:127.0.0.1 - - [23/Mar/2026:19:51:15 +0000] "POST /api/notebooks/69c199b322d6dea98d235609/versions/69c199b322d6dea98d235607/restore HTTP/1.1" 404 52 "-" "-"',
  level: 'info',
  service: 'sync-not-net-api',
  timestamp: '2026-03-24 01:21:15'
}
{
  message: 'User logged in: user-1774295475645-44wa7t@example.com',
  level: 'info',
  service: 'sync-not-net-api',
  timestamp: '2026-03-24 01:21:15'
}
{
  message: '::ffff:127.0.0.1 - - [23/Mar/2026:19:51:15 +0000] "POST /api/users/login HTTP/1.1" 200 445 "-" "-"',
  level: 'info',
  service: 'sync-not-net-api',
  timestamp: '2026-03-24 01:21:15'
}
{
  message: '::ffff:127.0.0.1 - - [23/Mar/2026:19:51:15 +0000] "POST /api/notebooks/69c199b322d6dea98d235612/versions/69c199b322d6dea98d235614/restore HTTP/1.1" 404 51 "-" "-"',
  level: 'info',
  service: 'sync-not-net-api',
  timestamp: '2026-03-24 01:21:15'
}
{
  message: 'User logged in: user-1774295475943-tfwdde@example.com',
  level: 'info',
  service: 'sync-not-net-api',
  timestamp: '2026-03-24 01:21:16'
}
{
  message: '::ffff:127.0.0.1 - - [23/Mar/2026:19:51:16 +0000] "POST /api/users/login HTTP/1.1" 200 445 "-" "-"',
  level: 'info',
  service: 'sync-not-net-api',
  timestamp: '2026-03-24 01:21:16'
}
{
  message: '::ffff:127.0.0.1 - - [23/Mar/2026:19:51:16 +0000] "POST /api/notebooks/69c199b422d6dea98d23561e/versions/69c199b422d6dea98d235622/restore HTTP/1.1" 404 51 "-" "-"',
  level: 'info',
  service: 'sync-not-net-api',
  timestamp: '2026-03-24 01:21:16'
}
{
  message: 'User logged in: user-1774295476263-vjn35x@example.com',
  level: 'info',
  service: 'sync-not-net-api',
  timestamp: '2026-03-24 01:21:16'
}
{
  message: '::ffff:127.0.0.1 - - [23/Mar/2026:19:51:16 +0000] "POST /api/users/login HTTP/1.1" 200 445 "-" "-"',
  level: 'info',
  service: 'sync-not-net-api',
  timestamp: '2026-03-24 01:21:16'
}
{
  message: '::ffff:127.0.0.1 - - [23/Mar/2026:19:51:16 +0000] "POST /api/notebooks/69c199b422d6dea98d23562d/versions/69c199b422d6dea98d23562f/restore HTTP/1.1" 200 75 "-" "-"',
  level: 'info',
  service: 'sync-not-net-api',
  timestamp: '2026-03-24 01:21:16'
}
{
  message: 'User logged in: user-1774295476562-yb7vnt@example.com',
  level: 'info',
  service: 'sync-not-net-api',
  timestamp: '2026-03-24 01:21:16'
}
{
  message: '::ffff:127.0.0.1 - - [23/Mar/2026:19:51:16 +0000] "POST /api/users/login HTTP/1.1" 200 445 "-" "-"',
  level: 'info',
  service: 'sync-not-net-api',
  timestamp: '2026-03-24 01:21:16'
}
{
  message: '::ffff:127.0.0.1 - - [23/Mar/2026:19:51:16 +0000] "POST /api/notebooks/69c199b422d6dea98d23563e/versions/69c199b422d6dea98d235640/restore HTTP/1.1" 200 75 "-" "-"',
  level: 'info',
  service: 'sync-not-net-api',
  timestamp: '2026-03-24 01:21:16'
}
{
  message: 'User logged in: user-1774295476870-k97z1t@example.com',
  level: 'info',
  service: 'sync-not-net-api',
  timestamp: '2026-03-24 01:21:17'
}
{
  message: '::ffff:127.0.0.1 - - [23/Mar/2026:19:51:17 +0000] "POST /api/users/login HTTP/1.1" 200 445 "-" "-"',
  level: 'info',
  service: 'sync-not-net-api',
  timestamp: '2026-03-24 01:21:17'
}
{
  message: '::ffff:127.0.0.1 - - [23/Mar/2026:19:51:17 +0000] "POST /api/notebooks/69c199b522d6dea98d23564e/versions/69c199b522d6dea98d235650/restore HTTP/1.1" 200 75 "-" "-"',
  level: 'info',
  service: 'sync-not-net-api',
  timestamp: '2026-03-24 01:21:17'
}
{
  message: 'User logged in: user-1774295477196-ftr4mx@example.com',
  level: 'info',
  service: 'sync-not-net-api',
  timestamp: '2026-03-24 01:21:17'
}
{
  message: '::ffff:127.0.0.1 - - [23/Mar/2026:19:51:17 +0000] "POST /api/users/login HTTP/1.1" 200 445 "-" "-"',
  level: 'info',
  service: 'sync-not-net-api',
  timestamp: '2026-03-24 01:21:17'
}
{
  service: 'sync-not-net-api',
  stringValue: '"invalid-id"',
  messageFormat: undefined,
  kind: 'ObjectId',
  value: 'invalid-id',
  path: '_id',
  reason: BSONError: input must be a 24 character hex string, 12 byte Uint8Array, or an integer
      at new ObjectId (D:\Github_Repos\Sync-Not-Net\api\node_modules\bson\src\objectid.ts:120:15)
      at castObjectId (D:\Github_Repos\Sync-Not-Net\api\node_modules\mongoose\lib\cast\objectid.js:25:12)
      at SchemaObjectId.cast (D:\Github_Repos\Sync-Not-Net\api\node_modules\mongoose\lib\schema\objectId.js:249:12)
      at SchemaObjectId.SchemaType.applySetters (D:\Github_Repos\Sync-Not-Net\api\node_modules\mongoose\lib\schemaType.js:1255:12)
      at SchemaObjectId.SchemaType.castForQuery (D:\Github_Repos\Sync-Not-Net\api\node_modules\mongoose\lib\schemaType.js:1673:17)
      at cast (D:\Github_Repos\Sync-Not-Net\api\node_modules\mongoose\lib\cast.js:390:32)
      at model.Query.Query.cast (D:\Github_Repos\Sync-Not-Net\api\node_modules\mongoose\lib\query.js:5055:12)
      at model.Query.Query._castConditions (D:\Github_Repos\Sync-Not-Net\api\node_modules\mongoose\lib\query.js:2351:10)
      at model.Query._findOne (D:\Github_Repos\Sync-Not-Net\api\node_modules\mongoose\lib\query.js:2674:8)
      at model.Query.exec (D:\Github_Repos\Sync-Not-Net\api\node_modules\mongoose\lib\query.js:4604:80)
      at processTicksAndRejections (node:internal/process/task_queues:105:5)
      at D:\Github_Repos\Sync-Not-Net\api\routes\notebookRoutes.js:1813:22,
  valueType: 'string',
  level: 'error',
  message: 'Error fetching version history: Cast to ObjectId failed for value "invalid-id" (type string) at path "_id" for model "Notebook"',
  stack: 'CastError: Cast to ObjectId failed for value "invalid-id" (type string) at path "_id" for model "Notebook"\n' +
    '    at SchemaObjectId.cast (D:\\Github_Repos\\Sync-Not-Net\\api\\node_modules\\mongoose\\lib\\schema\\objectId.js:251:11)\n' +
    '    at SchemaObjectId.SchemaType.applySetters (D:\\Github_Repos\\Sync-Not-Net\\api\\node_modules\\mongoose\\lib\\schemaType.js:1255:12)\n' +
    '    at SchemaObjectId.SchemaType.castForQuery (D:\\Github_Repos\\Sync-Not-Net\\api\\node_modules\\mongoose\\lib\\schemaType.js:1673:17)\n' +
    '    at cast (D:\\Github_Repos\\Sync-Not-Net\\api\\node_modules\\mongoose\\lib\\cast.js:390:32)\n' +
    '    at model.Query.Query.cast (D:\\Github_Repos\\Sync-Not-Net\\api\\node_modules\\mongoose\\lib\\query.js:5055:12)\n' +
    '    at model.Query.Query._castConditions (D:\\Github_Repos\\Sync-Not-Net\\api\\node_modules\\mongoose\\lib\\query.js:2351:10)\n' +
    '    at model.Query._findOne (D:\\Github_Repos\\Sync-Not-Net\\api\\node_modules\\mongoose\\lib\\query.js:2674:8)\n' +
    '    at model.Query.exec (D:\\Github_Repos\\Sync-Not-Net\\api\\node_modules\\mongoose\\lib\\query.js:4604:80)\n' +
    '    at processTicksAndRejections (node:internal/process/task_queues:105:5)\n' +
    '    at D:\\Github_Repos\\Sync-Not-Net\\api\\routes\\notebookRoutes.js:1813:22',
  timestamp: '2026-03-24 01:21:17'
}
{
  message: '::ffff:127.0.0.1 - - [23/Mar/2026:19:51:17 +0000] "GET /api/notebooks/invalid-id/versions HTTP/1.1" 500 68 "-" "-"',
  level: 'info',
  service: 'sync-not-net-api',
  timestamp: '2026-03-24 01:21:17'
}
{
  message: 'User logged in: user-1774295477557-yet41w@example.com',
  level: 'info',
  service: 'sync-not-net-api',
  timestamp: '2026-03-24 01:21:17'
}
{
  message: '::ffff:127.0.0.1 - - [23/Mar/2026:19:51:17 +0000] "POST /api/users/login HTTP/1.1" 200 445 "-" "-"',
  level: 'info',
  service: 'sync-not-net-api',
  timestamp: '2026-03-24 01:21:17'
}
{
  service: 'sync-not-net-api',
  stringValue: '"invalid-id"',
  messageFormat: undefined,
  kind: 'ObjectId',
  value: 'invalid-id',
  path: '_id',
  reason: BSONError: input must be a 24 character hex string, 12 byte Uint8Array, or an integer
      at new ObjectId (D:\Github_Repos\Sync-Not-Net\api\node_modules\bson\src\objectid.ts:120:15)
      at castObjectId (D:\Github_Repos\Sync-Not-Net\api\node_modules\mongoose\lib\cast\objectid.js:25:12)
      at SchemaObjectId.cast (D:\Github_Repos\Sync-Not-Net\api\node_modules\mongoose\lib\schema\objectId.js:249:12)
      at SchemaObjectId.SchemaType.applySetters (D:\Github_Repos\Sync-Not-Net\api\node_modules\mongoose\lib\schemaType.js:1255:12)
      at SchemaObjectId.SchemaType.castForQuery (D:\Github_Repos\Sync-Not-Net\api\node_modules\mongoose\lib\schemaType.js:1673:17)
      at cast (D:\Github_Repos\Sync-Not-Net\api\node_modules\mongoose\lib\cast.js:390:32)
      at model.Query.Query.cast (D:\Github_Repos\Sync-Not-Net\api\node_modules\mongoose\lib\query.js:5055:12)
      at model.Query.Query._castConditions (D:\Github_Repos\Sync-Not-Net\api\node_modules\mongoose\lib\query.js:2351:10)
      at model.Query._findOne (D:\Github_Repos\Sync-Not-Net\api\node_modules\mongoose\lib\query.js:2674:8)
      at model.Query.exec (D:\Github_Repos\Sync-Not-Net\api\node_modules\mongoose\lib\query.js:4604:80)
      at processTicksAndRejections (node:internal/process/task_queues:105:5)
      at D:\Github_Repos\Sync-Not-Net\api\routes\notebookRoutes.js:1881:21,
  valueType: 'string',
  level: 'error',
  message: 'Error fetching version: Cast to ObjectId failed for value "invalid-id" (type string) at path "_id" for model "NotebookVersion"',
  stack: 'CastError: Cast to ObjectId failed for value "invalid-id" (type string) at path "_id" for model "NotebookVersion"\n' +
    '    at SchemaObjectId.cast (D:\\Github_Repos\\Sync-Not-Net\\api\\node_modules\\mongoose\\lib\\schema\\objectId.js:251:11)\n' +
    '    at SchemaObjectId.SchemaType.applySetters (D:\\Github_Repos\\Sync-Not-Net\\api\\node_modules\\mongoose\\lib\\schemaType.js:1255:12)\n' +
    '    at SchemaObjectId.SchemaType.castForQuery (D:\\Github_Repos\\Sync-Not-Net\\api\\node_modules\\mongoose\\lib\\schemaType.js:1673:17)\n' +
    '    at cast (D:\\Github_Repos\\Sync-Not-Net\\api\\node_modules\\mongoose\\lib\\cast.js:390:32)\n' +
    '    at model.Query.Query.cast (D:\\Github_Repos\\Sync-Not-Net\\api\\node_modules\\mongoose\\lib\\query.js:5055:12)\n' +
    '    at model.Query.Query._castConditions (D:\\Github_Repos\\Sync-Not-Net\\api\\node_modules\\mongoose\\lib\\query.js:2351:10)\n' +
    '    at model.Query._findOne (D:\\Github_Repos\\Sync-Not-Net\\api\\node_modules\\mongoose\\lib\\query.js:2674:8)\n' +
    '    at model.Query.exec (D:\\Github_Repos\\Sync-Not-Net\\api\\node_modules\\mongoose\\lib\\query.js:4604:80)\n' +
    '    at processTicksAndRejections (node:internal/process/task_queues:105:5)\n' +
    '    at D:\\Github_Repos\\Sync-Not-Net\\api\\routes\\notebookRoutes.js:1881:21',
  timestamp: '2026-03-24 01:21:17'
}
{
  message: '::ffff:127.0.0.1 - - [23/Mar/2026:19:51:17 +0000] "GET /api/notebooks/69c199b522d6dea98d235666/versions/invalid-id HTTP/1.1" 500 60 "-" "-"',
  level: 'info',
  service: 'sync-not-net-api',
  timestamp: '2026-03-24 01:21:17'
}
{
  message: 'User logged in: user-1774295477837-m3p0av@example.com',
  level: 'info',
  service: 'sync-not-net-api',
  timestamp: '2026-03-24 01:21:18'
}
{
  message: '::ffff:127.0.0.1 - - [23/Mar/2026:19:51:18 +0000] "POST /api/users/login HTTP/1.1" 200 445 "-" "-"',
  level: 'info',
  service: 'sync-not-net-api',
  timestamp: '2026-03-24 01:21:18'
}
{
  message: '::ffff:127.0.0.1 - - [23/Mar/2026:19:51:18 +0000] "GET /api/notebooks/69c199b622d6dea98d235670/versions HTTP/1.1" 200 1000260 "-" "-"',
  level: 'info',
  service: 'sync-not-net-api',
  timestamp: '2026-03-24 01:21:18'
}
{
  message: 'User logged in: user-1774295478220-0jqanl@example.com',
  level: 'info',
  service: 'sync-not-net-api',
  timestamp: '2026-03-24 01:21:18'
}
{
  message: '::ffff:127.0.0.1 - - [23/Mar/2026:19:51:18 +0000] "POST /api/users/login HTTP/1.1" 200 445 "-" "-"',
  level: 'info',
  service: 'sync-not-net-api',
  timestamp: '2026-03-24 01:21:18'
}
{
  message: '::ffff:127.0.0.1 - - [23/Mar/2026:19:51:18 +0000] "POST /api/notebooks/69c199b622d6dea98d23567e/versions/69c199b622d6dea98d235680/restore HTTP/1.1" 200 75 "-" "-"',
  level: 'info',
  service: 'sync-not-net-api',
  timestamp: '2026-03-24 01:21:18'
}
{
  message: '::ffff:127.0.0.1 - - [23/Mar/2026:19:51:18 +0000] "POST /api/notebooks/69c199b622d6dea98d23567e/versions/69c199b622d6dea98d235680/restore HTTP/1.1" 200 75 "-" "-"',
  level: 'info',
  service: 'sync-not-net-api',
  timestamp: '2026-03-24 01:21:18'
}
{
  message: '::ffff:127.0.0.1 - - [23/Mar/2026:19:51:18 +0000] "POST /api/notebooks/69c199b622d6dea98d23567e/versions/69c199b622d6dea98d235680/restore HTTP/1.1" 200 75 "-" "-"',
  level: 'info',
  service: 'sync-not-net-api',
  timestamp: '2026-03-24 01:21:18'
}
{
  message: '::ffff:127.0.0.1 - - [23/Mar/2026:19:51:18 +0000] "POST /api/notebooks/69c199b622d6dea98d23567e/versions/69c199b622d6dea98d235680/restore HTTP/1.1" 200 75 "-" "-"',
  level: 'info',
  service: 'sync-not-net-api',
  timestamp: '2026-03-24 01:21:18'
}
{
  message: '::ffff:127.0.0.1 - - [23/Mar/2026:19:51:18 +0000] "POST /api/notebooks/69c199b622d6dea98d23567e/versions/69c199b622d6dea98d235680/restore HTTP/1.1" 200 75 "-" "-"',
  level: 'info',
  service: 'sync-not-net-api',
  timestamp: '2026-03-24 01:21:18'
}
{
  message: 'User logged in: user-1774295478768-zhlznr@example.com',
  level: 'info',
  service: 'sync-not-net-api',
  timestamp: '2026-03-24 01:21:18'
}
{
  message: '::ffff:127.0.0.1 - - [23/Mar/2026:19:51:18 +0000] "POST /api/users/login HTTP/1.1" 200 445 "-" "-"',
  level: 'info',
  service: 'sync-not-net-api',
  timestamp: '2026-03-24 01:21:18'
}
{
  message: '::ffff:127.0.0.1 - - [23/Mar/2026:19:51:19 +0000] "GET /api/notebooks/69c199b722d6dea98d2356aa/versions/69c199b722d6dea98d2356ac HTTP/1.1" 200 174 "-" "-"',
  level: 'info',
  service: 'sync-not-net-api',
  timestamp: '2026-03-24 01:21:19'
}
{
  message: 'User logged in: user-1774295479085-10srjp@example.com',
  level: 'info',
  service: 'sync-not-net-api',
  timestamp: '2026-03-24 01:21:19'
}
{
  message: '::ffff:127.0.0.1 - - [23/Mar/2026:19:51:19 +0000] "POST /api/users/login HTTP/1.1" 200 445 "-" "-"',
  level: 'info',
  service: 'sync-not-net-api',
  timestamp: '2026-03-24 01:21:19'
}
{
  message: '::ffff:127.0.0.1 - - [23/Mar/2026:19:51:19 +0000] "GET /api/notebooks/69c199b722d6dea98d2356b7/versions HTTP/1.1" 200 298 "-" "-"',
  level: 'info',
  service: 'sync-not-net-api',
  timestamp: '2026-03-24 01:21:19'
}
{
  message: 'Running without Redis in development mode',
  level: 'info',
  service: 'sync-not-net-api',
  timestamp: '2026-03-24 01:21:19'
}
{
  message: 'MongoDB Connected successfully',
  level: 'info',
  service: 'sync-not-net-api',
  timestamp: '2026-03-24 01:21:20'
}
{
  message: 'User logged in: user-1774295480134-tu5vjx@example.com',
  level: 'info',
  service: 'sync-not-net-api',
  timestamp: '2026-03-24 01:21:20'
}
{
  message: '::ffff:127.0.0.1 - - [23/Mar/2026:19:51:20 +0000] "POST /api/users/login HTTP/1.1" 200 445 "-" "-"',
  level: 'info',
  service: 'sync-not-net-api',
  timestamp: '2026-03-24 01:21:20'
}
{
  message: 'User logged in: user-1774295480370-v7vdqg@example.com',
  level: 'info',
  service: 'sync-not-net-api',
  timestamp: '2026-03-24 01:21:20'
}
{
  message: '::ffff:127.0.0.1 - - [23/Mar/2026:19:51:20 +0000] "POST /api/users/login HTTP/1.1" 200 445 "-" "-"',
  level: 'info',
  service: 'sync-not-net-api',
  timestamp: '2026-03-24 01:21:20'
}
{
  message: '::ffff:127.0.0.1 - - [23/Mar/2026:19:51:20 +0000] "GET /api/notebooks/69c199b81ca882f14d2fad21/collaborators HTTP/1.1" 200 150 "-" "-"',
  level: 'info',
  service: 'sync-not-net-api',
  timestamp: '2026-03-24 01:21:20'
}
{
  message: 'User logged in: user-1774295480711-0so8ic@example.com',
  level: 'info',
  service: 'sync-not-net-api',
  timestamp: '2026-03-24 01:21:20'
}
{
  message: '::ffff:127.0.0.1 - - [23/Mar/2026:19:51:20 +0000] "POST /api/users/login HTTP/1.1" 200 445 "-" "-"',
  level: 'info',
  service: 'sync-not-net-api',
  timestamp: '2026-03-24 01:21:20'
}
{
  message: '::ffff:127.0.0.1 - - [23/Mar/2026:19:51:20 +0000] "GET /api/notebooks/69c199b81ca882f14d2fad2d/collaborators HTTP/1.1" 401 55 "-" "-"',
  level: 'info',
  service: 'sync-not-net-api',
  timestamp: '2026-03-24 01:21:20'
}
{
  message: 'User logged in: user-1774295480973-kvljru@example.com',
  level: 'info',
  service: 'sync-not-net-api',
  timestamp: '2026-03-24 01:21:21'
}
{
  message: '::ffff:127.0.0.1 - - [23/Mar/2026:19:51:21 +0000] "POST /api/users/login HTTP/1.1" 200 445 "-" "-"',
  level: 'info',
  service: 'sync-not-net-api',
  timestamp: '2026-03-24 01:21:21'
}
{
  message: '::ffff:127.0.0.1 - - [23/Mar/2026:19:51:21 +0000] "GET /api/notebooks/69c199b91ca882f14d2fad33/collaborators HTTP/1.1" 404 96 "-" "-"',
  level: 'info',
  service: 'sync-not-net-api',
  timestamp: '2026-03-24 01:21:21'
}
{
  message: 'User logged in: user-1774295481252-j9038a@example.com',
  level: 'info',
  service: 'sync-not-net-api',
  timestamp: '2026-03-24 01:21:21'
}
{
  message: '::ffff:127.0.0.1 - - [23/Mar/2026:19:51:21 +0000] "POST /api/users/login HTTP/1.1" 200 445 "-" "-"',
  level: 'info',
  service: 'sync-not-net-api',
  timestamp: '2026-03-24 01:21:21'
}
{
  message: '::ffff:127.0.0.1 - - [23/Mar/2026:19:51:21 +0000] "GET /api/notebooks/69c199b91ca882f14d2fad3b/collaborators HTTP/1.1" 200 20 "-" "-"',
  level: 'info',
  service: 'sync-not-net-api',
  timestamp: '2026-03-24 01:21:21'
}
{
  message: 'User logged in: user-1774295481547-pswdis@example.com',
  level: 'info',
  service: 'sync-not-net-api',
  timestamp: '2026-03-24 01:21:21'
}
{
  message: '::ffff:127.0.0.1 - - [23/Mar/2026:19:51:21 +0000] "POST /api/users/login HTTP/1.1" 200 445 "-" "-"',
  level: 'info',
  service: 'sync-not-net-api',
  timestamp: '2026-03-24 01:21:21'
}
{
  message: 'User logged in: user-1774295481777-6xxoyt@example.com',
  level: 'info',
  service: 'sync-not-net-api',
  timestamp: '2026-03-24 01:21:21'
}
{
  message: '::ffff:127.0.0.1 - - [23/Mar/2026:19:51:21 +0000] "POST /api/users/login HTTP/1.1" 200 445 "-" "-"',
  level: 'info',
  service: 'sync-not-net-api',
  timestamp: '2026-03-24 01:21:21'
}
{
  message: 'User logged in: user-1774295482001-a21qd8@example.com',
  level: 'info',
  service: 'sync-not-net-api',
  timestamp: '2026-03-24 01:21:22'
}
{
  message: '::ffff:127.0.0.1 - - [23/Mar/2026:19:51:22 +0000] "POST /api/users/login HTTP/1.1" 200 445 "-" "-"',
  level: 'info',
  service: 'sync-not-net-api',
  timestamp: '2026-03-24 01:21:22'
}
{
  message: '::ffff:127.0.0.1 - - [23/Mar/2026:19:51:22 +0000] "GET /api/notebooks/69c199ba1ca882f14d2fad4a/collaborators HTTP/1.1" 200 282 "-" "-"',
  level: 'info',
  service: 'sync-not-net-api',
  timestamp: '2026-03-24 01:21:22'
}
{
  message: 'User logged in: user-1774295482305-npjw7d@example.com',
  level: 'info',
  service: 'sync-not-net-api',
  timestamp: '2026-03-24 01:21:22'
}
{
  message: '::ffff:127.0.0.1 - - [23/Mar/2026:19:51:22 +0000] "POST /api/users/login HTTP/1.1" 200 445 "-" "-"',
  level: 'info',
  service: 'sync-not-net-api',
  timestamp: '2026-03-24 01:21:22'
}
{
  message: 'User logged in: user-1774295482531-ca2piw@example.com',
  level: 'info',
  service: 'sync-not-net-api',
  timestamp: '2026-03-24 01:21:22'
}
{
  message: '::ffff:127.0.0.1 - - [23/Mar/2026:19:51:22 +0000] "POST /api/users/login HTTP/1.1" 200 445 "-" "-"',
  level: 'info',
  service: 'sync-not-net-api',
  timestamp: '2026-03-24 01:21:22'
}
{
  message: 'User logged in: user-1774295482757-qjsx6d@example.com',
  level: 'info',
  service: 'sync-not-net-api',
  timestamp: '2026-03-24 01:21:22'
}
{
  message: '::ffff:127.0.0.1 - - [23/Mar/2026:19:51:22 +0000] "POST /api/users/login HTTP/1.1" 200 445 "-" "-"',
  level: 'info',
  service: 'sync-not-net-api',
  timestamp: '2026-03-24 01:21:22'
}
{
  message: 'User logged in: user-1774295482996-vo3aig@example.com',
  level: 'info',
  service: 'sync-not-net-api',
  timestamp: '2026-03-24 01:21:23'
}
{
  message: '::ffff:127.0.0.1 - - [23/Mar/2026:19:51:23 +0000] "POST /api/users/login HTTP/1.1" 200 445 "-" "-"',
  level: 'info',
  service: 'sync-not-net-api',
  timestamp: '2026-03-24 01:21:23'
}
{
  message: '::ffff:127.0.0.1 - - [23/Mar/2026:19:51:23 +0000] "GET /api/notebooks/69c199bb1ca882f14d2fad61/collaborators HTTP/1.1" 200 414 "-" "-"',
  level: 'info',
  service: 'sync-not-net-api',
  timestamp: '2026-03-24 01:21:23'
}
{
  message: 'User logged in: user-1774295483302-s1mnb9@example.com',
  level: 'info',
  service: 'sync-not-net-api',
  timestamp: '2026-03-24 01:21:23'
}
{
  message: '::ffff:127.0.0.1 - - [23/Mar/2026:19:51:23 +0000] "POST /api/users/login HTTP/1.1" 200 445 "-" "-"',
  level: 'info',
  service: 'sync-not-net-api',
  timestamp: '2026-03-24 01:21:23'
}
{
  message: 'User logged in: user-1774295483540-ebi3c4@example.com',
  level: 'info',
  service: 'sync-not-net-api',
  timestamp: '2026-03-24 01:21:23'
}
{
  message: '::ffff:127.0.0.1 - - [23/Mar/2026:19:51:23 +0000] "POST /api/users/login HTTP/1.1" 200 445 "-" "-"',
  level: 'info',
  service: 'sync-not-net-api',
  timestamp: '2026-03-24 01:21:23'
}
{
  message: '::ffff:127.0.0.1 - - [23/Mar/2026:19:51:23 +0000] "PUT /api/notebooks/69c199bb1ca882f14d2fad74/collaborators/69c199bb1ca882f14d2fad71 HTTP/1.1" 200 191 "-" "-"',
  level: 'info',
  service: 'sync-not-net-api',
  timestamp: '2026-03-24 01:21:23'
}
{
  message: 'User logged in: user-1774295483852-k603ms@example.com',
  level: 'info',
  service: 'sync-not-net-api',
  timestamp: '2026-03-24 01:21:24'
}
{
  message: '::ffff:127.0.0.1 - - [23/Mar/2026:19:51:24 +0000] "POST /api/users/login HTTP/1.1" 200 445 "-" "-"',
  level: 'info',
  service: 'sync-not-net-api',
  timestamp: '2026-03-24 01:21:24'
}
{
  message: '::ffff:127.0.0.1 - - [23/Mar/2026:19:51:24 +0000] "PUT /api/notebooks/69c199bc1ca882f14d2fad83/collaborators/69c199bb1ca882f14d2fad80 HTTP/1.1" 401 55 "-" "-"',
  level: 'info',
  service: 'sync-not-net-api',
  timestamp: '2026-03-24 01:21:24'
}
{
  message: 'User logged in: user-1774295484131-dv6vuq@example.com',
  level: 'info',
  service: 'sync-not-net-api',
  timestamp: '2026-03-24 01:21:24'
}
{
  message: '::ffff:127.0.0.1 - - [23/Mar/2026:19:51:24 +0000] "POST /api/users/login HTTP/1.1" 200 445 "-" "-"',
  level: 'info',
  service: 'sync-not-net-api',
  timestamp: '2026-03-24 01:21:24'
}
{
  message: 'User logged in: user-1774295484364-zessqy@example.com',
  level: 'info',
  service: 'sync-not-net-api',
  timestamp: '2026-03-24 01:21:24'
}
{
  message: '::ffff:127.0.0.1 - - [23/Mar/2026:19:51:24 +0000] "POST /api/users/login HTTP/1.1" 200 445 "-" "-"',
  level: 'info',
  service: 'sync-not-net-api',
  timestamp: '2026-03-24 01:21:24'
}
{
  message: 'User logged in: user-1774295484595-izdjj9@example.com',
  level: 'info',
  service: 'sync-not-net-api',
  timestamp: '2026-03-24 01:21:24'
}
{
  message: '::ffff:127.0.0.1 - - [23/Mar/2026:19:51:24 +0000] "POST /api/users/login HTTP/1.1" 200 445 "-" "-"',
  level: 'info',
  service: 'sync-not-net-api',
  timestamp: '2026-03-24 01:21:24'
}
{
  message: '::ffff:127.0.0.1 - - [23/Mar/2026:19:51:24 +0000] "PUT /api/notebooks/69c199bc1ca882f14d2fad8f/collaborators/69c199bc1ca882f14d2fad89 HTTP/1.1" 403 91 "-" "-"',
  level: 'info',
  service: 'sync-not-net-api',
  timestamp: '2026-03-24 01:21:24'
}
{
  message: 'User logged in: user-1774295484891-c3ub41@example.com',
  level: 'info',
  service: 'sync-not-net-api',
  timestamp: '2026-03-24 01:21:25'
}
{
  message: '::ffff:127.0.0.1 - - [23/Mar/2026:19:51:25 +0000] "POST /api/users/login HTTP/1.1" 200 445 "-" "-"',
  level: 'info',
  service: 'sync-not-net-api',
  timestamp: '2026-03-24 01:21:25'
}
{
  message: 'User logged in: user-1774295485124-b3u8fy@example.com',
  level: 'info',
  service: 'sync-not-net-api',
  timestamp: '2026-03-24 01:21:25'
}
{
  message: '::ffff:127.0.0.1 - - [23/Mar/2026:19:51:25 +0000] "POST /api/users/login HTTP/1.1" 200 445 "-" "-"',
  level: 'info',
  service: 'sync-not-net-api',
  timestamp: '2026-03-24 01:21:25'
}
{
  message: '::ffff:127.0.0.1 - - [23/Mar/2026:19:51:25 +0000] "PUT /api/notebooks/69c199bd1ca882f14d2fad9d/collaborators/69c199bd1ca882f14d2fad9a HTTP/1.1" 400 87 "-" "-"',
  level: 'info',
  service: 'sync-not-net-api',
  timestamp: '2026-03-24 01:21:25'
}
{
  message: 'User logged in: user-1774295485422-cxyp75@example.com',
  level: 'info',
  service: 'sync-not-net-api',
  timestamp: '2026-03-24 01:21:25'
}
{
  message: '::ffff:127.0.0.1 - - [23/Mar/2026:19:51:25 +0000] "POST /api/users/login HTTP/1.1" 200 445 "-" "-"',
  level: 'info',
  service: 'sync-not-net-api',
  timestamp: '2026-03-24 01:21:25'
}
{
  message: 'User logged in: user-1774295485665-besnym@example.com',
  level: 'info',
  service: 'sync-not-net-api',
  timestamp: '2026-03-24 01:21:25'
}
{
  message: '::ffff:127.0.0.1 - - [23/Mar/2026:19:51:25 +0000] "POST /api/users/login HTTP/1.1" 200 445 "-" "-"',
  level: 'info',
  service: 'sync-not-net-api',
  timestamp: '2026-03-24 01:21:25'
}
{
  message: '::ffff:127.0.0.1 - - [23/Mar/2026:19:51:25 +0000] "PUT /api/notebooks/69c199bd1ca882f14d2fada9/collaborators/69c199bd1ca882f14d2fada6 HTTP/1.1" 404 96 "-" "-"',
  level: 'info',
  service: 'sync-not-net-api',
  timestamp: '2026-03-24 01:21:25'
}
{
  message: 'User logged in: user-1774295485944-wt8cf1@example.com',
  level: 'info',
  service: 'sync-not-net-api',
  timestamp: '2026-03-24 01:21:26'
}
{
  message: '::ffff:127.0.0.1 - - [23/Mar/2026:19:51:26 +0000] "POST /api/users/login HTTP/1.1" 200 445 "-" "-"',
  level: 'info',
  service: 'sync-not-net-api',
  timestamp: '2026-03-24 01:21:26'
}
{
  message: 'User logged in: user-1774295486180-qqrxiy@example.com',
  level: 'info',
  service: 'sync-not-net-api',
  timestamp: '2026-03-24 01:21:26'
}
{
  message: '::ffff:127.0.0.1 - - [23/Mar/2026:19:51:26 +0000] "POST /api/users/login HTTP/1.1" 200 445 "-" "-"',
  level: 'info',
  service: 'sync-not-net-api',
  timestamp: '2026-03-24 01:21:26'
}
{
  message: '::ffff:127.0.0.1 - - [23/Mar/2026:19:51:26 +0000] "PUT /api/notebooks/69c199be1ca882f14d2fadb5/collaborators/69c199be1ca882f14d2fadb2 HTTP/1.1" 200 191 "-" "-"',
  level: 'info',
  service: 'sync-not-net-api',
  timestamp: '2026-03-24 01:21:26'
}
{
  message: 'User logged in: user-1774295486472-r5irww@example.com',
  level: 'info',
  service: 'sync-not-net-api',
  timestamp: '2026-03-24 01:21:26'
}
{
  message: '::ffff:127.0.0.1 - - [23/Mar/2026:19:51:26 +0000] "POST /api/users/login HTTP/1.1" 200 445 "-" "-"',
  level: 'info',
  service: 'sync-not-net-api',
  timestamp: '2026-03-24 01:21:26'
}
{
  message: 'User logged in: user-1774295486706-yypiz9@example.com',
  level: 'info',
  service: 'sync-not-net-api',
  timestamp: '2026-03-24 01:21:26'
}
{
  message: '::ffff:127.0.0.1 - - [23/Mar/2026:19:51:26 +0000] "POST /api/users/login HTTP/1.1" 200 445 "-" "-"',
  level: 'info',
  service: 'sync-not-net-api',
  timestamp: '2026-03-24 01:21:26'
}
{
  message: '::ffff:127.0.0.1 - - [23/Mar/2026:19:51:26 +0000] "DELETE /api/notebooks/69c199be1ca882f14d2fadc5/collaborators/69c199be1ca882f14d2fadc2 HTTP/1.1" 200 47 "-" "-"',
  level: 'info',
  service: 'sync-not-net-api',
  timestamp: '2026-03-24 01:21:26'
}
{
  message: 'User logged in: user-1774295486992-8g8sd4@example.com',
  level: 'info',
  service: 'sync-not-net-api',
  timestamp: '2026-03-24 01:21:27'
}
{
  message: '::ffff:127.0.0.1 - - [23/Mar/2026:19:51:27 +0000] "POST /api/users/login HTTP/1.1" 200 445 "-" "-"',
  level: 'info',
  service: 'sync-not-net-api',
  timestamp: '2026-03-24 01:21:27'
}
{
  message: '::ffff:127.0.0.1 - - [23/Mar/2026:19:51:27 +0000] "DELETE /api/notebooks/69c199bf1ca882f14d2fadd2/collaborators/69c199be1ca882f14d2fadcf HTTP/1.1" 401 55 "-" "-"',
  level: 'info',
  service: 'sync-not-net-api',
  timestamp: '2026-03-24 01:21:27'
}
{
  message: 'User logged in: user-1774295487258-r5od41@example.com',
  level: 'info',
  service: 'sync-not-net-api',
  timestamp: '2026-03-24 01:21:27'
}
{
  message: '::ffff:127.0.0.1 - - [23/Mar/2026:19:51:27 +0000] "POST /api/users/login HTTP/1.1" 200 445 "-" "-"',
  level: 'info',
  service: 'sync-not-net-api',
  timestamp: '2026-03-24 01:21:27'
}
{
  message: 'User logged in: user-1774295487483-gzt4d6@example.com',
  level: 'info',
  service: 'sync-not-net-api',
  timestamp: '2026-03-24 01:21:27'
}
{
  message: '::ffff:127.0.0.1 - - [23/Mar/2026:19:51:27 +0000] "POST /api/users/login HTTP/1.1" 200 445 "-" "-"',
  level: 'info',
  service: 'sync-not-net-api',
  timestamp: '2026-03-24 01:21:27'
}
{
  message: 'User logged in: user-1774295487724-g1wxih@example.com',
  level: 'info',
  service: 'sync-not-net-api',
  timestamp: '2026-03-24 01:21:27'
}
{
  message: '::ffff:127.0.0.1 - - [23/Mar/2026:19:51:27 +0000] "POST /api/users/login HTTP/1.1" 200 445 "-" "-"',
  level: 'info',
  service: 'sync-not-net-api',
  timestamp: '2026-03-24 01:21:27'
}
{
  message: '::ffff:127.0.0.1 - - [23/Mar/2026:19:51:28 +0000] "DELETE /api/notebooks/69c199bf1ca882f14d2fadde/collaborators/69c199bf1ca882f14d2faddb HTTP/1.1" 403 80 "-" "-"',
  level: 'info',
  service: 'sync-not-net-api',
  timestamp: '2026-03-24 01:21:28'
}
{
  message: 'User logged in: user-1774295488033-ezw7de@example.com',
  level: 'info',
  service: 'sync-not-net-api',
  timestamp: '2026-03-24 01:21:28'
}
{
  message: '::ffff:127.0.0.1 - - [23/Mar/2026:19:51:28 +0000] "POST /api/users/login HTTP/1.1" 200 445 "-" "-"',
  level: 'info',
  service: 'sync-not-net-api',
  timestamp: '2026-03-24 01:21:28'
}
{
  message: 'User logged in: user-1774295488269-q7dyfc@example.com',
  level: 'info',
  service: 'sync-not-net-api',
  timestamp: '2026-03-24 01:21:28'
}
{
  message: '::ffff:127.0.0.1 - - [23/Mar/2026:19:51:28 +0000] "POST /api/users/login HTTP/1.1" 200 445 "-" "-"',
  level: 'info',
  service: 'sync-not-net-api',
  timestamp: '2026-03-24 01:21:28'
}
{
  message: '::ffff:127.0.0.1 - - [23/Mar/2026:19:51:28 +0000] "DELETE /api/notebooks/69c199c01ca882f14d2fadee/collaborators/69c199c01ca882f14d2fadeb HTTP/1.1" 200 47 "-" "-"',
  level: 'info',
  service: 'sync-not-net-api',
  timestamp: '2026-03-24 01:21:28'
}
{
  message: 'User logged in: user-1774295488576-pr6hg6@example.com',
  level: 'info',
  service: 'sync-not-net-api',
  timestamp: '2026-03-24 01:21:28'
}
{
  message: '::ffff:127.0.0.1 - - [23/Mar/2026:19:51:28 +0000] "POST /api/users/login HTTP/1.1" 200 445 "-" "-"',
  level: 'info',
  service: 'sync-not-net-api',
  timestamp: '2026-03-24 01:21:28'
}
{
  message: 'User logged in: user-1774295488801-g57z0b@example.com',
  level: 'info',
  service: 'sync-not-net-api',
  timestamp: '2026-03-24 01:21:29'
}
{
  message: '::ffff:127.0.0.1 - - [23/Mar/2026:19:51:29 +0000] "POST /api/users/login HTTP/1.1" 200 445 "-" "-"',
  level: 'info',
  service: 'sync-not-net-api',
  timestamp: '2026-03-24 01:21:29'
}
{
  message: '::ffff:127.0.0.1 - - [23/Mar/2026:19:51:29 +0000] "DELETE /api/notebooks/69c199c11ca882f14d2fadfd/collaborators/69c199c01ca882f14d2fadfa HTTP/1.1" 200 47 "-" "-"',
  level: 'info',
  service: 'sync-not-net-api',
  timestamp: '2026-03-24 01:21:29'
}
{
  message: 'User logged in: user-1774295489099-q50wgt@example.com',
  level: 'info',
  service: 'sync-not-net-api',
  timestamp: '2026-03-24 01:21:29'
}
{
  message: '::ffff:127.0.0.1 - - [23/Mar/2026:19:51:29 +0000] "POST /api/users/login HTTP/1.1" 200 445 "-" "-"',
  level: 'info',
  service: 'sync-not-net-api',
  timestamp: '2026-03-24 01:21:29'
}
{
  service: 'sync-not-net-api',
  stringValue: '"invalid-id"',
  messageFormat: undefined,
  kind: 'ObjectId',
  value: 'invalid-id',
  path: '_id',
  reason: BSONError: input must be a 24 character hex string, 12 byte Uint8Array, or an integer
      at new ObjectId (D:\Github_Repos\Sync-Not-Net\api\node_modules\bson\src\objectid.ts:120:15)
      at castObjectId (D:\Github_Repos\Sync-Not-Net\api\node_modules\mongoose\lib\cast\objectid.js:25:12)
      at SchemaObjectId.cast (D:\Github_Repos\Sync-Not-Net\api\node_modules\mongoose\lib\schema\objectId.js:249:12)
      at SchemaObjectId.SchemaType.applySetters (D:\Github_Repos\Sync-Not-Net\api\node_modules\mongoose\lib\schemaType.js:1255:12)
      at SchemaObjectId.SchemaType.castForQuery (D:\Github_Repos\Sync-Not-Net\api\node_modules\mongoose\lib\schemaType.js:1673:17)
      at cast (D:\Github_Repos\Sync-Not-Net\api\node_modules\mongoose\lib\cast.js:390:32)
      at model.Query.Query.cast (D:\Github_Repos\Sync-Not-Net\api\node_modules\mongoose\lib\query.js:5055:12)
      at model.Query.Query._castConditions (D:\Github_Repos\Sync-Not-Net\api\node_modules\mongoose\lib\query.js:2351:10)
      at model.Query._findOne (D:\Github_Repos\Sync-Not-Net\api\node_modules\mongoose\lib\query.js:2674:8)
      at model.Query.exec (D:\Github_Repos\Sync-Not-Net\api\node_modules\mongoose\lib\query.js:4604:80)
      at processTicksAndRejections (node:internal/process/task_queues:105:5)
      at D:\Github_Repos\Sync-Not-Net\api\routes\notebookRoutes.js:2216:22,
  valueType: 'string',
  level: 'error',
  message: 'Error fetching notebook collaborators: Cast to ObjectId failed for value "invalid-id" (type string) at path "_id" for model "Notebook"',
  stack: 'CastError: Cast to ObjectId failed for value "invalid-id" (type string) at path "_id" for model "Notebook"\n' +
    '    at SchemaObjectId.cast (D:\\Github_Repos\\Sync-Not-Net\\api\\node_modules\\mongoose\\lib\\schema\\objectId.js:251:11)\n' +
    '    at SchemaObjectId.SchemaType.applySetters (D:\\Github_Repos\\Sync-Not-Net\\api\\node_modules\\mongoose\\lib\\schemaType.js:1255:12)\n' +
    '    at SchemaObjectId.SchemaType.castForQuery (D:\\Github_Repos\\Sync-Not-Net\\api\\node_modules\\mongoose\\lib\\schemaType.js:1673:17)\n' +
    '    at cast (D:\\Github_Repos\\Sync-Not-Net\\api\\node_modules\\mongoose\\lib\\cast.js:390:32)\n' +
    '    at model.Query.Query.cast (D:\\Github_Repos\\Sync-Not-Net\\api\\node_modules\\mongoose\\lib\\query.js:5055:12)\n' +
    '    at model.Query.Query._castConditions (D:\\Github_Repos\\Sync-Not-Net\\api\\node_modules\\mongoose\\lib\\query.js:2351:10)\n' +
    '    at model.Query._findOne (D:\\Github_Repos\\Sync-Not-Net\\api\\node_modules\\mongoose\\lib\\query.js:2674:8)\n' +
    '    at model.Query.exec (D:\\Github_Repos\\Sync-Not-Net\\api\\node_modules\\mongoose\\lib\\query.js:4604:80)\n' +
    '    at processTicksAndRejections (node:internal/process/task_queues:105:5)\n' +
    '    at D:\\Github_Repos\\Sync-Not-Net\\api\\routes\\notebookRoutes.js:2216:22',
  timestamp: '2026-03-24 01:21:29'
}
{
  message: '::ffff:127.0.0.1 - - [23/Mar/2026:19:51:29 +0000] "GET /api/notebooks/invalid-id/collaborators HTTP/1.1" 500 85 "-" "-"',
  level: 'info',
  service: 'sync-not-net-api',
  timestamp: '2026-03-24 01:21:29'
}
{
  message: 'User logged in: user-1774295489439-n2gwz4@example.com',
  level: 'info',
  service: 'sync-not-net-api',
  timestamp: '2026-03-24 01:21:29'
}
{
  message: '::ffff:127.0.0.1 - - [23/Mar/2026:19:51:29 +0000] "POST /api/users/login HTTP/1.1" 200 445 "-" "-"',
  level: 'info',
  service: 'sync-not-net-api',
  timestamp: '2026-03-24 01:21:29'
}
{
  message: 'User logged in: user-1774295489673-wded8e@example.com',
  level: 'info',
  service: 'sync-not-net-api',
  timestamp: '2026-03-24 01:21:29'
}
{
  message: '::ffff:127.0.0.1 - - [23/Mar/2026:19:51:29 +0000] "POST /api/users/login HTTP/1.1" 200 445 "-" "-"',
  level: 'info',
  service: 'sync-not-net-api',
  timestamp: '2026-03-24 01:21:29'
}
{
  message: '::ffff:127.0.0.1 - - [23/Mar/2026:19:51:29 +0000] "PUT /api/notebooks/69c199c11ca882f14d2fae10/collaborators/69c199c11ca882f14d2fae0d HTTP/1.1" 200 191 "-" "-"',
  level: 'info',
  service: 'sync-not-net-api',
  timestamp: '2026-03-24 01:21:29'
}
{
  message: '::ffff:127.0.0.1 - - [23/Mar/2026:19:51:29 +0000] "PUT /api/notebooks/69c199c11ca882f14d2fae10/collaborators/69c199c11ca882f14d2fae0d HTTP/1.1" 200 191 "-" "-"',
  level: 'info',
  service: 'sync-not-net-api',
  timestamp: '2026-03-24 01:21:29'
}
{
  message: '::ffff:127.0.0.1 - - [23/Mar/2026:19:51:30 +0000] "PUT /api/notebooks/69c199c11ca882f14d2fae10/collaborators/69c199c11ca882f14d2fae0d HTTP/1.1" 200 190 "-" "-"',
  level: 'info',
  service: 'sync-not-net-api',
  timestamp: '2026-03-24 01:21:30'
}
{
  message: 'User logged in: user-1774295490063-5aixqe@example.com',
  level: 'info',
  service: 'sync-not-net-api',
  timestamp: '2026-03-24 01:21:30'
}
{
  message: '::ffff:127.0.0.1 - - [23/Mar/2026:19:51:30 +0000] "POST /api/users/login HTTP/1.1" 200 445 "-" "-"',
  level: 'info',
  service: 'sync-not-net-api',
  timestamp: '2026-03-24 01:21:30'
}
{
  message: 'User logged in: user-1774295490298-7lluc5@example.com',
  level: 'info',
  service: 'sync-not-net-api',
  timestamp: '2026-03-24 01:21:30'
}
{
  message: '::ffff:127.0.0.1 - - [23/Mar/2026:19:51:30 +0000] "POST /api/users/login HTTP/1.1" 200 445 "-" "-"',
  level: 'info',
  service: 'sync-not-net-api',
  timestamp: '2026-03-24 01:21:30'
}
{
  message: 'Collaborators updated for notebook 69c199c21ca882f14d2fae2c, count: 1',
  level: 'info',
  service: 'sync-not-net-api',
  timestamp: '2026-03-24 01:21:30'
}
{
  message: '::ffff:127.0.0.1 - - [23/Mar/2026:19:51:30 +0000] "PUT /api/notebooks/69c199c21ca882f14d2fae2c/collaborators HTTP/1.1" 200 229 "-" "-"',
  level: 'info',
  service: 'sync-not-net-api',
  timestamp: '2026-03-24 01:21:30'
}
{
  message: '::ffff:127.0.0.1 - - [23/Mar/2026:19:51:30 +0000] "DELETE /api/notebooks/69c199c21ca882f14d2fae2c/collaborators/69c199c21ca882f14d2fae29 HTTP/1.1" 200 47 "-" "-"',
  level: 'info',
  service: 'sync-not-net-api',
  timestamp: '2026-03-24 01:21:30'
}
{
  message: '::ffff:127.0.0.1 - - [23/Mar/2026:19:51:30 +0000] "GET /api/notebooks/69c199c21ca882f14d2fae2c/collaborators HTTP/1.1" 200 20 "-" "-"',
  level: 'info',
  service: 'sync-not-net-api',
  timestamp: '2026-03-24 01:21:30'
}
{
  message: 'User logged in: user-1774295490660-r4fbwd@example.com',
  level: 'info',
  service: 'sync-not-net-api',
  timestamp: '2026-03-24 01:21:30'
}
{
  message: '::ffff:127.0.0.1 - - [23/Mar/2026:19:51:30 +0000] "POST /api/users/login HTTP/1.1" 200 445 "-" "-"',
  level: 'info',
  service: 'sync-not-net-api',
  timestamp: '2026-03-24 01:21:30'
}
{
  message: 'Collaborators updated for notebook 69c199c21ca882f14d2fae40, count: 0',
  level: 'info',
  service: 'sync-not-net-api',
  timestamp: '2026-03-24 01:21:30'
}
{
  message: '::ffff:127.0.0.1 - - [23/Mar/2026:19:51:30 +0000] "PUT /api/notebooks/69c199c21ca882f14d2fae40/collaborators HTTP/1.1" 200 67 "-" "-"',
  level: 'info',
  service: 'sync-not-net-api',
  timestamp: '2026-03-24 01:21:30'
}
{
  message: '::ffff:127.0.0.1 - - [23/Mar/2026:19:51:30 +0000] "GET /api/notebooks/69c199c21ca882f14d2fae40/collaborators HTTP/1.1" 200 20 "-" "-"',
  level: 'info',
  service: 'sync-not-net-api',
  timestamp: '2026-03-24 01:21:30'
}
{
  message: 'Running without Redis in development mode',
  level: 'info',
  service: 'sync-not-net-api',
  timestamp: '2026-03-24 01:21:31'
}
{
  message: 'MongoDB Connected successfully',
  level: 'info',
  service: 'sync-not-net-api',
  timestamp: '2026-03-24 01:21:31'
}
{
  message: 'User logged in: user-1774295491774-cotb8l@example.com',
  level: 'info',
  service: 'sync-not-net-api',
  timestamp: '2026-03-24 01:21:32'
}
{
  message: '::ffff:127.0.0.1 - - [23/Mar/2026:19:51:32 +0000] "POST /api/users/login HTTP/1.1" 200 445 "-" "-"',
  level: 'info',
  service: 'sync-not-net-api',
  timestamp: '2026-03-24 01:21:32'
}
{
  message: '::ffff:127.0.0.1 - - [23/Mar/2026:19:51:32 +0000] "POST /api/notebooks/69c199c4ad452645369b1094/comments HTTP/1.1" 201 553 "-" "-"',
  level: 'info',
  service: 'sync-not-net-api',
  timestamp: '2026-03-24 01:21:32'
}
{
  message: 'User logged in: user-1774295492115-086wve@example.com',
  level: 'info',
  service: 'sync-not-net-api',
  timestamp: '2026-03-24 01:21:32'
}
{
  message: '::ffff:127.0.0.1 - - [23/Mar/2026:19:51:32 +0000] "POST /api/users/login HTTP/1.1" 200 445 "-" "-"',
  level: 'info',
  service: 'sync-not-net-api',
  timestamp: '2026-03-24 01:21:32'
}
{
  message: '::ffff:127.0.0.1 - - [23/Mar/2026:19:51:32 +0000] "POST /api/notebooks/69c199c4ad452645369b10a1/comments HTTP/1.1" 201 541 "-" "-"',
  level: 'info',
  service: 'sync-not-net-api',
  timestamp: '2026-03-24 01:21:32'
}
{
  message: '::ffff:127.0.0.1 - - [23/Mar/2026:19:51:32 +0000] "POST /api/notebooks/69c199c4ad452645369b10a1/comments HTTP/1.1" 201 562 "-" "-"',
  level: 'info',
  service: 'sync-not-net-api',
  timestamp: '2026-03-24 01:21:32'
}
{
  message: 'User logged in: user-1774295492465-ys9ld5@example.com',
  level: 'info',
  service: 'sync-not-net-api',
  timestamp: '2026-03-24 01:21:32'
}
{
  message: '::ffff:127.0.0.1 - - [23/Mar/2026:19:51:32 +0000] "POST /api/users/login HTTP/1.1" 200 445 "-" "-"',
  level: 'info',
  service: 'sync-not-net-api',
  timestamp: '2026-03-24 01:21:32'
}
{
  message: '::ffff:127.0.0.1 - - [23/Mar/2026:19:51:32 +0000] "POST /api/notebooks/69c199c4ad452645369b10b3/comments HTTP/1.1" 201 385 "-" "-"',
  level: 'info',
  service: 'sync-not-net-api',
  timestamp: '2026-03-24 01:21:32'
}
{
  message: 'User logged in: user-1774295492771-gedmpx@example.com',
  level: 'info',
  service: 'sync-not-net-api',
  timestamp: '2026-03-24 01:21:32'
}
{
  message: '::ffff:127.0.0.1 - - [23/Mar/2026:19:51:32 +0000] "POST /api/users/login HTTP/1.1" 200 445 "-" "-"',
  level: 'info',
  service: 'sync-not-net-api',
  timestamp: '2026-03-24 01:21:32'
}
{
  message: '::ffff:127.0.0.1 - - [23/Mar/2026:19:51:33 +0000] "POST /api/notebooks/69c199c4ad452645369b10bd/comments HTTP/1.1" 201 543 "-" "-"',
  level: 'info',
  service: 'sync-not-net-api',
  timestamp: '2026-03-24 01:21:33'
}
{
  message: '::ffff:127.0.0.1 - - [23/Mar/2026:19:51:33 +0000] "PUT /api/notebooks/69c199c4ad452645369b10bd/comments/69c199c5ad452645369b10c1 HTTP/1.1" 200 543 "-" "-"',
  level: 'info',
  service: 'sync-not-net-api',
  timestamp: '2026-03-24 01:21:33'
}
{
  message: 'User logged in: user-1774295493125-6yqag4@example.com',
  level: 'info',
  service: 'sync-not-net-api',
  timestamp: '2026-03-24 01:21:33'
}
{
  message: '::ffff:127.0.0.1 - - [23/Mar/2026:19:51:33 +0000] "POST /api/users/login HTTP/1.1" 200 445 "-" "-"',
  level: 'info',
  service: 'sync-not-net-api',
  timestamp: '2026-03-24 01:21:33'
}
{
  message: 'User logged in: user-1774295493355-cfjybf@example.com',
  level: 'info',
  service: 'sync-not-net-api',
  timestamp: '2026-03-24 01:21:33'
}
{
  message: '::ffff:127.0.0.1 - - [23/Mar/2026:19:51:33 +0000] "POST /api/users/login HTTP/1.1" 200 445 "-" "-"',
  level: 'info',
  service: 'sync-not-net-api',
  timestamp: '2026-03-24 01:21:33'
}
{
  message: '::ffff:127.0.0.1 - - [23/Mar/2026:19:51:33 +0000] "POST /api/notebooks/69c199c5ad452645369b10d1/comments HTTP/1.1" 201 550 "-" "-"',
  level: 'info',
  service: 'sync-not-net-api',
  timestamp: '2026-03-24 01:21:33'
}
{
  message: '::ffff:127.0.0.1 - - [23/Mar/2026:19:51:33 +0000] "PUT /api/notebooks/69c199c5ad452645369b10d1/comments/69c199c5ad452645369b10d5 HTTP/1.1" 403 49 "-" "-"',
  level: 'info',
  service: 'sync-not-net-api',
  timestamp: '2026-03-24 01:21:33'
}
{
  message: 'User logged in: user-1774295493682-ik8no0@example.com',
  level: 'info',
  service: 'sync-not-net-api',
  timestamp: '2026-03-24 01:21:33'
}
{
  message: '::ffff:127.0.0.1 - - [23/Mar/2026:19:51:33 +0000] "POST /api/users/login HTTP/1.1" 200 445 "-" "-"',
  level: 'info',
  service: 'sync-not-net-api',
  timestamp: '2026-03-24 01:21:33'
}
{
  message: '::ffff:127.0.0.1 - - [23/Mar/2026:19:51:33 +0000] "PUT /api/notebooks/69c199c5ad452645369b10df/comments/69c199c5ad452645369b10e1 HTTP/1.1" 404 31 "-" "-"',
  level: 'info',
  service: 'sync-not-net-api',
  timestamp: '2026-03-24 01:21:33'
}
{
  message: 'User logged in: user-1774295493958-zzg8n2@example.com',
  level: 'info',
  service: 'sync-not-net-api',
  timestamp: '2026-03-24 01:21:34'
}
{
  message: '::ffff:127.0.0.1 - - [23/Mar/2026:19:51:34 +0000] "POST /api/users/login HTTP/1.1" 200 445 "-" "-"',
  level: 'info',
  service: 'sync-not-net-api',
  timestamp: '2026-03-24 01:21:34'
}
{
  message: '::ffff:127.0.0.1 - - [23/Mar/2026:19:51:34 +0000] "POST /api/notebooks/69c199c6ad452645369b10e9/comments HTTP/1.1" 201 535 "-" "-"',
  level: 'info',
  service: 'sync-not-net-api',
  timestamp: '2026-03-24 01:21:34'
}
{
  message: '::ffff:127.0.0.1 - - [23/Mar/2026:19:51:34 +0000] "PUT /api/notebooks/69c199c6ad452645369b10e9/comments/69c199c6ad452645369b10ed HTTP/1.1" 400 138 "-" "-"',
  level: 'info',
  service: 'sync-not-net-api',
  timestamp: '2026-03-24 01:21:34'
}
{
  message: 'User logged in: user-1774295494276-g2wxao@example.com',
  level: 'info',
  service: 'sync-not-net-api',
  timestamp: '2026-03-24 01:21:34'
}
{
  message: '::ffff:127.0.0.1 - - [23/Mar/2026:19:51:34 +0000] "POST /api/users/login HTTP/1.1" 200 445 "-" "-"',
  level: 'info',
  service: 'sync-not-net-api',
  timestamp: '2026-03-24 01:21:34'
}
{
  message: '::ffff:127.0.0.1 - - [23/Mar/2026:19:51:34 +0000] "POST /api/notebooks/69c199c6ad452645369b10f6/comments HTTP/1.1" 201 540 "-" "-"',
  level: 'info',
  service: 'sync-not-net-api',
  timestamp: '2026-03-24 01:21:34'
}
{
  message: '::ffff:127.0.0.1 - - [23/Mar/2026:19:51:34 +0000] "DELETE /api/notebooks/69c199c6ad452645369b10f6/comments/69c199c6ad452645369b10fa HTTP/1.1" 200 97 "-" "-"',
  level: 'info',
  service: 'sync-not-net-api',
  timestamp: '2026-03-24 01:21:34'
}
{
  message: 'User logged in: user-1774295494646-ip20dc@example.com',
  level: 'info',
  service: 'sync-not-net-api',
  timestamp: '2026-03-24 01:21:34'
}
{
  message: '::ffff:127.0.0.1 - - [23/Mar/2026:19:51:34 +0000] "POST /api/users/login HTTP/1.1" 200 445 "-" "-"',
  level: 'info',
  service: 'sync-not-net-api',
  timestamp: '2026-03-24 01:21:34'
}
{
  message: '::ffff:127.0.0.1 - - [23/Mar/2026:19:51:34 +0000] "POST /api/notebooks/69c199c6ad452645369b1108/comments HTTP/1.1" 201 533 "-" "-"',
  level: 'info',
  service: 'sync-not-net-api',
  timestamp: '2026-03-24 01:21:34'
}
{
  message: '::ffff:127.0.0.1 - - [23/Mar/2026:19:51:34 +0000] "POST /api/notebooks/69c199c6ad452645369b1108/comments HTTP/1.1" 201 556 "-" "-"',
  level: 'info',
  service: 'sync-not-net-api',
  timestamp: '2026-03-24 01:21:34'
}
{
  message: '::ffff:127.0.0.1 - - [23/Mar/2026:19:51:35 +0000] "POST /api/notebooks/69c199c6ad452645369b1108/comments HTTP/1.1" 201 556 "-" "-"',
  level: 'info',
  service: 'sync-not-net-api',
  timestamp: '2026-03-24 01:21:35'
}
{
  message: '::ffff:127.0.0.1 - - [23/Mar/2026:19:51:35 +0000] "DELETE /api/notebooks/69c199c6ad452645369b1108/comments/69c199c6ad452645369b110c HTTP/1.1" 200 97 "-" "-"',
  level: 'info',
  service: 'sync-not-net-api',
  timestamp: '2026-03-24 01:21:35'
}
{
  message: 'User logged in: user-1774295495109-iagdct@example.com',
  level: 'info',
  service: 'sync-not-net-api',
  timestamp: '2026-03-24 01:21:35'
}
{
  message: '::ffff:127.0.0.1 - - [23/Mar/2026:19:51:35 +0000] "POST /api/users/login HTTP/1.1" 200 445 "-" "-"',
  level: 'info',
  service: 'sync-not-net-api',
  timestamp: '2026-03-24 01:21:35'
}
{
  message: 'User logged in: user-1774295495349-ug1tqb@example.com',
  level: 'info',
  service: 'sync-not-net-api',
  timestamp: '2026-03-24 01:21:35'
}
{
  message: '::ffff:127.0.0.1 - - [23/Mar/2026:19:51:35 +0000] "POST /api/users/login HTTP/1.1" 200 445 "-" "-"',
  level: 'info',
  service: 'sync-not-net-api',
  timestamp: '2026-03-24 01:21:35'
}
{
  message: '::ffff:127.0.0.1 - - [23/Mar/2026:19:51:35 +0000] "POST /api/notebooks/69c199c7ad452645369b1129/comments HTTP/1.1" 201 541 "-" "-"',
  level: 'info',
  service: 'sync-not-net-api',
  timestamp: '2026-03-24 01:21:35'
}
{
  message: '::ffff:127.0.0.1 - - [23/Mar/2026:19:51:35 +0000] "DELETE /api/notebooks/69c199c7ad452645369b1129/comments/69c199c7ad452645369b112d HTTP/1.1" 403 80 "-" "-"',
  level: 'info',
  service: 'sync-not-net-api',
  timestamp: '2026-03-24 01:21:35'
}
{
  message: 'User logged in: user-1774295495672-wu2gru@example.com',
  level: 'info',
  service: 'sync-not-net-api',
  timestamp: '2026-03-24 01:21:35'
}
{
  message: '::ffff:127.0.0.1 - - [23/Mar/2026:19:51:35 +0000] "POST /api/users/login HTTP/1.1" 200 445 "-" "-"',
  level: 'info',
  service: 'sync-not-net-api',
  timestamp: '2026-03-24 01:21:35'
}
{
  message: '::ffff:127.0.0.1 - - [23/Mar/2026:19:51:35 +0000] "DELETE /api/notebooks/69c199c7ad452645369b1138/comments/69c199c7ad452645369b113a HTTP/1.1" 404 31 "-" "-"',
  level: 'info',
  service: 'sync-not-net-api',
  timestamp: '2026-03-24 01:21:35'
}
{
  message: 'User logged in: user-1774295495944-ab8zad@example.com',
  level: 'info',
  service: 'sync-not-net-api',
  timestamp: '2026-03-24 01:21:36'
}
{
  message: '::ffff:127.0.0.1 - - [23/Mar/2026:19:51:36 +0000] "POST /api/users/login HTTP/1.1" 200 445 "-" "-"',
  level: 'info',
  service: 'sync-not-net-api',
  timestamp: '2026-03-24 01:21:36'
}
{
  message: '::ffff:127.0.0.1 - - [23/Mar/2026:19:51:36 +0000] "POST /api/notebooks/69c199c8ad452645369b1142/comments HTTP/1.1" 201 2427 "-" "-"',
  level: 'info',
  service: 'sync-not-net-api',
  timestamp: '2026-03-24 01:21:36'
}
{
  message: 'User logged in: user-1774295496250-xs4hap@example.com',
  level: 'info',
  service: 'sync-not-net-api',
  timestamp: '2026-03-24 01:21:36'
}
{
  message: '::ffff:127.0.0.1 - - [23/Mar/2026:19:51:36 +0000] "POST /api/users/login HTTP/1.1" 200 445 "-" "-"',
  level: 'info',
  service: 'sync-not-net-api',
  timestamp: '2026-03-24 01:21:36'
}
{
  message: '::ffff:127.0.0.1 - - [23/Mar/2026:19:51:36 +0000] "POST /api/notebooks/69c199c8ad452645369b114e/comments HTTP/1.1" 400 2638 "-" "-"',
  level: 'info',
  service: 'sync-not-net-api',
  timestamp: '2026-03-24 01:21:36'
}
{
  message: 'User logged in: user-1774295496523-xwciyz@example.com',
  level: 'info',
  service: 'sync-not-net-api',
  timestamp: '2026-03-24 01:21:36'
}
{
  message: '::ffff:127.0.0.1 - - [23/Mar/2026:19:51:36 +0000] "POST /api/users/login HTTP/1.1" 200 445 "-" "-"',
  level: 'info',
  service: 'sync-not-net-api',
  timestamp: '2026-03-24 01:21:36'
}
{
  message: '::ffff:127.0.0.1 - - [23/Mar/2026:19:51:36 +0000] "POST /api/notebooks/69c199c8ad452645369b1156/comments HTTP/1.1" 201 573 "-" "-"',
  level: 'info',
  service: 'sync-not-net-api',
  timestamp: '2026-03-24 01:21:36'
}
{
  message: 'User logged in: user-1774295496817-w6bjqt@example.com',
  level: 'info',
  service: 'sync-not-net-api',
  timestamp: '2026-03-24 01:21:37'
}
{
  message: '::ffff:127.0.0.1 - - [23/Mar/2026:19:51:37 +0000] "POST /api/users/login HTTP/1.1" 200 445 "-" "-"',
  level: 'info',
  service: 'sync-not-net-api',
  timestamp: '2026-03-24 01:21:37'
}
{
  message: '::ffff:127.0.0.1 - - [23/Mar/2026:19:51:37 +0000] "POST /api/notebooks/69c199c9ad452645369b1162/comments HTTP/1.1" 201 536 "-" "-"',
  level: 'info',
  service: 'sync-not-net-api',
  timestamp: '2026-03-24 01:21:37'
}
{
  message: '::ffff:127.0.0.1 - - [23/Mar/2026:19:51:37 +0000] "POST /api/notebooks/69c199c9ad452645369b1162/comments HTTP/1.1" 201 536 "-" "-"',
  level: 'info',
  service: 'sync-not-net-api',
  timestamp: '2026-03-24 01:21:37'
}
{
  message: '::ffff:127.0.0.1 - - [23/Mar/2026:19:51:37 +0000] "POST /api/notebooks/69c199c9ad452645369b1162/comments HTTP/1.1" 201 536 "-" "-"',
  level: 'info',
  service: 'sync-not-net-api',
  timestamp: '2026-03-24 01:21:37'
}
{
  message: '::ffff:127.0.0.1 - - [23/Mar/2026:19:51:37 +0000] "POST /api/notebooks/69c199c9ad452645369b1162/comments HTTP/1.1" 201 536 "-" "-"',
  level: 'info',
  service: 'sync-not-net-api',
  timestamp: '2026-03-24 01:21:37'
}
{
  message: '::ffff:127.0.0.1 - - [23/Mar/2026:19:51:37 +0000] "POST /api/notebooks/69c199c9ad452645369b1162/comments HTTP/1.1" 201 536 "-" "-"',
  level: 'info',
  service: 'sync-not-net-api',
  timestamp: '2026-03-24 01:21:37'
}
{
  message: 'User logged in: user-1774295497313-mk4jeb@example.com',
  level: 'info',
  service: 'sync-not-net-api',
  timestamp: '2026-03-24 01:21:37'
}
{
  message: '::ffff:127.0.0.1 - - [23/Mar/2026:19:51:37 +0000] "POST /api/users/login HTTP/1.1" 200 445 "-" "-"',
  level: 'info',
  service: 'sync-not-net-api',
  timestamp: '2026-03-24 01:21:37'
}
{
  message: '::ffff:127.0.0.1 - - [23/Mar/2026:19:51:37 +0000] "POST /api/notebooks/69c199c9ad452645369b1183/comments HTTP/1.1" 404 32 "-" "-"',
  level: 'info',
  service: 'sync-not-net-api',
  timestamp: '2026-03-24 01:21:37'
}
{
  message: 'User logged in: user-1774295497581-wa18v9@example.com',
  level: 'info',
  service: 'sync-not-net-api',
  timestamp: '2026-03-24 01:21:37'
}
{
  message: '::ffff:127.0.0.1 - - [23/Mar/2026:19:51:37 +0000] "POST /api/users/login HTTP/1.1" 200 445 "-" "-"',
  level: 'info',
  service: 'sync-not-net-api',
  timestamp: '2026-03-24 01:21:37'
}
{
  message: '::ffff:127.0.0.1 - - [23/Mar/2026:19:51:37 +0000] "POST /api/notebooks/69c199c9ad452645369b118b/comments HTTP/1.1" 404 38 "-" "-"',
  level: 'info',
  service: 'sync-not-net-api',
  timestamp: '2026-03-24 01:21:37'
}
{
  message: 'User logged in: user-1774295497880-yocnw0@example.com',
  level: 'info',
  service: 'sync-not-net-api',
  timestamp: '2026-03-24 01:21:38'
}
{
  message: '::ffff:127.0.0.1 - - [23/Mar/2026:19:51:38 +0000] "POST /api/users/login HTTP/1.1" 200 445 "-" "-"',
  level: 'info',
  service: 'sync-not-net-api',
  timestamp: '2026-03-24 01:21:38'
}
{
  message: '::ffff:127.0.0.1 - - [23/Mar/2026:19:51:38 +0000] "POST /api/notebooks/69c199caad452645369b1196/comments HTTP/1.1" 201 540 "-" "-"',
  level: 'info',
  service: 'sync-not-net-api',
  timestamp: '2026-03-24 01:21:38'
}
{
  message: '::ffff:127.0.0.1 - - [23/Mar/2026:19:51:38 +0000] "PUT /api/notebooks/69c199caad452645369b1198/comments/69c199caad452645369b119c HTTP/1.1" 400 54 "-" "-"',
  level: 'info',
  service: 'sync-not-net-api',
  timestamp: '2026-03-24 01:21:38'
}
{
  message: 'Running without Redis in development mode',
  level: 'info',
  service: 'sync-not-net-api',
  timestamp: '2026-03-24 01:21:38'
}
{
  message: 'MongoDB Connected successfully',
  level: 'info',
  service: 'sync-not-net-api',
  timestamp: '2026-03-24 01:21:38'
}
{
  message: 'User logged in: user-1774295498973-ikoszc@example.com',
  level: 'info',
  service: 'sync-not-net-api',
  timestamp: '2026-03-24 01:21:39'
}
{
  message: '::ffff:127.0.0.1 - - [23/Mar/2026:19:51:39 +0000] "POST /api/users/login HTTP/1.1" 200 445 "-" "-"',
  level: 'info',
  service: 'sync-not-net-api',
  timestamp: '2026-03-24 01:21:39'
}
{
  message: '::ffff:127.0.0.1 - - [23/Mar/2026:19:51:39 +0000] "GET /api/notebooks/notebook-1774295499221-euahmt HTTP/1.1" 200 501 "-" "-"',
  level: 'info',
  service: 'sync-not-net-api',
  timestamp: '2026-03-24 01:21:39'
}
{
  message: 'User logged in: user-1774295499348-3i9yv4@example.com',
  level: 'info',
  service: 'sync-not-net-api',
  timestamp: '2026-03-24 01:21:39'
}
{
  message: '::ffff:127.0.0.1 - - [23/Mar/2026:19:51:39 +0000] "POST /api/users/login HTTP/1.1" 200 445 "-" "-"',
  level: 'info',
  service: 'sync-not-net-api',
  timestamp: '2026-03-24 01:21:39'
}
{
  message: '::ffff:127.0.0.1 - - [23/Mar/2026:19:51:39 +0000] "GET /api/notebooks/notebook-1774295499576-kwp6ve HTTP/1.1" 200 273 "-" "-"',
  level: 'info',
  service: 'sync-not-net-api',
  timestamp: '2026-03-24 01:21:39'
}
{
  message: 'User logged in: user-1774295499616-18713s@example.com',
  level: 'info',
  service: 'sync-not-net-api',
  timestamp: '2026-03-24 01:21:39'
}
{
  message: '::ffff:127.0.0.1 - - [23/Mar/2026:19:51:39 +0000] "POST /api/users/login HTTP/1.1" 200 445 "-" "-"',
  level: 'info',
  service: 'sync-not-net-api',
  timestamp: '2026-03-24 01:21:39'
}
{
  message: 'User logged in: user-1774295499853-z0f2do@example.com',
  level: 'info',
  service: 'sync-not-net-api',
  timestamp: '2026-03-24 01:21:40'
}
{
  message: '::ffff:127.0.0.1 - - [23/Mar/2026:19:51:40 +0000] "POST /api/users/login HTTP/1.1" 200 445 "-" "-"',
  level: 'info',
  service: 'sync-not-net-api',
  timestamp: '2026-03-24 01:21:40'
}
{
  message: '::ffff:127.0.0.1 - - [23/Mar/2026:19:51:40 +0000] "GET /api/notebooks/notebook-1774295500092-4vz3ga HTTP/1.1" 403 87 "-" "-"',
  level: 'info',
  service: 'sync-not-net-api',
  timestamp: '2026-03-24 01:21:40'
}
{
  message: 'User logged in: user-1774295500147-mh1h93@example.com',
  level: 'info',
  service: 'sync-not-net-api',
  timestamp: '2026-03-24 01:21:40'
}
{
  message: '::ffff:127.0.0.1 - - [23/Mar/2026:19:51:40 +0000] "POST /api/users/login HTTP/1.1" 200 445 "-" "-"',
  level: 'info',
  service: 'sync-not-net-api',
  timestamp: '2026-03-24 01:21:40'
}
{
  message: 'User logged in: user-1774295500373-hl4x0u@example.com',
  level: 'info',
  service: 'sync-not-net-api',
  timestamp: '2026-03-24 01:21:40'
}
{
  message: '::ffff:127.0.0.1 - - [23/Mar/2026:19:51:40 +0000] "POST /api/users/login HTTP/1.1" 200 445 "-" "-"',
  level: 'info',
  service: 'sync-not-net-api',
  timestamp: '2026-03-24 01:21:40'
}
{
  message: '::ffff:127.0.0.1 - - [23/Mar/2026:19:51:40 +0000] "GET /api/notebooks/notebook-1774295500613-e9o8yg HTTP/1.1" 403 87 "-" "-"',
  level: 'info',
  service: 'sync-not-net-api',
  timestamp: '2026-03-24 01:21:40'
}
{
  message: 'User logged in: user-1774295500698-vzip7d@example.com',
  level: 'info',
  service: 'sync-not-net-api',
  timestamp: '2026-03-24 01:21:40'
}
{
  message: '::ffff:127.0.0.1 - - [23/Mar/2026:19:51:40 +0000] "POST /api/users/login HTTP/1.1" 200 445 "-" "-"',
  level: 'info',
  service: 'sync-not-net-api',
  timestamp: '2026-03-24 01:21:40'
}
{
  message: '::ffff:127.0.0.1 - - [23/Mar/2026:19:51:40 +0000] "GET /api/notebooks/non-existent-notebook HTTP/1.1" 404 100 "-" "-"',
  level: 'info',
  service: 'sync-not-net-api',
  timestamp: '2026-03-24 01:21:40'
}
{
  message: 'User logged in: user-1774295500957-tpdp7k@example.com',
  level: 'info',
  service: 'sync-not-net-api',
  timestamp: '2026-03-24 01:21:41'
}
{
  message: '::ffff:127.0.0.1 - - [23/Mar/2026:19:51:41 +0000] "POST /api/users/login HTTP/1.1" 200 445 "-" "-"',
  level: 'info',
  service: 'sync-not-net-api',
  timestamp: '2026-03-24 01:21:41'
}
{
  message: '::ffff:127.0.0.1 - - [23/Mar/2026:19:51:41 +0000] "GET /api/notebooks/notebook-1774295501183-a8qda4 HTTP/1.1" 200 273 "-" "-"',
  level: 'info',
  service: 'sync-not-net-api',
  timestamp: '2026-03-24 01:21:41'
}
{
  message: 'Running without Redis in development mode',
  level: 'info',
  service: 'sync-not-net-api',
  timestamp: '2026-03-24 01:21:41'
}
{
  message: 'MongoDB Connected successfully',
  level: 'info',
  service: 'sync-not-net-api',
  timestamp: '2026-03-24 01:21:41'
}
{
  message: 'User logged in: owner-1774295502029-3x10ur@example.com',
  level: 'info',
  service: 'sync-not-net-api',
  timestamp: '2026-03-24 01:21:42'
}
{
  message: '::ffff:127.0.0.1 - - [23/Mar/2026:19:51:42 +0000] "POST /api/users/login HTTP/1.1" 200 448 "-" "-"',
  level: 'info',
  service: 'sync-not-net-api',
  timestamp: '2026-03-24 01:21:42'
}
{
  message: '::ffff:127.0.0.1 - - [23/Mar/2026:19:51:42 +0000] "GET /api/notebooks/69c199ce4da81c5e7baf80c1/versions/69c199ce4da81c5e7baf80c3 HTTP/1.1" 200 187 "-" "-"',
  level: 'info',
  service: 'sync-not-net-api',
  timestamp: '2026-03-24 01:21:42'
}
{
  message: 'User logged in: collab-1774295502357-11am7x@example.com',
  level: 'info',
  service: 'sync-not-net-api',
  timestamp: '2026-03-24 01:21:42'
}
{
  message: '::ffff:127.0.0.1 - - [23/Mar/2026:19:51:42 +0000] "POST /api/users/login HTTP/1.1" 200 458 "-" "-"',
  level: 'info',
  service: 'sync-not-net-api',
  timestamp: '2026-03-24 01:21:42'
}
{
  message: '::ffff:127.0.0.1 - - [23/Mar/2026:19:51:42 +0000] "GET /api/notebooks/69c199ce4da81c5e7baf80d1/versions/69c199ce4da81c5e7baf80d4 HTTP/1.1" 200 197 "-" "-"',
  level: 'info',
  service: 'sync-not-net-api',
  timestamp: '2026-03-24 01:21:42'
}
{
  message: 'User logged in: collab-1774295502798-pv94jb@example.com',
  level: 'info',
  service: 'sync-not-net-api',
  timestamp: '2026-03-24 01:21:43'
}
{
  message: '::ffff:127.0.0.1 - - [23/Mar/2026:19:51:43 +0000] "POST /api/users/login HTTP/1.1" 200 458 "-" "-"',
  level: 'info',
  service: 'sync-not-net-api',
  timestamp: '2026-03-24 01:21:43'
}
{
  message: 'User logged in: owner-1774295502798-zqqn0v@example.com',
  level: 'info',
  service: 'sync-not-net-api',
  timestamp: '2026-03-24 01:21:43'
}
{
  message: '::ffff:127.0.0.1 - - [23/Mar/2026:19:51:43 +0000] "POST /api/users/login HTTP/1.1" 200 448 "-" "-"',
  level: 'info',
  service: 'sync-not-net-api',
  timestamp: '2026-03-24 01:21:43'
}
{
  message: '::ffff:127.0.0.1 - - [23/Mar/2026:19:51:43 +0000] "POST /api/notebooks/69c199cf4da81c5e7baf80e3/versions/69c199cf4da81c5e7baf80e6/restore HTTP/1.1" 403 78 "-" "-"',
  level: 'info',
  service: 'sync-not-net-api',
  timestamp: '2026-03-24 01:21:43'
}
{
  message: '::ffff:127.0.0.1 - - [23/Mar/2026:19:51:43 +0000] "POST /api/notebooks/69c199cf4da81c5e7baf80e3/versions/69c199cf4da81c5e7baf80e6/restore HTTP/1.1" 200 75 "-" "-"',
  level: 'info',
  service: 'sync-not-net-api',
  timestamp: '2026-03-24 01:21:43'
}
{
  message: 'Running without Redis in development mode',
  level: 'info',
  service: 'sync-not-net-api',
  timestamp: '2026-03-24 01:21:44'
}
{
  message: 'MongoDB Connected successfully',
  level: 'info',
  service: 'sync-not-net-api',
  timestamp: '2026-03-24 01:21:44'
}
{
  message: 'New user registered: test-1774295504161-tf1jdc@example.com',
  level: 'info',
  service: 'sync-not-net-api',
  timestamp: '2026-03-24 01:21:44'
}
{
  message: '::ffff:127.0.0.1 - - [23/Mar/2026:19:51:44 +0000] "POST /api/users/register HTTP/1.1" 201 433 "-" "-"',
  level: 'info',
  service: 'sync-not-net-api',
  timestamp: '2026-03-24 01:21:44'
}
{
  message: 'New user registered: test-1774295504324-ie8nep@example.com',
  level: 'info',
  service: 'sync-not-net-api',
  timestamp: '2026-03-24 01:21:44'
}
{
  message: '::ffff:127.0.0.1 - - [23/Mar/2026:19:51:44 +0000] "POST /api/users/register HTTP/1.1" 201 433 "-" "-"',
  level: 'info',
  service: 'sync-not-net-api',
  timestamp: '2026-03-24 01:21:44'
}
{
  message: '::ffff:127.0.0.1 - - [23/Mar/2026:19:51:44 +0000] "POST /api/users/register HTTP/1.1" 409 85 "-" "-"',
  level: 'info',
  service: 'sync-not-net-api',
  timestamp: '2026-03-24 01:21:44'
}
{
  message: 'User logged in: test-1774295504504-fxglvd@example.com',
  level: 'info',
  service: 'sync-not-net-api',
  timestamp: '2026-03-24 01:21:44'
}
{
  message: '::ffff:127.0.0.1 - - [23/Mar/2026:19:51:44 +0000] "POST /api/users/login HTTP/1.1" 200 445 "-" "-"',
  level: 'info',
  service: 'sync-not-net-api',
  timestamp: '2026-03-24 01:21:44'
}
{
  message: 'Failed login attempt for email: test-1774295504743-wntqyk@example.com',
  level: 'warn',
  service: 'sync-not-net-api',
  timestamp: '2026-03-24 01:21:44'
}
{
  message: '::ffff:127.0.0.1 - - [23/Mar/2026:19:51:44 +0000] "POST /api/users/login HTTP/1.1" 401 71 "-" "-"',
  level: 'info',
  service: 'sync-not-net-api',
  timestamp: '2026-03-24 01:21:44'
}
{
  message: '::ffff:127.0.0.1 - - [23/Mar/2026:19:51:45 +0000] "GET /api/users/profile HTTP/1.1" 401 55 "-" "-"',
  level: 'info',
  service: 'sync-not-net-api',
  timestamp: '2026-03-24 01:21:45'
}
{
  message: 'User logged in: test-1774295505039-7r2sve@example.com',
  level: 'info',
  service: 'sync-not-net-api',
  timestamp: '2026-03-24 01:21:45'
}
{
  message: '::ffff:127.0.0.1 - - [23/Mar/2026:19:51:45 +0000] "POST /api/users/login HTTP/1.1" 200 445 "-" "-"',
  level: 'info',
  service: 'sync-not-net-api',
  timestamp: '2026-03-24 01:21:45'
}
{
  message: '::ffff:127.0.0.1 - - [23/Mar/2026:19:51:45 +0000] "GET /api/users/profile HTTP/1.1" 200 192 "-" "-"',
  level: 'info',
  service: 'sync-not-net-api',
  timestamp: '2026-03-24 01:21:45'
}
{
  message: 'Running without Redis in development mode',
  level: 'info',
  service: 'sync-not-net-api',
  timestamp: '2026-03-24 01:21:45'
}
{
  message: 'MongoDB Connected successfully',
  level: 'info',
  service: 'sync-not-net-api',
  timestamp: '2026-03-24 01:21:45'
}
{
  message: '::ffff:127.0.0.1 - - [23/Mar/2026:19:51:46 +0000] "GET /api/users/profile HTTP/1.1" 401 55 "-" "-"',
  level: 'info',
  service: 'sync-not-net-api',
  timestamp: '2026-03-24 01:21:46'
}
{
  message: 'User logged in: user-1774295506038-zmo6n4@example.com',
  level: 'info',
  service: 'sync-not-net-api',
  timestamp: '2026-03-24 01:21:46'
}
{
  message: '::ffff:127.0.0.1 - - [23/Mar/2026:19:51:46 +0000] "POST /api/users/login HTTP/1.1" 200 448 "-" "-"',
  level: 'info',
  service: 'sync-not-net-api',
  timestamp: '2026-03-24 01:21:46'
}
{
  message: '::ffff:127.0.0.1 - - [23/Mar/2026:19:51:46 +0000] "GET /api/users/profile HTTP/1.1" 200 195 "-" "-"',
  level: 'info',
  service: 'sync-not-net-api',
  timestamp: '2026-03-24 01:21:46'
}
{
  message: 'User logged in: user-1774295506315-by07yr@example.com',
  level: 'info',
  service: 'sync-not-net-api',
  timestamp: '2026-03-24 01:21:46'
}
{
  message: '::ffff:127.0.0.1 - - [23/Mar/2026:19:51:46 +0000] "POST /api/users/login HTTP/1.1" 200 447 "-" "-"',
  level: 'info',
  service: 'sync-not-net-api',
  timestamp: '2026-03-24 01:21:46'
}
{
  message: '::ffff:127.0.0.1 - - [23/Mar/2026:19:51:46 +0000] "GET /api/users/search?q=a HTTP/1.1" 400 92 "-" "-"',
  level: 'info',
  service: 'sync-not-net-api',
  timestamp: '2026-03-24 01:21:46'
}
{
  message: 'User logged in: user-1774295506582-fbl9tw@example.com',
  level: 'info',
  service: 'sync-not-net-api',
  timestamp: '2026-03-24 01:21:46'
}
{
  message: '::ffff:127.0.0.1 - - [23/Mar/2026:19:51:46 +0000] "POST /api/users/login HTTP/1.1" 200 446 "-" "-"',
  level: 'info',
  service: 'sync-not-net-api',
  timestamp: '2026-03-24 01:21:46'
}
{
  message: '::ffff:127.0.0.1 - - [23/Mar/2026:19:51:46 +0000] "GET /api/users/stats HTTP/1.1" 200 134 "-" "-"',
  level: 'info',
  service: 'sync-not-net-api',
  timestamp: '2026-03-24 01:21:46'
}
{
  message: 'Running without Redis in development mode',
  level: 'info',
  service: 'sync-not-net-api',
  timestamp: '2026-03-24 01:21:47'
}
{
  message: 'MongoDB Connected successfully',
  level: 'info',
  service: 'sync-not-net-api',
  timestamp: '2026-03-24 01:21:47'
}
{
  message: 'Running without Redis in development mode',
  level: 'info',
  service: 'sync-not-net-api',
  timestamp: '2026-03-24 01:21:48'
}
{
  message: 'MongoDB Connected successfully',
  level: 'info',
  service: 'sync-not-net-api',
  timestamp: '2026-03-24 01:21:48'
}
{
  message: '::ffff:127.0.0.1 - - [23/Mar/2026:19:51:48 +0000] "GET /health HTTP/1.1" 200 95 "-" "-"',
  level: 'info',
  service: 'sync-not-net-api',
  timestamp: '2026-03-24 01:21:48'
}
{
  message: '::ffff:127.0.0.1 - - [23/Mar/2026:19:51:48 +0000] "GET /non-existent-route HTTP/1.1" 404 76 "-" "-"',
  level: 'info',
  service: 'sync-not-net-api',
  timestamp: '2026-03-24 01:21:48'
}
{
  message: '::1 - - [23/Mar/2026:19:54:21 +0000] "GET /api/notebooks HTTP/1.1" 200 7909 "http://localhost:3000/" "Mozilla/5.0 (Windows NT 10.0; Win64; x64) AppleWebKit/537.36 (KHTML, like Gecko) Chrome/146.0.0.0 Safari/537.36"',
  level: 'info',
  service: 'sync-not-net-api',
  timestamp: '2026-03-24 01:24:21'
}
{
  message: 'User Beta tester connected with socket QTkQnGGm_5buzsnIAAAD',
  level: 'info',
  service: 'sync-not-net-api',
  timestamp: '2026-03-24 01:27:57'
}
{
  message: '::1 - - [23/Mar/2026:19:57:57 +0000] "GET /api/notebooks/guest-test-notebook HTTP/1.1" 200 542 "http://localhost:3000/" "Mozilla/5.0 (Windows NT 10.0; Win64; x64) AppleWebKit/537.36 (KHTML, like Gecko) Chrome/146.0.0.0 Safari/537.36"',
  level: 'info',
  service: 'sync-not-net-api',
  timestamp: '2026-03-24 01:27:57'
}
{
  message: 'User Beta tester (editor) joined notebook 686ed160da4be5305aacf79e',
  level: 'info',
  service: 'sync-not-net-api',
  timestamp: '2026-03-24 01:27:57'
}
{
  message: '::1 - - [23/Mar/2026:19:58:02 +0000] "GET /api/notebooks HTTP/1.1" 200 7909 "http://localhost:3000/" "Mozilla/5.0 (Windows NT 10.0; Win64; x64) AppleWebKit/537.36 (KHTML, like Gecko) Chrome/146.0.0.0 Safari/537.36"',
  level: 'info',
  service: 'sync-not-net-api',
  timestamp: '2026-03-24 01:28:02'
}
{
  message: '::1 - - [23/Mar/2026:19:58:05 +0000] "GET /api/notebooks/password-test-notebook HTTP/1.1" 200 274 "http://localhost:3000/" "Mozilla/5.0 (Windows NT 10.0; Win64; x64) AppleWebKit/537.36 (KHTML, like Gecko) Chrome/146.0.0.0 Safari/537.36"',
  level: 'info',
  service: 'sync-not-net-api',
  timestamp: '2026-03-24 01:28:05'
}
{
  message: '::1 - - [23/Mar/2026:19:59:02 +0000] "GET /api/notebooks HTTP/1.1" 200 7909 "http://localhost:3000/" "Mozilla/5.0 (Windows NT 10.0; Win64; x64) AppleWebKit/537.36 (KHTML, like Gecko) Chrome/146.0.0.0 Safari/537.36"',
  level: 'info',
  service: 'sync-not-net-api',
  timestamp: '2026-03-24 01:29:02'
}
{
  message: '::1 - - [23/Mar/2026:19:59:12 +0000] "GET /api/notebooks/my-my-note-0098 HTTP/1.1" 304 - "http://localhost:3000/" "Mozilla/5.0 (Windows NT 10.0; Win64; x64) AppleWebKit/537.36 (KHTML, like Gecko) Chrome/146.0.0.0 Safari/537.36"',
  level: 'info',
  service: 'sync-not-net-api',
  timestamp: '2026-03-24 01:29:12'
}
{
  message: '::1 - - [23/Mar/2026:19:59:21 +0000] "GET /api/notebooks HTTP/1.1" 200 7909 "http://localhost:3000/" "Mozilla/5.0 (Windows NT 10.0; Win64; x64) AppleWebKit/537.36 (KHTML, like Gecko) Chrome/146.0.0.0 Safari/537.36"',
  level: 'info',
  service: 'sync-not-net-api',
  timestamp: '2026-03-24 01:29:21'
}
{
  message: 'User Beta tester disconnected from notebook 686ed160da4be5305aacf79e. Reason: transport close',
  level: 'info',
  service: 'sync-not-net-api',
  timestamp: '2026-03-24 01:29:32'
}
{
  message: 'User Anonymous connected with socket 5WmKYUPQPIRg_99rAAAF',
  level: 'info',
  service: 'sync-not-net-api',
  timestamp: '2026-03-24 01:29:33'
}
{
  message: '::1 - - [23/Mar/2026:19:59:33 +0000] "GET /api/notebooks HTTP/1.1" 200 7909 "http://localhost:3000/" "Mozilla/5.0 (Windows NT 10.0; Win64; x64) AppleWebKit/537.36 (KHTML, like Gecko) Chrome/146.0.0.0 Safari/537.36"',
  level: 'info',
  service: 'sync-not-net-api',
  timestamp: '2026-03-24 01:29:33'
}
{
  message: 'User Beta tester connected with socket c-7m8fBbSQft5jC6AAAH',
  level: 'info',
  service: 'sync-not-net-api',
  timestamp: '2026-03-24 01:29:39'
}
{
  message: '::1 - - [23/Mar/2026:19:59:39 +0000] "GET /api/notebooks/MY-007 HTTP/1.1" 304 - "http://localhost:3000/" "Mozilla/5.0 (Windows NT 10.0; Win64; x64) AppleWebKit/537.36 (KHTML, like Gecko) Chrome/146.0.0.0 Safari/537.36"',
  level: 'info',
  service: 'sync-not-net-api',
  timestamp: '2026-03-24 01:29:39'
}
{
  message: 'User Beta tester (editor) joined notebook 686e99e1214549e06a966634',
  level: 'info',
  service: 'sync-not-net-api',
  timestamp: '2026-03-24 01:29:39'
}
{
  message: '::1 - - [23/Mar/2026:19:59:44 +0000] "GET /api/notebooks HTTP/1.1" 200 7909 "http://localhost:3000/" "Mozilla/5.0 (Windows NT 10.0; Win64; x64) AppleWebKit/537.36 (KHTML, like Gecko) Chrome/146.0.0.0 Safari/537.36"',
  level: 'info',
  service: 'sync-not-net-api',
  timestamp: '2026-03-24 01:29:44'
}
{
  message: '::1 - - [23/Mar/2026:20:00:04 +0000] "GET /api/notebooks HTTP/1.1" 200 7909 "http://localhost:3000/" "Mozilla/5.0 (Windows NT 10.0; Win64; x64) AppleWebKit/537.36 (KHTML, like Gecko) Chrome/146.0.0.0 Safari/537.36"',
  level: 'info',
  service: 'sync-not-net-api',
  timestamp: '2026-03-24 01:30:04'
}
{
  message: 'New notebook created: Untitled Notebook by user beta@gmail.com',
  level: 'info',
  service: 'sync-not-net-api',
  timestamp: '2026-03-24 01:30:11'
}
{
  message: '::1 - - [23/Mar/2026:20:00:11 +0000] "POST /api/notebooks HTTP/1.1" 201 330 "http://localhost:3000/" "Mozilla/5.0 (Windows NT 10.0; Win64; x64) AppleWebKit/537.36 (KHTML, like Gecko) Chrome/146.0.0.0 Safari/537.36"',
  level: 'info',
  service: 'sync-not-net-api',
  timestamp: '2026-03-24 01:30:11'
}
{
  message: '::1 - - [23/Mar/2026:20:00:11 +0000] "GET /api/notebooks/607883ba6cf86e70 HTTP/1.1" 200 475 "http://localhost:3000/" "Mozilla/5.0 (Windows NT 10.0; Win64; x64) AppleWebKit/537.36 (KHTML, like Gecko) Chrome/146.0.0.0 Safari/537.36"',
  level: 'info',
  service: 'sync-not-net-api',
  timestamp: '2026-03-24 01:30:11'
}
{
  message: 'User Beta tester (editor) joined notebook 69c19bcb2889ba990eab2a00',
  level: 'info',
  service: 'sync-not-net-api',
  timestamp: '2026-03-24 01:30:11'
}
{
  message: '::1 - - [23/Mar/2026:20:00:26 +0000] "PUT /api/notebooks/69c19bcb2889ba990eab2a00 HTTP/1.1" 200 526 "http://localhost:3000/" "Mozilla/5.0 (Windows NT 10.0; Win64; x64) AppleWebKit/537.36 (KHTML, like Gecko) Chrome/146.0.0.0 Safari/537.36"',
  level: 'info',
  service: 'sync-not-net-api',
  timestamp: '2026-03-24 01:30:26'
}
{
  message: '::1 - - [23/Mar/2026:20:00:40 +0000] "PUT /api/notebooks/69c19bcb2889ba990eab2a00 HTTP/1.1" 200 520 "http://localhost:3000/" "Mozilla/5.0 (Windows NT 10.0; Win64; x64) AppleWebKit/537.36 (KHTML, like Gecko) Chrome/146.0.0.0 Safari/537.36"',
  level: 'info',
  service: 'sync-not-net-api',
  timestamp: '2026-03-24 01:30:40'
}
{
  message: '::1 - - [23/Mar/2026:20:00:43 +0000] "GET /api/users/profile HTTP/1.1" 304 - "http://localhost:3000/" "Mozilla/5.0 (Windows NT 10.0; Win64; x64) AppleWebKit/537.36 (KHTML, like Gecko) Chrome/146.0.0.0 Safari/537.36"',
  level: 'info',
  service: 'sync-not-net-api',
  timestamp: '2026-03-24 01:30:43'
}
{
  message: '::1 - - [23/Mar/2026:20:00:43 +0000] "GET /api/notebooks/69c19bcb2889ba990eab2a00/comments HTTP/1.1" 200 75 "http://localhost:3000/" "Mozilla/5.0 (Windows NT 10.0; Win64; x64) AppleWebKit/537.36 (KHTML, like Gecko) Chrome/146.0.0.0 Safari/537.36"',
  level: 'info',
  service: 'sync-not-net-api',
  timestamp: '2026-03-24 01:30:43'
}
{
  message: '::1 - - [23/Mar/2026:20:01:40 +0000] "GET /api/users/search?q=pri HTTP/1.1" 304 - "http://localhost:3000/" "Mozilla/5.0 (iPhone; CPU iPhone OS 18_5 like Mac OS X) AppleWebKit/605.1.15 (KHTML, like Gecko) Version/18.5 Mobile/15E148 Safari/604.1"',
  level: 'info',
  service: 'sync-not-net-api',
  timestamp: '2026-03-24 01:31:40'
}
{
  message: '::1 - - [23/Mar/2026:20:01:40 +0000] "GET /api/users/search?q=prit HTTP/1.1" 304 - "http://localhost:3000/" "Mozilla/5.0 (iPhone; CPU iPhone OS 18_5 like Mac OS X) AppleWebKit/605.1.15 (KHTML, like Gecko) Version/18.5 Mobile/15E148 Safari/604.1"',
  level: 'info',
  service: 'sync-not-net-api',
  timestamp: '2026-03-24 01:31:40'
}
{
  message: '::1 - - [23/Mar/2026:20:01:42 +0000] "GET /api/users/search?q=pri HTTP/1.1" 304 - "http://localhost:3000/" "Mozilla/5.0 (iPhone; CPU iPhone OS 18_5 like Mac OS X) AppleWebKit/605.1.15 (KHTML, like Gecko) Version/18.5 Mobile/15E148 Safari/604.1"',
  level: 'info',
  service: 'sync-not-net-api',
  timestamp: '2026-03-24 01:31:42'
}
{
  message: '::1 - - [23/Mar/2026:20:01:44 +0000] "GET /api/users/search?q=mee HTTP/1.1" 304 - "http://localhost:3000/" "Mozilla/5.0 (iPhone; CPU iPhone OS 18_5 like Mac OS X) AppleWebKit/605.1.15 (KHTML, like Gecko) Version/18.5 Mobile/15E148 Safari/604.1"',
  level: 'info',
  service: 'sync-not-net-api',
  timestamp: '2026-03-24 01:31:44'
}
{
  message: '::1 - - [23/Mar/2026:20:01:44 +0000] "GET /api/users/search?q=meet HTTP/1.1" 304 - "http://localhost:3000/" "Mozilla/5.0 (iPhone; CPU iPhone OS 18_5 like Mac OS X) AppleWebKit/605.1.15 (KHTML, like Gecko) Version/18.5 Mobile/15E148 Safari/604.1"',
  level: 'info',
  service: 'sync-not-net-api',
  timestamp: '2026-03-24 01:31:44'
}
{
  message: '::1 - - [23/Mar/2026:20:05:29 +0000] "GET /api/notebooks/607883ba6cf86e70 HTTP/1.1" 200 641 "http://localhost:3000/" "Mozilla/5.0 (iPhone; CPU iPhone OS 18_5 like Mac OS X) AppleWebKit/605.1.15 (KHTML, like Gecko) Version/18.5 Mobile/15E148 Safari/604.1"',
  level: 'info',
  service: 'sync-not-net-api',
  timestamp: '2026-03-24 01:35:29'
}
{
  message: 'User Beta tester (editor) joined notebook 69c19bcb2889ba990eab2a00',
  level: 'info',
  service: 'sync-not-net-api',
  timestamp: '2026-03-24 01:35:30'
}
{
  message: '::1 - - [23/Mar/2026:20:06:03 +0000] "GET /api/notebooks/607883ba6cf86e70 HTTP/1.1" 304 - "http://localhost:3000/" "Mozilla/5.0 (iPhone; CPU iPhone OS 18_5 like Mac OS X) AppleWebKit/605.1.15 (KHTML, like Gecko) Version/18.5 Mobile/15E148 Safari/604.1"',
  level: 'info',
  service: 'sync-not-net-api',
  timestamp: '2026-03-24 01:36:03'
}
{
  message: 'User Beta tester (editor) joined notebook 69c19bcb2889ba990eab2a00',
  level: 'info',
  service: 'sync-not-net-api',
  timestamp: '2026-03-24 01:36:03'
}
{
  message: '::1 - - [23/Mar/2026:20:13:53 +0000] "GET /api/users/search?q=pri HTTP/1.1" 304 - "http://localhost:3000/" "Mozilla/5.0 (iPhone; CPU iPhone OS 18_5 like Mac OS X) AppleWebKit/605.1.15 (KHTML, like Gecko) Version/18.5 Mobile/15E148 Safari/604.1"',
  level: 'info',
  service: 'sync-not-net-api',
  timestamp: '2026-03-24 01:43:53'
}
{
  message: '::1 - - [23/Mar/2026:20:13:53 +0000] "GET /api/users/search?q=prit HTTP/1.1" 304 - "http://localhost:3000/" "Mozilla/5.0 (iPhone; CPU iPhone OS 18_5 like Mac OS X) AppleWebKit/605.1.15 (KHTML, like Gecko) Version/18.5 Mobile/15E148 Safari/604.1"',
  level: 'info',
  service: 'sync-not-net-api',
  timestamp: '2026-03-24 01:43:53'
}
{
  message: 'User Beta tester disconnected from notebook 69c19bcb2889ba990eab2a00. Reason: transport close',
  level: 'info',
  service: 'sync-not-net-api',
  timestamp: '2026-03-24 01:44:05'
}
{
  message: 'User Anonymous connected with socket vdUEdsguo7_zAkaHAAAK',
  level: 'info',
  service: 'sync-not-net-api',
  timestamp: '2026-03-24 01:44:09'
}
{
  message: 'User Beta tester connected with socket gFOY0zAKdmsuV8zWAAAL',
  level: 'info',
  service: 'sync-not-net-api',
  timestamp: '2026-03-24 01:44:10'
}
{
  message: '::1 - - [23/Mar/2026:20:14:10 +0000] "GET /api/notebooks/607883ba6cf86e70 HTTP/1.1" 304 - "http://localhost:3000/" "Mozilla/5.0 (iPhone; CPU iPhone OS 18_5 like Mac OS X) AppleWebKit/605.1.15 (KHTML, like Gecko) Version/18.5 Mobile/15E148 Safari/604.1"',
  level: 'info',
  service: 'sync-not-net-api',
  timestamp: '2026-03-24 01:44:10'
}
{
  message: 'User Beta tester (editor) joined notebook 69c19bcb2889ba990eab2a00',
  level: 'info',
  service: 'sync-not-net-api',
  timestamp: '2026-03-24 01:44:10'
}
{
  message: 'Password protection added/updated for notebook 69c19bcb2889ba990eab2a00',
  level: 'info',
  service: 'sync-not-net-api',
  timestamp: '2026-03-24 01:44:41'
}
{
  message: '::1 - - [23/Mar/2026:20:14:42 +0000] "PUT /api/notebooks/69c19bcb2889ba990eab2a00/password HTTP/1.1" 200 133 "http://localhost:3000/" "Mozilla/5.0 (iPhone; CPU iPhone OS 18_5 like Mac OS X) AppleWebKit/605.1.15 (KHTML, like Gecko) Version/18.5 Mobile/15E148 Safari/604.1"',
  level: 'info',
  service: 'sync-not-net-api',
  timestamp: '2026-03-24 01:44:42'
}
{
  message: '::1 - - [23/Mar/2026:20:14:42 +0000] "GET /api/notebooks/607883ba6cf86e70 HTTP/1.1" 200 246 "http://localhost:3000/" "Mozilla/5.0 (iPhone; CPU iPhone OS 18_5 like Mac OS X) AppleWebKit/605.1.15 (KHTML, like Gecko) Version/18.5 Mobile/15E148 Safari/604.1"',
  level: 'info',
  service: 'sync-not-net-api',
  timestamp: '2026-03-24 01:44:42'
}
{
  message: 'User Beta tester disconnected from notebook 69c19bcb2889ba990eab2a00. Reason: transport close',
  level: 'info',
  service: 'sync-not-net-api',
  timestamp: '2026-03-24 01:44:47'
}
{
  message: 'User Anonymous connected with socket Fa8E2s7qr8Q1S6IzAAAP',
  level: 'info',
  service: 'sync-not-net-api',
  timestamp: '2026-03-24 01:44:49'
}
{
  message: 'User Beta tester connected with socket RCo6GX9JRQ0q2aq3AAAO',
  level: 'info',
  service: 'sync-not-net-api',
  timestamp: '2026-03-24 01:44:49'
}
{
  message: '::1 - - [23/Mar/2026:20:14:49 +0000] "GET /api/notebooks/607883ba6cf86e70 HTTP/1.1" 304 - "http://localhost:3000/" "Mozilla/5.0 (iPhone; CPU iPhone OS 18_5 like Mac OS X) AppleWebKit/605.1.15 (KHTML, like Gecko) Version/18.5 Mobile/15E148 Safari/604.1"',
  level: 'info',
  service: 'sync-not-net-api',
  timestamp: '2026-03-24 01:44:49'
}
{
  message: '::1 - - [23/Mar/2026:20:14:58 +0000] "GET /api/notebooks HTTP/1.1" 200 7920 "http://localhost:3000/" "Mozilla/5.0 (iPhone; CPU iPhone OS 18_5 like Mac OS X) AppleWebKit/605.1.15 (KHTML, like Gecko) Version/18.5 Mobile/15E148 Safari/604.1"',
  level: 'info',
  service: 'sync-not-net-api',
  timestamp: '2026-03-24 01:44:58'
}
{
  message: '::1 - - [23/Mar/2026:20:15:00 +0000] "GET /api/notebooks/607883ba6cf86e70 HTTP/1.1" 304 - "http://localhost:3000/" "Mozilla/5.0 (iPhone; CPU iPhone OS 18_5 like Mac OS X) AppleWebKit/605.1.15 (KHTML, like Gecko) Version/18.5 Mobile/15E148 Safari/604.1"',
  level: 'info',
  service: 'sync-not-net-api',
  timestamp: '2026-03-24 01:45:00'
}
{
  message: '::1 - - [23/Mar/2026:20:23:56 +0000] "GET /api/notebooks/607883ba6cf86e70 HTTP/1.1" 500 3660 "http://localhost:3000/" "Mozilla/5.0 (iPhone; CPU iPhone OS 18_5 like Mac OS X) AppleWebKit/605.1.15 (KHTML, like Gecko) Version/18.5 Mobile/15E148 Safari/604.1"',
  level: 'info',
  service: 'sync-not-net-api',
  timestamp: '2026-03-24 01:53:56'
}
{
  message: 'User Anonymous connected with socket _tJPiTc-hvNCuSasAAAT',
  level: 'info',
  service: 'sync-not-net-api',
  timestamp: '2026-03-24 08:22:32'
}
{
  message: 'User Beta tester connected with socket L1c5kS10pA2SvZuEAAAR',
  level: 'info',
  service: 'sync-not-net-api',
  timestamp: '2026-03-24 08:22:33'
}
{
  message: '::1 - - [24/Mar/2026:02:52:33 +0000] "GET /api/notebooks/607883ba6cf86e70 HTTP/1.1" 200 246 "http://localhost:3000/" "Mozilla/5.0 (Windows NT 10.0; Win64; x64) AppleWebKit/537.36 (KHTML, like Gecko) Chrome/146.0.0.0 Safari/537.36"',
  level: 'info',
  service: 'sync-not-net-api',
  timestamp: '2026-03-24 08:22:33'
}
{
  message: '::1 - - [24/Mar/2026:02:52:34 +0000] "GET /api/notebooks/607883ba6cf86e70 HTTP/1.1" 304 - "http://localhost:3000/" "Mozilla/5.0 (Windows NT 10.0; Win64; x64) AppleWebKit/537.36 (KHTML, like Gecko) Chrome/146.0.0.0 Safari/537.36"',
  level: 'info',
  service: 'sync-not-net-api',
  timestamp: '2026-03-24 08:22:34'
}
